2026-08-23 11:51:39 [background-preinit] INFO  o.h.validator.internal.util.Version - HV000001: Hibernate Validator 9.1.0.Final
2026-08-23 11:51:39 [restartedMain] INFO  com.InfoLink.InfoLinkApplication - Starting InfoLinkApplication using Java 26 with PID 7928 (D:\AIB-Projects\InfoLink\BackEnd\target\classes started by New in D:\AIB-Projects\InfoLink)
2026-08-23 11:51:39 [restartedMain] INFO  com.InfoLink.InfoLinkApplication - No active profile set, falling back to 1 default profile: "default"
2026-08-23 11:51:39 [restartedMain] INFO  o.s.b.d.e.DevToolsPropertyDefaultsPostProcessor - Devtools property defaults active! Set 'spring.devtools.add-properties' to 'false' to disable
2026-08-23 11:51:39 [restartedMain] INFO  o.s.b.d.e.DevToolsPropertyDefaultsPostProcessor - For additional web related logging consider setting the 'logging.level.web' property to 'DEBUG'
2026-08-23 11:51:42 [restartedMain] INFO  o.s.d.r.c.RepositoryConfigurationDelegate - Multiple Spring Data modules found, entering strict repository configuration mode
2026-08-23 11:51:42 [restartedMain] INFO  o.s.d.r.c.RepositoryConfigurationDelegate - Bootstrapping Spring Data JPA repositories in DEFAULT mode.
2026-08-23 11:51:42 [restartedMain] INFO  o.s.d.r.c.RepositoryConfigurationDelegate - Finished Spring Data repository scanning in 141 ms. Found 5 JPA repository interfaces.
2026-08-23 11:51:43 [restartedMain] INFO  o.s.d.r.c.RepositoryConfigurationDelegate - Multiple Spring Data modules found, entering strict repository configuration mode
2026-08-23 11:51:43 [restartedMain] INFO  o.s.d.r.c.RepositoryConfigurationDelegate - Bootstrapping Spring Data MongoDB repositories in DEFAULT mode.
2026-08-23 11:51:43 [restartedMain] INFO  o.s.d.r.c.RepositoryConfigurationExtensionSupport - Spring Data MongoDB - Could not safely identify store assignment for repository candidate interface com.InfoLink.repository.GroupRepository; If you want this repository to be a MongoDB repository, consider annotating your entities with one of these annotations: org.springframework.data.mongodb.core.mapping.Document (preferred), or consider extending one of the following types with your repository: org.springframework.data.mongodb.repository.MongoRepository
2026-08-23 11:51:43 [restartedMain] INFO  o.s.d.r.c.RepositoryConfigurationExtensionSupport - Spring Data MongoDB - Could not safely identify store assignment for repository candidate interface com.InfoLink.repository.GroupsCollectionsRepository; If you want this repository to be a MongoDB repository, consider annotating your entities with one of these annotations: org.springframework.data.mongodb.core.mapping.Document (preferred), or consider extending one of the following types with your repository: org.springframework.data.mongodb.repository.MongoRepository
2026-08-23 11:51:43 [restartedMain] INFO  o.s.d.r.c.RepositoryConfigurationExtensionSupport - Spring Data MongoDB - Could not safely identify store assignment for repository candidate interface com.InfoLink.repository.LogRepository; If you want this repository to be a MongoDB repository, consider annotating your entities with one of these annotations: org.springframework.data.mongodb.core.mapping.Document (preferred), or consider extending one of the following types with your repository: org.springframework.data.mongodb.repository.MongoRepository
2026-08-23 11:51:43 [restartedMain] INFO  o.s.d.r.c.RepositoryConfigurationExtensionSupport - Spring Data MongoDB - Could not safely identify store assignment for repository candidate interface com.InfoLink.repository.RefreshTokenRepository; If you want this repository to be a MongoDB repository, consider annotating your entities with one of these annotations: org.springframework.data.mongodb.core.mapping.Document (preferred), or consider extending one of the following types with your repository: org.springframework.data.mongodb.repository.MongoRepository
2026-08-23 11:51:43 [restartedMain] INFO  o.s.d.r.c.RepositoryConfigurationExtensionSupport - Spring Data MongoDB - Could not safely identify store assignment for repository candidate interface com.InfoLink.repository.UserRepository; If you want this repository to be a MongoDB repository, consider annotating your entities with one of these annotations: org.springframework.data.mongodb.core.mapping.Document (preferred), or consider extending one of the following types with your repository: org.springframework.data.mongodb.repository.MongoRepository
2026-08-23 11:51:43 [restartedMain] INFO  o.s.d.r.c.RepositoryConfigurationDelegate - Finished Spring Data repository scanning in 38 ms. Found 0 MongoDB repository interfaces.
2026-08-23 11:51:44 [restartedMain] INFO  o.s.boot.tomcat.TomcatWebServer - Tomcat initialized with port 8080 (http)
2026-08-23 11:51:44 [restartedMain] INFO  o.a.coyote.http11.Http11NioProtocol - Initializing ProtocolHandler ["http-nio-8080"]
2026-08-23 11:51:44 [restartedMain] INFO  o.a.catalina.core.StandardService - Starting service [Tomcat]
2026-08-23 11:51:44 [restartedMain] INFO  o.a.catalina.core.StandardEngine - Starting Servlet engine: [Apache Tomcat/11.0.22]
2026-08-23 11:51:45 [restartedMain] INFO  o.s.b.w.c.s.WebApplicationContextInitializer - Root WebApplicationContext: initialization completed in 5766 ms
2026-08-23 11:51:45 [restartedMain] INFO  com.zaxxer.hikari.HikariDataSource - HikariPool-1 - Starting...
2026-08-23 11:51:47 [restartedMain] INFO  com.zaxxer.hikari.pool.HikariPool - HikariPool-1 - Added connection ConnectionID:1 ClientConnectionId: 4a5dc5ea-e69e-43d6-a680-ccb48e7d4159
2026-08-23 11:51:47 [restartedMain] INFO  com.zaxxer.hikari.HikariDataSource - HikariPool-1 - Start completed.
2026-08-23 11:51:47 [restartedMain] INFO  org.hibernate.orm.jpa - HHH008540: Processing PersistenceUnitInfo [name: default]
2026-08-23 11:51:47 [restartedMain] INFO  org.hibernate.orm.core - HHH000001: Hibernate ORM core version 7.4.1.Final
2026-08-23 11:51:49 [restartedMain] INFO  o.s.o.j.p.SpringPersistenceUnitInfo - No LoadTimeWeaver setup: ignoring JPA class transformer
2026-08-23 11:51:49 [restartedMain] INFO  o.hibernate.orm.connections.pooling - HHH10001005: Database info:
	Database JDBC URL [jdbc:sqlserver://localhost\desktop-sgfhgte\mssqlserver01:1433;connectRetryInterval=10;connectRetryCount=1;maxResultBuffer=-1;sendTemporalDataTypesAsStringForBulkCopy=true;delayLoadingLobs=true;useFmtOnly=false;useBulkCopyForBatchInsert=false;cancelQueryTimeout=-1;sslProtocol=TLS;jaasConfigurationName=SQLJDBCDriver;statementPoolingCacheSize=0;serverPreparedStatementDiscardThreshold=10;enablePrepareOnFirstPreparedStatementCall=false;fips=false;socketTimeout=0;authentication=NotSpecified;authenticationScheme=nativeAuthentication;xopenStates=false;datetimeParameterType=datetime2;sendTimeAsDatetime=true;replication=false;trustStoreType=JKS;trustServerCertificate=true;TransparentNetworkIPResolution=true;iPAddressPreference=IPv4First;serverNameAsACE=false;sendStringParametersAsUnicode=true;selectMethod=direct;responseBuffering=adaptive;queryTimeout=-1;packetSize=8000;multiSubnetFailover=false;loginTimeout=30;lockTimeout=-1;lastUpdateCount=true;prepareMethod=prepexec;encrypt=true;disableStatementPooling=true;databaseName=InfoLink;columnEncryptionSetting=Disabled;applicationName=Microsoft JDBC Driver for SQL Server;applicationIntent=readwrite;]
	Database driver: Microsoft JDBC Driver 12.3 for SQL Server
	Database dialect: SQLServerDialect
	Database version: 17.0
	Default catalog/schema: InfoLink/dbo
	Autocommit mode: undefined/unknown
	Isolation level: READ_COMMITTED [default READ_COMMITTED]
	JDBC fetch size: 128
	Pool: DataSourceConnectionProvider
	Minimum pool size: undefined/unknown
	Maximum pool size: undefined/unknown
2026-08-23 11:51:51 [restartedMain] INFO  org.hibernate.orm.core - HHH000489: No JTA platform available (set 'hibernate.transaction.jta.platform' to enable JTA platform integration)
2026-08-23 11:51:51 [restartedMain] INFO  o.s.o.j.LocalContainerEntityManagerFactoryBean - Initialized JPA EntityManagerFactory for persistence unit 'default'
2026-08-23 11:51:51 [restartedMain] INFO  o.s.d.j.r.q.QueryEnhancerFactories - Hibernate is in classpath; If applicable, HQL parser will be used.
2026-08-23 11:51:52 [restartedMain] INFO  o.s.s.c.a.a.c.InitializeUserDetailsBeanManagerConfigurer$InitializeUserDetailsManagerConfigurer - Global AuthenticationManager configured with UserDetailsService bean with name customUserDetailsService
2026-08-23 11:51:53 [restartedMain] INFO  org.mongodb.driver.client - MongoClient with metadata {"driver": {"name": "mongo-java-driver|spring-boot|sync", "version": "5.8.0"}, "os": {"type": "Windows", "name": "Windows 11", "architecture": "amd64", "version": "10.0"}, "platform": "Java/Oracle Corporation/26+35-2893"} created with settings MongoClientSettings{readPreference=primary, writeConcern=WriteConcern{w=null, wTimeout=null ms, journal=null}, retryWrites=true, retryReads=true, readConcern=ReadConcern{level=null}, credential=MongoCredential{mechanism=null, userName='InfoLink_MongoDB', source='admin', password=<hidden>, mechanismProperties=<hidden>}, transportSettings=null, commandListeners=[], codecRegistry=ProvidersCodecRegistry{codecProviders=[ValueCodecProvider{}, BsonValueCodecProvider{}, DBRefCodecProvider{}, DBObjectCodecProvider{}, DocumentCodecProvider{}, CollectionCodecProvider{}, IterableCodecProvider{}, MapCodecProvider{}, GeoJsonCodecProvider{}, GridFSFileCodecProvider{}, Jsr310CodecProvider{}, JsonObjectCodecProvider{}, BsonCodecProvider{}, com.mongodb.client.model.mql.ExpressionCodecProvider@3c026c85, com.mongodb.Jep395RecordCodecProvider@73a0b6c, com.mongodb.KotlinCodecProvider@47d6f272, EnumCodecProvider{}]}, loggerSettings=LoggerSettings{maxDocumentLength=1000}, clusterSettings={hosts=[127.0.0.1:27017], srvHost=infolink.asvuqjh.mongodb.net, srvServiceName=mongodb, mode=MULTIPLE, requiredClusterType=REPLICA_SET, requiredReplicaSetName='atlas-e4nrak-shard-0', serverSelector='null', clusterListeners='[]', serverSelectionTimeout='30000 ms', localThreshold='15 ms'}, socketSettings=SocketSettings{connectTimeoutMS=10000, readTimeoutMS=0, receiveBufferSize=0, proxySettings=ProxySettings{host=null, port=null, username=null, password=null}}, heartbeatSocketSettings=SocketSettings{connectTimeoutMS=10000, readTimeoutMS=10000, receiveBufferSize=0, proxySettings=ProxySettings{host=null, port=null, username=null, password=null}}, connectionPoolSettings=ConnectionPoolSettings{maxSize=100, minSize=0, maxWaitTimeMS=120000, maxConnectionLifeTimeMS=0, maxConnectionIdleTimeMS=0, maintenanceInitialDelayMS=0, maintenanceFrequencyMS=60000, connectionPoolListeners=[], maxConnecting=2}, serverSettings=ServerSettings{heartbeatFrequencyMS=10000, minHeartbeatFrequencyMS=500, serverMonitoringMode=AUTO, serverListeners='[]', serverMonitorListeners='[]'}, sslSettings=SslSettings{enabled=true, invalidHostNameAllowed=false, context=null}, applicationName='null', compressorList=[], uuidRepresentation=UNSPECIFIED, serverApi=null, autoEncryptionSettings=null, dnsClient=null, inetAddressResolver=null, contextProvider=null, timeoutMS=null}
2026-08-23 11:51:53 [cluster-ClusterId{value='6a8ab4a9c5a06797d140f122', description='null'}-srv-infolink.asvuqjh.mongodb.net] INFO  org.mongodb.driver.cluster - Adding discovered server ac-lczobyt-shard-00-00.asvuqjh.mongodb.net:27017 to client view of cluster
2026-08-23 11:51:53 [cluster-ClusterId{value='6a8ab4a9c5a06797d140f122', description='null'}-srv-infolink.asvuqjh.mongodb.net] INFO  org.mongodb.driver.cluster - Adding discovered server ac-lczobyt-shard-00-01.asvuqjh.mongodb.net:27017 to client view of cluster
2026-08-23 11:51:53 [cluster-ClusterId{value='6a8ab4a9c5a06797d140f122', description='null'}-srv-infolink.asvuqjh.mongodb.net] INFO  org.mongodb.driver.cluster - Adding discovered server ac-lczobyt-shard-00-02.asvuqjh.mongodb.net:27017 to client view of cluster
2026-08-23 11:51:54 [cluster-6a8ab4a9c5a06797d140f122-ac-lczobyt-shard-00-00.asvuqjh.mongodb.net:27017] INFO  org.mongodb.driver.cluster - Monitor thread successfully connected to server with description ServerDescription{address=ac-lczobyt-shard-00-00.asvuqjh.mongodb.net:27017, type=REPLICA_SET_SECONDARY, cryptd=false, state=CONNECTED, ok=true, minWireVersion=0, maxWireVersion=25, maxDocumentSize=16777216, logicalSessionTimeoutMinutes=30, roundTripTimeNanos=672503200, minRoundTripTimeNanos=0, setName='atlas-e4nrak-shard-0', canonicalAddress=ac-lczobyt-shard-00-00.asvuqjh.mongodb.net:27017, hosts=[ac-lczobyt-shard-00-01.asvuqjh.mongodb.net:27017, ac-lczobyt-shard-00-02.asvuqjh.mongodb.net:27017, ac-lczobyt-shard-00-00.asvuqjh.mongodb.net:27017], passives=[], arbiters=[], primary='ac-lczobyt-shard-00-01.asvuqjh.mongodb.net:27017', tagSet=TagSet{[Tag{name='availabilityZone', value='euc1-az2'}, Tag{name='cacheState', value='READY'}, Tag{name='diskState', value='READY'}, Tag{name='nodeType', value='ELECTABLE'}, Tag{name='provider', value='AWS'}, Tag{name='region', value='EU_CENTRAL_1'}, Tag{name='workloadType', value='OPERATIONAL'}]}, electionId=null, setVersion=439, topologyVersion=TopologyVersion{processId=6a7b65216f65f70e7a6ea947, counter=10}, lastWriteDate=Sun Aug 23 11:51:54 EEST 2026, lastUpdateTimeNanos=7140393917400}
2026-08-23 11:51:54 [cluster-6a8ab4a9c5a06797d140f122-ac-lczobyt-shard-00-02.asvuqjh.mongodb.net:27017] INFO  org.mongodb.driver.cluster - Monitor thread successfully connected to server with description ServerDescription{address=ac-lczobyt-shard-00-02.asvuqjh.mongodb.net:27017, type=REPLICA_SET_SECONDARY, cryptd=false, state=CONNECTED, ok=true, minWireVersion=0, maxWireVersion=25, maxDocumentSize=16777216, logicalSessionTimeoutMinutes=30, roundTripTimeNanos=677688400, minRoundTripTimeNanos=0, setName='atlas-e4nrak-shard-0', canonicalAddress=ac-lczobyt-shard-00-02.asvuqjh.mongodb.net:27017, hosts=[ac-lczobyt-shard-00-01.asvuqjh.mongodb.net:27017, ac-lczobyt-shard-00-02.asvuqjh.mongodb.net:27017, ac-lczobyt-shard-00-00.asvuqjh.mongodb.net:27017], passives=[], arbiters=[], primary='ac-lczobyt-shard-00-01.asvuqjh.mongodb.net:27017', tagSet=TagSet{[Tag{name='availabilityZone', value='euc1-az1'}, Tag{name='cacheState', value='READY'}, Tag{name='diskState', value='READY'}, Tag{name='nodeType', value='ELECTABLE'}, Tag{name='provider', value='AWS'}, Tag{name='region', value='EU_CENTRAL_1'}, Tag{name='workloadType', value='OPERATIONAL'}]}, electionId=null, setVersion=439, topologyVersion=TopologyVersion{processId=6a7b69ff648c4799e74e664f, counter=5}, lastWriteDate=Sun Aug 23 11:51:54 EEST 2026, lastUpdateTimeNanos=7140398832400}
2026-08-23 11:51:54 [cluster-6a8ab4a9c5a06797d140f122-ac-lczobyt-shard-00-01.asvuqjh.mongodb.net:27017] INFO  org.mongodb.driver.cluster - Monitor thread successfully connected to server with description ServerDescription{address=ac-lczobyt-shard-00-01.asvuqjh.mongodb.net:27017, type=REPLICA_SET_PRIMARY, cryptd=false, state=CONNECTED, ok=true, minWireVersion=0, maxWireVersion=25, maxDocumentSize=16777216, logicalSessionTimeoutMinutes=30, roundTripTimeNanos=680905800, minRoundTripTimeNanos=0, setName='atlas-e4nrak-shard-0', canonicalAddress=ac-lczobyt-shard-00-01.asvuqjh.mongodb.net:27017, hosts=[ac-lczobyt-shard-00-01.asvuqjh.mongodb.net:27017, ac-lczobyt-shard-00-02.asvuqjh.mongodb.net:27017, ac-lczobyt-shard-00-00.asvuqjh.mongodb.net:27017], passives=[], arbiters=[], primary='ac-lczobyt-shard-00-01.asvuqjh.mongodb.net:27017', tagSet=TagSet{[Tag{name='availabilityZone', value='euc1-az3'}, Tag{name='cacheState', value='READY'}, Tag{name='diskState', value='READY'}, Tag{name='nodeType', value='ELECTABLE'}, Tag{name='provider', value='AWS'}, Tag{name='region', value='EU_CENTRAL_1'}, Tag{name='workloadType', value='OPERATIONAL'}]}, electionId=7fffffff0000000000000462, setVersion=439, topologyVersion=TopologyVersion{processId=6a7b675525e46ec341e1ae14, counter=10}, lastWriteDate=Sun Aug 23 11:51:54 EEST 2026, lastUpdateTimeNanos=7140399110000}
2026-08-23 11:51:54 [cluster-6a8ab4a9c5a06797d140f122-ac-lczobyt-shard-00-01.asvuqjh.mongodb.net:27017] INFO  org.mongodb.driver.cluster - Discovered replica set primary ac-lczobyt-shard-00-01.asvuqjh.mongodb.net:27017 with max election id 7fffffff0000000000000462 and max set version 439
2026-08-23 11:51:57 [restartedMain] INFO  o.a.coyote.http11.Http11NioProtocol - Starting ProtocolHandler ["http-nio-8080"]
2026-08-23 11:51:57 [restartedMain] INFO  o.s.boot.tomcat.TomcatWebServer - Tomcat started on port 8080 (http) with context path '/'
2026-08-23 11:51:57 [restartedMain] INFO  com.InfoLink.InfoLinkApplication - Started InfoLinkApplication in 19.556 seconds (process running for 21.607)
2026-08-23 11:52:11 [http-nio-8080-exec-1] INFO  o.a.c.c.C.[Tomcat].[localhost].[/] - Initializing Spring DispatcherServlet 'dispatcherServlet'
2026-08-23 11:52:11 [http-nio-8080-exec-1] INFO  o.s.web.servlet.DispatcherServlet - Initializing Servlet 'dispatcherServlet'
2026-08-23 11:52:11 [http-nio-8080-exec-1] INFO  o.s.web.servlet.DispatcherServlet - Completed initialization in 10 ms
2026-08-23 11:52:14 [http-nio-8080-exec-8] INFO  o.s.api.AbstractOpenApiResource - Init duration for springdoc-openapi is: 1229 ms
2026-08-23 11:53:53 [http-nio-8080-exec-7] WARN  o.s.w.s.m.m.a.ExceptionHandlerExceptionResolver - Resolved [org.springframework.security.authentication.BadCredentialsException: Bad credentials]
2026-08-23 11:54:37 [http-nio-8080-exec-1] WARN  org.hibernate.orm.jdbc.error - HHH000247: ErrorCode: 207, SQLState: S0001
2026-08-23 11:54:37 [http-nio-8080-exec-1] WARN  org.hibernate.orm.jdbc.error - Invalid column name 'expiry_date'.
2026-08-23 11:54:37 [http-nio-8080-exec-1] WARN  o.s.w.s.m.m.a.ExceptionHandlerExceptionResolver - Resolved [org.springframework.dao.InvalidDataAccessResourceUsageException: JDBC exception executing SQL [Invalid column name 'expiry_date'.] [select rt1_0.token,rt1_0.expiry_date,rt1_0.last_used,rt1_0.username from refresh_token rt1_0 where rt1_0.token=?]; SQL [select rt1_0.token,rt1_0.expiry_date,rt1_0.last_used,rt1_0.username from refresh_token rt1_0 where rt1_0.token=?]]
2026-08-23 12:01:05 [http-nio-8080-exec-5] WARN  org.hibernate.orm.jdbc.error - HHH000247: ErrorCode: 207, SQLState: S0001
2026-08-23 12:01:05 [http-nio-8080-exec-5] WARN  org.hibernate.orm.jdbc.error - Invalid column name 'expiry_date'.
2026-08-23 12:01:05 [http-nio-8080-exec-5] WARN  o.s.w.s.m.m.a.ExceptionHandlerExceptionResolver - Resolved [org.springframework.dao.InvalidDataAccessResourceUsageException: JDBC exception executing SQL [Invalid column name 'expiry_date'.] [select rt1_0.token,rt1_0.expiry_date,rt1_0.last_used,rt1_0.username from refresh_token rt1_0 where rt1_0.token=?]; SQL [select rt1_0.token,rt1_0.expiry_date,rt1_0.last_used,rt1_0.username from refresh_token rt1_0 where rt1_0.token=?]]
2026-08-23 12:02:29 [File Watcher] INFO  o.s.b.d.a.LocalDevToolsAutoConfiguration$RestartingClassPathChangeChangedEventListener - Restarting due to 1 class path change (0 additions, 0 deletions, 1 modification)
2026-08-23 12:02:29 [Thread-1] INFO  o.s.boot.tomcat.GracefulShutdown - Commencing graceful shutdown. Waiting for active requests to complete
2026-08-23 12:02:29 [tomcat-shutdown] INFO  o.a.coyote.http11.Http11NioProtocol - Pausing ProtocolHandler ["http-nio-8080"]
2026-08-23 12:02:29 [tomcat-shutdown] INFO  o.s.boot.tomcat.GracefulShutdown - Graceful shutdown complete
2026-08-23 12:02:29 [Thread-1] INFO  o.a.coyote.http11.Http11NioProtocol - Stopping ProtocolHandler ["http-nio-8080"]
2026-08-23 12:02:29 [Thread-1] INFO  o.s.o.j.LocalContainerEntityManagerFactoryBean - Closing JPA EntityManagerFactory for persistence unit 'default'
2026-08-23 12:02:29 [Thread-1] INFO  com.zaxxer.hikari.HikariDataSource - HikariPool-1 - Shutdown initiated...
2026-08-23 12:02:29 [Thread-1] INFO  com.zaxxer.hikari.HikariDataSource - HikariPool-1 - Shutdown completed.
2026-08-23 12:02:29 [restartedMain] INFO  com.InfoLink.InfoLinkApplication - Starting InfoLinkApplication using Java 26 with PID 7928 (D:\AIB-Projects\InfoLink\BackEnd\target\classes started by New in D:\AIB-Projects\InfoLink)
2026-08-23 12:02:29 [restartedMain] INFO  com.InfoLink.InfoLinkApplication - No active profile set, falling back to 1 default profile: "default"
2026-08-23 12:02:31 [restartedMain] INFO  o.s.d.r.c.RepositoryConfigurationDelegate - Multiple Spring Data modules found, entering strict repository configuration mode
2026-08-23 12:02:31 [restartedMain] INFO  o.s.d.r.c.RepositoryConfigurationDelegate - Bootstrapping Spring Data JPA repositories in DEFAULT mode.
2026-08-23 12:02:31 [restartedMain] INFO  o.s.d.r.c.RepositoryConfigurationDelegate - Finished Spring Data repository scanning in 146 ms. Found 5 JPA repository interfaces.
2026-08-23 12:02:31 [restartedMain] INFO  o.s.d.r.c.RepositoryConfigurationDelegate - Multiple Spring Data modules found, entering strict repository configuration mode
2026-08-23 12:02:31 [restartedMain] INFO  o.s.d.r.c.RepositoryConfigurationDelegate - Bootstrapping Spring Data MongoDB repositories in DEFAULT mode.
2026-08-23 12:02:31 [restartedMain] INFO  o.s.d.r.c.RepositoryConfigurationExtensionSupport - Spring Data MongoDB - Could not safely identify store assignment for repository candidate interface com.InfoLink.repository.GroupRepository; If you want this repository to be a MongoDB repository, consider annotating your entities with one of these annotations: org.springframework.data.mongodb.core.mapping.Document (preferred), or consider extending one of the following types with your repository: org.springframework.data.mongodb.repository.MongoRepository
2026-08-23 12:02:31 [restartedMain] INFO  o.s.d.r.c.RepositoryConfigurationExtensionSupport - Spring Data MongoDB - Could not safely identify store assignment for repository candidate interface com.InfoLink.repository.GroupsCollectionsRepository; If you want this repository to be a MongoDB repository, consider annotating your entities with one of these annotations: org.springframework.data.mongodb.core.mapping.Document (preferred), or consider extending one of the following types with your repository: org.springframework.data.mongodb.repository.MongoRepository
2026-08-23 12:02:31 [restartedMain] INFO  o.s.d.r.c.RepositoryConfigurationExtensionSupport - Spring Data MongoDB - Could not safely identify store assignment for repository candidate interface com.InfoLink.repository.LogRepository; If you want this repository to be a MongoDB repository, consider annotating your entities with one of these annotations: org.springframework.data.mongodb.core.mapping.Document (preferred), or consider extending one of the following types with your repository: org.springframework.data.mongodb.repository.MongoRepository
2026-08-23 12:02:31 [restartedMain] INFO  o.s.d.r.c.RepositoryConfigurationExtensionSupport - Spring Data MongoDB - Could not safely identify store assignment for repository candidate interface com.InfoLink.repository.RefreshTokenRepository; If you want this repository to be a MongoDB repository, consider annotating your entities with one of these annotations: org.springframework.data.mongodb.core.mapping.Document (preferred), or consider extending one of the following types with your repository: org.springframework.data.mongodb.repository.MongoRepository
2026-08-23 12:02:31 [restartedMain] INFO  o.s.d.r.c.RepositoryConfigurationExtensionSupport - Spring Data MongoDB - Could not safely identify store assignment for repository candidate interface com.InfoLink.repository.UserRepository; If you want this repository to be a MongoDB repository, consider annotating your entities with one of these annotations: org.springframework.data.mongodb.core.mapping.Document (preferred), or consider extending one of the following types with your repository: org.springframework.data.mongodb.repository.MongoRepository
2026-08-23 12:02:31 [restartedMain] INFO  o.s.d.r.c.RepositoryConfigurationDelegate - Finished Spring Data repository scanning in 90 ms. Found 0 MongoDB repository interfaces.
2026-08-23 12:02:32 [restartedMain] INFO  o.s.boot.tomcat.TomcatWebServer - Tomcat initialized with port 8080 (http)
2026-08-23 12:02:32 [restartedMain] INFO  o.a.coyote.http11.Http11NioProtocol - Initializing ProtocolHandler ["http-nio-8080"]
2026-08-23 12:02:32 [restartedMain] INFO  o.a.catalina.core.StandardService - Starting service [Tomcat]
2026-08-23 12:02:32 [restartedMain] INFO  o.a.catalina.core.StandardEngine - Starting Servlet engine: [Apache Tomcat/11.0.22]
2026-08-23 12:02:32 [restartedMain] INFO  o.s.b.w.c.s.WebApplicationContextInitializer - Root WebApplicationContext: initialization completed in 3125 ms
2026-08-23 12:02:32 [restartedMain] INFO  com.zaxxer.hikari.HikariDataSource - HikariPool-2 - Starting...
2026-08-23 12:02:33 [restartedMain] INFO  com.zaxxer.hikari.pool.HikariPool - HikariPool-2 - Added connection ConnectionID:11 ClientConnectionId: 6a97b313-9edc-46cf-8ac8-a628dd672e15
2026-08-23 12:02:33 [restartedMain] INFO  com.zaxxer.hikari.HikariDataSource - HikariPool-2 - Start completed.
2026-08-23 12:02:33 [restartedMain] INFO  org.hibernate.orm.jpa - HHH008540: Processing PersistenceUnitInfo [name: default]
2026-08-23 12:02:33 [restartedMain] INFO  o.s.o.j.p.SpringPersistenceUnitInfo - No LoadTimeWeaver setup: ignoring JPA class transformer
2026-08-23 12:02:33 [restartedMain] INFO  o.hibernate.orm.connections.pooling - HHH10001005: Database info:
	Database JDBC URL [jdbc:sqlserver://localhost\desktop-sgfhgte\mssqlserver01:1433;connectRetryInterval=10;connectRetryCount=1;maxResultBuffer=-1;sendTemporalDataTypesAsStringForBulkCopy=true;delayLoadingLobs=true;useFmtOnly=false;useBulkCopyForBatchInsert=false;cancelQueryTimeout=-1;sslProtocol=TLS;jaasConfigurationName=SQLJDBCDriver;statementPoolingCacheSize=0;serverPreparedStatementDiscardThreshold=10;enablePrepareOnFirstPreparedStatementCall=false;fips=false;socketTimeout=0;authentication=NotSpecified;authenticationScheme=nativeAuthentication;xopenStates=false;datetimeParameterType=datetime2;sendTimeAsDatetime=true;replication=false;trustStoreType=JKS;trustServerCertificate=true;TransparentNetworkIPResolution=true;iPAddressPreference=IPv4First;serverNameAsACE=false;sendStringParametersAsUnicode=true;selectMethod=direct;responseBuffering=adaptive;queryTimeout=-1;packetSize=8000;multiSubnetFailover=false;loginTimeout=30;lockTimeout=-1;lastUpdateCount=true;prepareMethod=prepexec;encrypt=true;disableStatementPooling=true;databaseName=InfoLink;columnEncryptionSetting=Disabled;applicationName=Microsoft JDBC Driver for SQL Server;applicationIntent=readwrite;]
	Database driver: Microsoft JDBC Driver 12.3 for SQL Server
	Database dialect: SQLServerDialect
	Database version: 17.0
	Default catalog/schema: InfoLink/dbo
	Autocommit mode: undefined/unknown
	Isolation level: READ_COMMITTED [default READ_COMMITTED]
	JDBC fetch size: 128
	Pool: DataSourceConnectionProvider
	Minimum pool size: undefined/unknown
	Maximum pool size: undefined/unknown
2026-08-23 12:02:34 [restartedMain] INFO  org.hibernate.orm.core - HHH000489: No JTA platform available (set 'hibernate.transaction.jta.platform' to enable JTA platform integration)
2026-08-23 12:02:34 [restartedMain] INFO  o.s.o.j.LocalContainerEntityManagerFactoryBean - Initialized JPA EntityManagerFactory for persistence unit 'default'
2026-08-23 12:02:34 [restartedMain] INFO  o.s.s.c.a.a.c.InitializeUserDetailsBeanManagerConfigurer$InitializeUserDetailsManagerConfigurer - Global AuthenticationManager configured with UserDetailsService bean with name customUserDetailsService
2026-08-23 12:02:34 [restartedMain] INFO  org.mongodb.driver.client - MongoClient with metadata {"driver": {"name": "mongo-java-driver|spring-boot|sync", "version": "5.8.0"}, "os": {"type": "Windows", "name": "Windows 11", "architecture": "amd64", "version": "10.0"}, "platform": "Java/Oracle Corporation/26+35-2893"} created with settings MongoClientSettings{readPreference=primary, writeConcern=WriteConcern{w=null, wTimeout=null ms, journal=null}, retryWrites=true, retryReads=true, readConcern=ReadConcern{level=null}, credential=MongoCredential{mechanism=null, userName='InfoLink_MongoDB', source='admin', password=<hidden>, mechanismProperties=<hidden>}, transportSettings=null, commandListeners=[], codecRegistry=ProvidersCodecRegistry{codecProviders=[ValueCodecProvider{}, BsonValueCodecProvider{}, DBRefCodecProvider{}, DBObjectCodecProvider{}, DocumentCodecProvider{}, CollectionCodecProvider{}, IterableCodecProvider{}, MapCodecProvider{}, GeoJsonCodecProvider{}, GridFSFileCodecProvider{}, Jsr310CodecProvider{}, JsonObjectCodecProvider{}, BsonCodecProvider{}, com.mongodb.client.model.mql.ExpressionCodecProvider@3c026c85, com.mongodb.Jep395RecordCodecProvider@73a0b6c, com.mongodb.KotlinCodecProvider@47d6f272, EnumCodecProvider{}]}, loggerSettings=LoggerSettings{maxDocumentLength=1000}, clusterSettings={hosts=[127.0.0.1:27017], srvHost=infolink.asvuqjh.mongodb.net, srvServiceName=mongodb, mode=MULTIPLE, requiredClusterType=REPLICA_SET, requiredReplicaSetName='atlas-e4nrak-shard-0', serverSelector='null', clusterListeners='[]', serverSelectionTimeout='30000 ms', localThreshold='15 ms'}, socketSettings=SocketSettings{connectTimeoutMS=10000, readTimeoutMS=0, receiveBufferSize=0, proxySettings=ProxySettings{host=null, port=null, username=null, password=null}}, heartbeatSocketSettings=SocketSettings{connectTimeoutMS=10000, readTimeoutMS=10000, receiveBufferSize=0, proxySettings=ProxySettings{host=null, port=null, username=null, password=null}}, connectionPoolSettings=ConnectionPoolSettings{maxSize=100, minSize=0, maxWaitTimeMS=120000, maxConnectionLifeTimeMS=0, maxConnectionIdleTimeMS=0, maintenanceInitialDelayMS=0, maintenanceFrequencyMS=60000, connectionPoolListeners=[], maxConnecting=2}, serverSettings=ServerSettings{heartbeatFrequencyMS=10000, minHeartbeatFrequencyMS=500, serverMonitoringMode=AUTO, serverListeners='[]', serverMonitorListeners='[]'}, sslSettings=SslSettings{enabled=true, invalidHostNameAllowed=false, context=null}, applicationName='null', compressorList=[], uuidRepresentation=UNSPECIFIED, serverApi=null, autoEncryptionSettings=null, dnsClient=null, inetAddressResolver=null, contextProvider=null, timeoutMS=null}
2026-08-23 12:02:34 [cluster-ClusterId{value='6a8ab72ac5a06797d140f123', description='null'}-srv-infolink.asvuqjh.mongodb.net] INFO  org.mongodb.driver.cluster - Adding discovered server ac-lczobyt-shard-00-00.asvuqjh.mongodb.net:27017 to client view of cluster
2026-08-23 12:02:34 [cluster-ClusterId{value='6a8ab72ac5a06797d140f123', description='null'}-srv-infolink.asvuqjh.mongodb.net] INFO  org.mongodb.driver.cluster - Adding discovered server ac-lczobyt-shard-00-01.asvuqjh.mongodb.net:27017 to client view of cluster
2026-08-23 12:02:34 [cluster-ClusterId{value='6a8ab72ac5a06797d140f123', description='null'}-srv-infolink.asvuqjh.mongodb.net] INFO  org.mongodb.driver.cluster - Adding discovered server ac-lczobyt-shard-00-02.asvuqjh.mongodb.net:27017 to client view of cluster
2026-08-23 12:02:35 [cluster-6a8ab72ac5a06797d140f123-ac-lczobyt-shard-00-02.asvuqjh.mongodb.net:27017] INFO  org.mongodb.driver.cluster - Monitor thread successfully connected to server with description ServerDescription{address=ac-lczobyt-shard-00-02.asvuqjh.mongodb.net:27017, type=REPLICA_SET_SECONDARY, cryptd=false, state=CONNECTED, ok=true, minWireVersion=0, maxWireVersion=25, maxDocumentSize=16777216, logicalSessionTimeoutMinutes=30, roundTripTimeNanos=145277700, minRoundTripTimeNanos=0, setName='atlas-e4nrak-shard-0', canonicalAddress=ac-lczobyt-shard-00-02.asvuqjh.mongodb.net:27017, hosts=[ac-lczobyt-shard-00-01.asvuqjh.mongodb.net:27017, ac-lczobyt-shard-00-02.asvuqjh.mongodb.net:27017, ac-lczobyt-shard-00-00.asvuqjh.mongodb.net:27017], passives=[], arbiters=[], primary='ac-lczobyt-shard-00-01.asvuqjh.mongodb.net:27017', tagSet=TagSet{[Tag{name='availabilityZone', value='euc1-az1'}, Tag{name='cacheState', value='READY'}, Tag{name='diskState', value='READY'}, Tag{name='nodeType', value='ELECTABLE'}, Tag{name='provider', value='AWS'}, Tag{name='region', value='EU_CENTRAL_1'}, Tag{name='workloadType', value='OPERATIONAL'}]}, electionId=null, setVersion=439, topologyVersion=TopologyVersion{processId=6a7b69ff648c4799e74e664f, counter=5}, lastWriteDate=Sun Aug 23 12:02:34 EEST 2026, lastUpdateTimeNanos=7781192740000}
2026-08-23 12:02:35 [cluster-6a8ab72ac5a06797d140f123-ac-lczobyt-shard-00-01.asvuqjh.mongodb.net:27017] INFO  org.mongodb.driver.cluster - Monitor thread successfully connected to server with description ServerDescription{address=ac-lczobyt-shard-00-01.asvuqjh.mongodb.net:27017, type=REPLICA_SET_PRIMARY, cryptd=false, state=CONNECTED, ok=true, minWireVersion=0, maxWireVersion=25, maxDocumentSize=16777216, logicalSessionTimeoutMinutes=30, roundTripTimeNanos=169629800, minRoundTripTimeNanos=0, setName='atlas-e4nrak-shard-0', canonicalAddress=ac-lczobyt-shard-00-01.asvuqjh.mongodb.net:27017, hosts=[ac-lczobyt-shard-00-01.asvuqjh.mongodb.net:27017, ac-lczobyt-shard-00-02.asvuqjh.mongodb.net:27017, ac-lczobyt-shard-00-00.asvuqjh.mongodb.net:27017], passives=[], arbiters=[], primary='ac-lczobyt-shard-00-01.asvuqjh.mongodb.net:27017', tagSet=TagSet{[Tag{name='availabilityZone', value='euc1-az3'}, Tag{name='cacheState', value='READY'}, Tag{name='diskState', value='READY'}, Tag{name='nodeType', value='ELECTABLE'}, Tag{name='provider', value='AWS'}, Tag{name='region', value='EU_CENTRAL_1'}, Tag{name='workloadType', value='OPERATIONAL'}]}, electionId=7fffffff0000000000000462, setVersion=439, topologyVersion=TopologyVersion{processId=6a7b675525e46ec341e1ae14, counter=10}, lastWriteDate=Sun Aug 23 12:02:34 EEST 2026, lastUpdateTimeNanos=7781192740100}
2026-08-23 12:02:35 [cluster-6a8ab72ac5a06797d140f123-ac-lczobyt-shard-00-01.asvuqjh.mongodb.net:27017] INFO  org.mongodb.driver.cluster - Discovered replica set primary ac-lczobyt-shard-00-01.asvuqjh.mongodb.net:27017 with max election id 7fffffff0000000000000462 and max set version 439
2026-08-23 12:02:35 [cluster-6a8ab72ac5a06797d140f123-ac-lczobyt-shard-00-00.asvuqjh.mongodb.net:27017] INFO  org.mongodb.driver.cluster - Monitor thread successfully connected to server with description ServerDescription{address=ac-lczobyt-shard-00-00.asvuqjh.mongodb.net:27017, type=REPLICA_SET_SECONDARY, cryptd=false, state=CONNECTED, ok=true, minWireVersion=0, maxWireVersion=25, maxDocumentSize=16777216, logicalSessionTimeoutMinutes=30, roundTripTimeNanos=213019100, minRoundTripTimeNanos=0, setName='atlas-e4nrak-shard-0', canonicalAddress=ac-lczobyt-shard-00-00.asvuqjh.mongodb.net:27017, hosts=[ac-lczobyt-shard-00-01.asvuqjh.mongodb.net:27017, ac-lczobyt-shard-00-02.asvuqjh.mongodb.net:27017, ac-lczobyt-shard-00-00.asvuqjh.mongodb.net:27017], passives=[], arbiters=[], primary='ac-lczobyt-shard-00-01.asvuqjh.mongodb.net:27017', tagSet=TagSet{[Tag{name='availabilityZone', value='euc1-az2'}, Tag{name='cacheState', value='READY'}, Tag{name='diskState', value='READY'}, Tag{name='nodeType', value='ELECTABLE'}, Tag{name='provider', value='AWS'}, Tag{name='region', value='EU_CENTRAL_1'}, Tag{name='workloadType', value='OPERATIONAL'}]}, electionId=null, setVersion=439, topologyVersion=TopologyVersion{processId=6a7b65216f65f70e7a6ea947, counter=10}, lastWriteDate=Sun Aug 23 12:02:34 EEST 2026, lastUpdateTimeNanos=7781241167700}
2026-08-23 12:02:36 [restartedMain] INFO  o.a.coyote.http11.Http11NioProtocol - Starting ProtocolHandler ["http-nio-8080"]
2026-08-23 12:02:36 [restartedMain] INFO  o.s.boot.tomcat.TomcatWebServer - Tomcat started on port 8080 (http) with context path '/'
2026-08-23 12:02:36 [restartedMain] INFO  com.InfoLink.InfoLinkApplication - Started InfoLinkApplication in 6.693 seconds (process running for 660.294)
2026-08-23 12:02:36 [restartedMain] INFO  o.s.b.d.a.ConditionEvaluationDeltaLoggingListener - Condition evaluation unchanged
2026-08-23 12:02:37 [File Watcher] INFO  o.s.b.d.a.LocalDevToolsAutoConfiguration$RestartingClassPathChangeChangedEventListener - Restarting due to 1 class path change (0 additions, 0 deletions, 1 modification)
2026-08-23 12:02:37 [Thread-5] INFO  o.s.boot.tomcat.GracefulShutdown - Commencing graceful shutdown. Waiting for active requests to complete
2026-08-23 12:02:37 [tomcat-shutdown] INFO  o.a.coyote.http11.Http11NioProtocol - Pausing ProtocolHandler ["http-nio-8080"]
2026-08-23 12:02:37 [tomcat-shutdown] INFO  o.s.boot.tomcat.GracefulShutdown - Graceful shutdown complete
2026-08-23 12:02:37 [Thread-5] INFO  o.a.coyote.http11.Http11NioProtocol - Stopping ProtocolHandler ["http-nio-8080"]
2026-08-23 12:02:37 [Thread-5] INFO  o.s.o.j.LocalContainerEntityManagerFactoryBean - Closing JPA EntityManagerFactory for persistence unit 'default'
2026-08-23 12:02:37 [Thread-5] INFO  com.zaxxer.hikari.HikariDataSource - HikariPool-2 - Shutdown initiated...
2026-08-23 12:02:37 [Thread-5] INFO  com.zaxxer.hikari.HikariDataSource - HikariPool-2 - Shutdown completed.
2026-08-23 12:02:37 [restartedMain] INFO  com.InfoLink.InfoLinkApplication - Starting InfoLinkApplication using Java 26 with PID 7928 (D:\AIB-Projects\InfoLink\BackEnd\target\classes started by New in D:\AIB-Projects\InfoLink)
2026-08-23 12:02:37 [restartedMain] INFO  com.InfoLink.InfoLinkApplication - No active profile set, falling back to 1 default profile: "default"
2026-08-23 12:02:39 [restartedMain] INFO  o.s.d.r.c.RepositoryConfigurationDelegate - Multiple Spring Data modules found, entering strict repository configuration mode
2026-08-23 12:02:39 [restartedMain] INFO  o.s.d.r.c.RepositoryConfigurationDelegate - Bootstrapping Spring Data JPA repositories in DEFAULT mode.
2026-08-23 12:02:39 [restartedMain] INFO  o.s.d.r.c.RepositoryConfigurationDelegate - Finished Spring Data repository scanning in 125 ms. Found 5 JPA repository interfaces.
2026-08-23 12:02:40 [restartedMain] INFO  o.s.d.r.c.RepositoryConfigurationDelegate - Multiple Spring Data modules found, entering strict repository configuration mode
2026-08-23 12:02:40 [restartedMain] INFO  o.s.d.r.c.RepositoryConfigurationDelegate - Bootstrapping Spring Data MongoDB repositories in DEFAULT mode.
2026-08-23 12:02:40 [restartedMain] INFO  o.s.d.r.c.RepositoryConfigurationExtensionSupport - Spring Data MongoDB - Could not safely identify store assignment for repository candidate interface com.InfoLink.repository.GroupRepository; If you want this repository to be a MongoDB repository, consider annotating your entities with one of these annotations: org.springframework.data.mongodb.core.mapping.Document (preferred), or consider extending one of the following types with your repository: org.springframework.data.mongodb.repository.MongoRepository
2026-08-23 12:02:40 [restartedMain] INFO  o.s.d.r.c.RepositoryConfigurationExtensionSupport - Spring Data MongoDB - Could not safely identify store assignment for repository candidate interface com.InfoLink.repository.GroupsCollectionsRepository; If you want this repository to be a MongoDB repository, consider annotating your entities with one of these annotations: org.springframework.data.mongodb.core.mapping.Document (preferred), or consider extending one of the following types with your repository: org.springframework.data.mongodb.repository.MongoRepository
2026-08-23 12:02:40 [restartedMain] INFO  o.s.d.r.c.RepositoryConfigurationExtensionSupport - Spring Data MongoDB - Could not safely identify store assignment for repository candidate interface com.InfoLink.repository.LogRepository; If you want this repository to be a MongoDB repository, consider annotating your entities with one of these annotations: org.springframework.data.mongodb.core.mapping.Document (preferred), or consider extending one of the following types with your repository: org.springframework.data.mongodb.repository.MongoRepository
2026-08-23 12:02:40 [restartedMain] INFO  o.s.d.r.c.RepositoryConfigurationExtensionSupport - Spring Data MongoDB - Could not safely identify store assignment for repository candidate interface com.InfoLink.repository.RefreshTokenRepository; If you want this repository to be a MongoDB repository, consider annotating your entities with one of these annotations: org.springframework.data.mongodb.core.mapping.Document (preferred), or consider extending one of the following types with your repository: org.springframework.data.mongodb.repository.MongoRepository
2026-08-23 12:02:40 [restartedMain] INFO  o.s.d.r.c.RepositoryConfigurationExtensionSupport - Spring Data MongoDB - Could not safely identify store assignment for repository candidate interface com.InfoLink.repository.UserRepository; If you want this repository to be a MongoDB repository, consider annotating your entities with one of these annotations: org.springframework.data.mongodb.core.mapping.Document (preferred), or consider extending one of the following types with your repository: org.springframework.data.mongodb.repository.MongoRepository
2026-08-23 12:02:40 [restartedMain] INFO  o.s.d.r.c.RepositoryConfigurationDelegate - Finished Spring Data repository scanning in 20 ms. Found 0 MongoDB repository interfaces.
2026-08-23 12:02:40 [restartedMain] INFO  o.s.boot.tomcat.TomcatWebServer - Tomcat initialized with port 8080 (http)
2026-08-23 12:02:40 [restartedMain] INFO  o.a.coyote.http11.Http11NioProtocol - Initializing ProtocolHandler ["http-nio-8080"]
2026-08-23 12:02:40 [restartedMain] INFO  o.a.catalina.core.StandardService - Starting service [Tomcat]
2026-08-23 12:02:40 [restartedMain] INFO  o.a.catalina.core.StandardEngine - Starting Servlet engine: [Apache Tomcat/11.0.22]
2026-08-23 12:02:40 [restartedMain] INFO  o.s.b.w.c.s.WebApplicationContextInitializer - Root WebApplicationContext: initialization completed in 2617 ms
2026-08-23 12:02:40 [restartedMain] INFO  com.zaxxer.hikari.HikariDataSource - HikariPool-3 - Starting...
2026-08-23 12:02:42 [restartedMain] INFO  com.zaxxer.hikari.pool.HikariPool - HikariPool-3 - Added connection ConnectionID:16 ClientConnectionId: 74c4981d-0c85-4887-9b8a-b540e933c255
2026-08-23 12:02:42 [restartedMain] INFO  com.zaxxer.hikari.HikariDataSource - HikariPool-3 - Start completed.
2026-08-23 12:02:42 [restartedMain] INFO  org.hibernate.orm.jpa - HHH008540: Processing PersistenceUnitInfo [name: default]
2026-08-23 12:02:43 [restartedMain] INFO  o.s.o.j.p.SpringPersistenceUnitInfo - No LoadTimeWeaver setup: ignoring JPA class transformer
2026-08-23 12:02:43 [restartedMain] INFO  o.hibernate.orm.connections.pooling - HHH10001005: Database info:
	Database JDBC URL [jdbc:sqlserver://localhost\desktop-sgfhgte\mssqlserver01:1433;connectRetryInterval=10;connectRetryCount=1;maxResultBuffer=-1;sendTemporalDataTypesAsStringForBulkCopy=true;delayLoadingLobs=true;useFmtOnly=false;useBulkCopyForBatchInsert=false;cancelQueryTimeout=-1;sslProtocol=TLS;jaasConfigurationName=SQLJDBCDriver;statementPoolingCacheSize=0;serverPreparedStatementDiscardThreshold=10;enablePrepareOnFirstPreparedStatementCall=false;fips=false;socketTimeout=0;authentication=NotSpecified;authenticationScheme=nativeAuthentication;xopenStates=false;datetimeParameterType=datetime2;sendTimeAsDatetime=true;replication=false;trustStoreType=JKS;trustServerCertificate=true;TransparentNetworkIPResolution=true;iPAddressPreference=IPv4First;serverNameAsACE=false;sendStringParametersAsUnicode=true;selectMethod=direct;responseBuffering=adaptive;queryTimeout=-1;packetSize=8000;multiSubnetFailover=false;loginTimeout=30;lockTimeout=-1;lastUpdateCount=true;prepareMethod=prepexec;encrypt=true;disableStatementPooling=true;databaseName=InfoLink;columnEncryptionSetting=Disabled;applicationName=Microsoft JDBC Driver for SQL Server;applicationIntent=readwrite;]
	Database driver: Microsoft JDBC Driver 12.3 for SQL Server
	Database dialect: SQLServerDialect
	Database version: 17.0
	Default catalog/schema: InfoLink/dbo
	Autocommit mode: undefined/unknown
	Isolation level: READ_COMMITTED [default READ_COMMITTED]
	JDBC fetch size: 128
	Pool: DataSourceConnectionProvider
	Minimum pool size: undefined/unknown
	Maximum pool size: undefined/unknown
2026-08-23 12:02:45 [restartedMain] INFO  org.hibernate.orm.core - HHH000489: No JTA platform available (set 'hibernate.transaction.jta.platform' to enable JTA platform integration)
2026-08-23 12:02:45 [restartedMain] INFO  o.s.o.j.LocalContainerEntityManagerFactoryBean - Initialized JPA EntityManagerFactory for persistence unit 'default'
2026-08-23 12:02:45 [restartedMain] INFO  o.s.s.c.a.a.c.InitializeUserDetailsBeanManagerConfigurer$InitializeUserDetailsManagerConfigurer - Global AuthenticationManager configured with UserDetailsService bean with name customUserDetailsService
2026-08-23 12:02:45 [restartedMain] INFO  org.mongodb.driver.client - MongoClient with metadata {"driver": {"name": "mongo-java-driver|spring-boot|sync", "version": "5.8.0"}, "os": {"type": "Windows", "name": "Windows 11", "architecture": "amd64", "version": "10.0"}, "platform": "Java/Oracle Corporation/26+35-2893"} created with settings MongoClientSettings{readPreference=primary, writeConcern=WriteConcern{w=null, wTimeout=null ms, journal=null}, retryWrites=true, retryReads=true, readConcern=ReadConcern{level=null}, credential=MongoCredential{mechanism=null, userName='InfoLink_MongoDB', source='admin', password=<hidden>, mechanismProperties=<hidden>}, transportSettings=null, commandListeners=[], codecRegistry=ProvidersCodecRegistry{codecProviders=[ValueCodecProvider{}, BsonValueCodecProvider{}, DBRefCodecProvider{}, DBObjectCodecProvider{}, DocumentCodecProvider{}, CollectionCodecProvider{}, IterableCodecProvider{}, MapCodecProvider{}, GeoJsonCodecProvider{}, GridFSFileCodecProvider{}, Jsr310CodecProvider{}, JsonObjectCodecProvider{}, BsonCodecProvider{}, com.mongodb.client.model.mql.ExpressionCodecProvider@3c026c85, com.mongodb.Jep395RecordCodecProvider@73a0b6c, com.mongodb.KotlinCodecProvider@47d6f272, EnumCodecProvider{}]}, loggerSettings=LoggerSettings{maxDocumentLength=1000}, clusterSettings={hosts=[127.0.0.1:27017], srvHost=infolink.asvuqjh.mongodb.net, srvServiceName=mongodb, mode=MULTIPLE, requiredClusterType=REPLICA_SET, requiredReplicaSetName='atlas-e4nrak-shard-0', serverSelector='null', clusterListeners='[]', serverSelectionTimeout='30000 ms', localThreshold='15 ms'}, socketSettings=SocketSettings{connectTimeoutMS=10000, readTimeoutMS=0, receiveBufferSize=0, proxySettings=ProxySettings{host=null, port=null, username=null, password=null}}, heartbeatSocketSettings=SocketSettings{connectTimeoutMS=10000, readTimeoutMS=10000, receiveBufferSize=0, proxySettings=ProxySettings{host=null, port=null, username=null, password=null}}, connectionPoolSettings=ConnectionPoolSettings{maxSize=100, minSize=0, maxWaitTimeMS=120000, maxConnectionLifeTimeMS=0, maxConnectionIdleTimeMS=0, maintenanceInitialDelayMS=0, maintenanceFrequencyMS=60000, connectionPoolListeners=[], maxConnecting=2}, serverSettings=ServerSettings{heartbeatFrequencyMS=10000, minHeartbeatFrequencyMS=500, serverMonitoringMode=AUTO, serverListeners='[]', serverMonitorListeners='[]'}, sslSettings=SslSettings{enabled=true, invalidHostNameAllowed=false, context=null}, applicationName='null', compressorList=[], uuidRepresentation=UNSPECIFIED, serverApi=null, autoEncryptionSettings=null, dnsClient=null, inetAddressResolver=null, contextProvider=null, timeoutMS=null}
2026-08-23 12:02:45 [cluster-ClusterId{value='6a8ab735c5a06797d140f124', description='null'}-srv-infolink.asvuqjh.mongodb.net] INFO  org.mongodb.driver.cluster - Adding discovered server ac-lczobyt-shard-00-00.asvuqjh.mongodb.net:27017 to client view of cluster
2026-08-23 12:02:45 [cluster-ClusterId{value='6a8ab735c5a06797d140f124', description='null'}-srv-infolink.asvuqjh.mongodb.net] INFO  org.mongodb.driver.cluster - Adding discovered server ac-lczobyt-shard-00-01.asvuqjh.mongodb.net:27017 to client view of cluster
2026-08-23 12:02:45 [cluster-ClusterId{value='6a8ab735c5a06797d140f124', description='null'}-srv-infolink.asvuqjh.mongodb.net] INFO  org.mongodb.driver.cluster - Adding discovered server ac-lczobyt-shard-00-02.asvuqjh.mongodb.net:27017 to client view of cluster
2026-08-23 12:02:45 [cluster-6a8ab735c5a06797d140f124-ac-lczobyt-shard-00-00.asvuqjh.mongodb.net:27017] INFO  org.mongodb.driver.cluster - Monitor thread successfully connected to server with description ServerDescription{address=ac-lczobyt-shard-00-00.asvuqjh.mongodb.net:27017, type=REPLICA_SET_SECONDARY, cryptd=false, state=CONNECTED, ok=true, minWireVersion=0, maxWireVersion=25, maxDocumentSize=16777216, logicalSessionTimeoutMinutes=30, roundTripTimeNanos=143311200, minRoundTripTimeNanos=0, setName='atlas-e4nrak-shard-0', canonicalAddress=ac-lczobyt-shard-00-00.asvuqjh.mongodb.net:27017, hosts=[ac-lczobyt-shard-00-01.asvuqjh.mongodb.net:27017, ac-lczobyt-shard-00-02.asvuqjh.mongodb.net:27017, ac-lczobyt-shard-00-00.asvuqjh.mongodb.net:27017], passives=[], arbiters=[], primary='ac-lczobyt-shard-00-01.asvuqjh.mongodb.net:27017', tagSet=TagSet{[Tag{name='availabilityZone', value='euc1-az2'}, Tag{name='cacheState', value='READY'}, Tag{name='diskState', value='READY'}, Tag{name='nodeType', value='ELECTABLE'}, Tag{name='provider', value='AWS'}, Tag{name='region', value='EU_CENTRAL_1'}, Tag{name='workloadType', value='OPERATIONAL'}]}, electionId=null, setVersion=439, topologyVersion=TopologyVersion{processId=6a7b65216f65f70e7a6ea947, counter=10}, lastWriteDate=Sun Aug 23 12:02:45 EEST 2026, lastUpdateTimeNanos=7791870716200}
2026-08-23 12:02:45 [cluster-6a8ab735c5a06797d140f124-ac-lczobyt-shard-00-02.asvuqjh.mongodb.net:27017] INFO  org.mongodb.driver.cluster - Monitor thread successfully connected to server with description ServerDescription{address=ac-lczobyt-shard-00-02.asvuqjh.mongodb.net:27017, type=REPLICA_SET_SECONDARY, cryptd=false, state=CONNECTED, ok=true, minWireVersion=0, maxWireVersion=25, maxDocumentSize=16777216, logicalSessionTimeoutMinutes=30, roundTripTimeNanos=153598200, minRoundTripTimeNanos=0, setName='atlas-e4nrak-shard-0', canonicalAddress=ac-lczobyt-shard-00-02.asvuqjh.mongodb.net:27017, hosts=[ac-lczobyt-shard-00-01.asvuqjh.mongodb.net:27017, ac-lczobyt-shard-00-02.asvuqjh.mongodb.net:27017, ac-lczobyt-shard-00-00.asvuqjh.mongodb.net:27017], passives=[], arbiters=[], primary='ac-lczobyt-shard-00-01.asvuqjh.mongodb.net:27017', tagSet=TagSet{[Tag{name='availabilityZone', value='euc1-az1'}, Tag{name='cacheState', value='READY'}, Tag{name='diskState', value='READY'}, Tag{name='nodeType', value='ELECTABLE'}, Tag{name='provider', value='AWS'}, Tag{name='region', value='EU_CENTRAL_1'}, Tag{name='workloadType', value='OPERATIONAL'}]}, electionId=null, setVersion=439, topologyVersion=TopologyVersion{processId=6a7b69ff648c4799e74e664f, counter=5}, lastWriteDate=Sun Aug 23 12:02:45 EEST 2026, lastUpdateTimeNanos=7791881004100}
2026-08-23 12:02:46 [restartedMain] INFO  o.a.coyote.http11.Http11NioProtocol - Starting ProtocolHandler ["http-nio-8080"]
2026-08-23 12:02:46 [restartedMain] INFO  o.s.boot.tomcat.TomcatWebServer - Tomcat started on port 8080 (http) with context path '/'
2026-08-23 12:02:46 [restartedMain] INFO  com.InfoLink.InfoLinkApplication - Started InfoLinkApplication in 8.829 seconds (process running for 670.677)
2026-08-23 12:02:46 [restartedMain] INFO  o.s.b.d.a.ConditionEvaluationDeltaLoggingListener - Condition evaluation unchanged
2026-08-23 12:02:48 [background-preinit] INFO  o.h.validator.internal.util.Version - HV000001: Hibernate Validator 9.1.0.Final
2026-08-23 12:02:49 [cluster-6a8ab735c5a06797d140f124-ac-lczobyt-shard-00-01.asvuqjh.mongodb.net:27017] INFO  org.mongodb.driver.cluster - Monitor thread successfully connected to server with description ServerDescription{address=ac-lczobyt-shard-00-01.asvuqjh.mongodb.net:27017, type=REPLICA_SET_PRIMARY, cryptd=false, state=CONNECTED, ok=true, minWireVersion=0, maxWireVersion=25, maxDocumentSize=16777216, logicalSessionTimeoutMinutes=30, roundTripTimeNanos=176071500, minRoundTripTimeNanos=0, setName='atlas-e4nrak-shard-0', canonicalAddress=ac-lczobyt-shard-00-01.asvuqjh.mongodb.net:27017, hosts=[ac-lczobyt-shard-00-01.asvuqjh.mongodb.net:27017, ac-lczobyt-shard-00-02.asvuqjh.mongodb.net:27017, ac-lczobyt-shard-00-00.asvuqjh.mongodb.net:27017], passives=[], arbiters=[], primary='ac-lczobyt-shard-00-01.asvuqjh.mongodb.net:27017', tagSet=TagSet{[Tag{name='availabilityZone', value='euc1-az3'}, Tag{name='cacheState', value='READY'}, Tag{name='diskState', value='READY'}, Tag{name='nodeType', value='ELECTABLE'}, Tag{name='provider', value='AWS'}, Tag{name='region', value='EU_CENTRAL_1'}, Tag{name='workloadType', value='OPERATIONAL'}]}, electionId=7fffffff0000000000000462, setVersion=439, topologyVersion=TopologyVersion{processId=6a7b675525e46ec341e1ae14, counter=10}, lastWriteDate=Sun Aug 23 12:02:48 EEST 2026, lastUpdateTimeNanos=7794943864400}
2026-08-23 12:02:49 [cluster-6a8ab735c5a06797d140f124-ac-lczobyt-shard-00-01.asvuqjh.mongodb.net:27017] INFO  org.mongodb.driver.cluster - Discovered replica set primary ac-lczobyt-shard-00-01.asvuqjh.mongodb.net:27017 with max election id 7fffffff0000000000000462 and max set version 439
2026-08-23 12:02:49 [restartedMain] INFO  com.InfoLink.InfoLinkApplication - Starting InfoLinkApplication using Java 26 with PID 18448 (D:\AIB-Projects\InfoLink\BackEnd\target\classes started by New in D:\AIB-Projects\InfoLink)
2026-08-23 12:02:49 [restartedMain] INFO  com.InfoLink.InfoLinkApplication - No active profile set, falling back to 1 default profile: "default"
2026-08-23 12:02:49 [restartedMain] INFO  o.s.b.d.e.DevToolsPropertyDefaultsPostProcessor - Devtools property defaults active! Set 'spring.devtools.add-properties' to 'false' to disable
2026-08-23 12:02:49 [restartedMain] INFO  o.s.b.d.e.DevToolsPropertyDefaultsPostProcessor - For additional web related logging consider setting the 'logging.level.web' property to 'DEBUG'
2026-08-23 12:02:58 [restartedMain] INFO  o.s.d.r.c.RepositoryConfigurationDelegate - Multiple Spring Data modules found, entering strict repository configuration mode
2026-08-23 12:02:58 [restartedMain] INFO  o.s.d.r.c.RepositoryConfigurationDelegate - Bootstrapping Spring Data JPA repositories in DEFAULT mode.
2026-08-23 12:02:58 [restartedMain] INFO  o.s.d.r.c.RepositoryConfigurationDelegate - Finished Spring Data repository scanning in 221 ms. Found 5 JPA repository interfaces.
2026-08-23 12:02:58 [restartedMain] INFO  o.s.d.r.c.RepositoryConfigurationDelegate - Multiple Spring Data modules found, entering strict repository configuration mode
2026-08-23 12:02:58 [restartedMain] INFO  o.s.d.r.c.RepositoryConfigurationDelegate - Bootstrapping Spring Data MongoDB repositories in DEFAULT mode.
2026-08-23 12:02:58 [restartedMain] INFO  o.s.d.r.c.RepositoryConfigurationExtensionSupport - Spring Data MongoDB - Could not safely identify store assignment for repository candidate interface com.InfoLink.repository.GroupRepository; If you want this repository to be a MongoDB repository, consider annotating your entities with one of these annotations: org.springframework.data.mongodb.core.mapping.Document (preferred), or consider extending one of the following types with your repository: org.springframework.data.mongodb.repository.MongoRepository
2026-08-23 12:02:58 [restartedMain] INFO  o.s.d.r.c.RepositoryConfigurationExtensionSupport - Spring Data MongoDB - Could not safely identify store assignment for repository candidate interface com.InfoLink.repository.GroupsCollectionsRepository; If you want this repository to be a MongoDB repository, consider annotating your entities with one of these annotations: org.springframework.data.mongodb.core.mapping.Document (preferred), or consider extending one of the following types with your repository: org.springframework.data.mongodb.repository.MongoRepository
2026-08-23 12:02:58 [restartedMain] INFO  o.s.d.r.c.RepositoryConfigurationExtensionSupport - Spring Data MongoDB - Could not safely identify store assignment for repository candidate interface com.InfoLink.repository.LogRepository; If you want this repository to be a MongoDB repository, consider annotating your entities with one of these annotations: org.springframework.data.mongodb.core.mapping.Document (preferred), or consider extending one of the following types with your repository: org.springframework.data.mongodb.repository.MongoRepository
2026-08-23 12:02:58 [restartedMain] INFO  o.s.d.r.c.RepositoryConfigurationExtensionSupport - Spring Data MongoDB - Could not safely identify store assignment for repository candidate interface com.InfoLink.repository.RefreshTokenRepository; If you want this repository to be a MongoDB repository, consider annotating your entities with one of these annotations: org.springframework.data.mongodb.core.mapping.Document (preferred), or consider extending one of the following types with your repository: org.springframework.data.mongodb.repository.MongoRepository
2026-08-23 12:02:58 [restartedMain] INFO  o.s.d.r.c.RepositoryConfigurationExtensionSupport - Spring Data MongoDB - Could not safely identify store assignment for repository candidate interface com.InfoLink.repository.UserRepository; If you want this repository to be a MongoDB repository, consider annotating your entities with one of these annotations: org.springframework.data.mongodb.core.mapping.Document (preferred), or consider extending one of the following types with your repository: org.springframework.data.mongodb.repository.MongoRepository
2026-08-23 12:02:58 [restartedMain] INFO  o.s.d.r.c.RepositoryConfigurationDelegate - Finished Spring Data repository scanning in 75 ms. Found 0 MongoDB repository interfaces.
2026-08-23 12:03:01 [restartedMain] INFO  o.s.boot.tomcat.TomcatWebServer - Tomcat initialized with port 8080 (http)
2026-08-23 12:03:01 [restartedMain] INFO  o.a.coyote.http11.Http11NioProtocol - Initializing ProtocolHandler ["http-nio-8080"]
2026-08-23 12:03:01 [restartedMain] INFO  o.a.catalina.core.StandardService - Starting service [Tomcat]
2026-08-23 12:03:01 [restartedMain] INFO  o.a.catalina.core.StandardEngine - Starting Servlet engine: [Apache Tomcat/11.0.22]
2026-08-23 12:03:01 [restartedMain] INFO  o.s.b.w.c.s.WebApplicationContextInitializer - Root WebApplicationContext: initialization completed in 12068 ms
2026-08-23 12:03:02 [restartedMain] INFO  com.zaxxer.hikari.HikariDataSource - HikariPool-1 - Starting...
2026-08-23 12:03:03 [restartedMain] INFO  com.zaxxer.hikari.pool.HikariPool - HikariPool-1 - Added connection ConnectionID:1 ClientConnectionId: 50b7fd59-8cf9-4f2b-9890-df3debf9c6d1
2026-08-23 12:03:03 [restartedMain] INFO  com.zaxxer.hikari.HikariDataSource - HikariPool-1 - Start completed.
2026-08-23 12:03:03 [restartedMain] INFO  org.hibernate.orm.jpa - HHH008540: Processing PersistenceUnitInfo [name: default]
2026-08-23 12:03:03 [restartedMain] INFO  org.hibernate.orm.core - HHH000001: Hibernate ORM core version 7.4.1.Final
2026-08-23 12:03:05 [restartedMain] INFO  o.s.o.j.p.SpringPersistenceUnitInfo - No LoadTimeWeaver setup: ignoring JPA class transformer
2026-08-23 12:03:05 [restartedMain] INFO  o.hibernate.orm.connections.pooling - HHH10001005: Database info:
	Database JDBC URL [jdbc:sqlserver://localhost\desktop-sgfhgte\mssqlserver01:1433;connectRetryInterval=10;connectRetryCount=1;maxResultBuffer=-1;sendTemporalDataTypesAsStringForBulkCopy=true;delayLoadingLobs=true;useFmtOnly=false;useBulkCopyForBatchInsert=false;cancelQueryTimeout=-1;sslProtocol=TLS;jaasConfigurationName=SQLJDBCDriver;statementPoolingCacheSize=0;serverPreparedStatementDiscardThreshold=10;enablePrepareOnFirstPreparedStatementCall=false;fips=false;socketTimeout=0;authentication=NotSpecified;authenticationScheme=nativeAuthentication;xopenStates=false;datetimeParameterType=datetime2;sendTimeAsDatetime=true;replication=false;trustStoreType=JKS;trustServerCertificate=true;TransparentNetworkIPResolution=true;iPAddressPreference=IPv4First;serverNameAsACE=false;sendStringParametersAsUnicode=true;selectMethod=direct;responseBuffering=adaptive;queryTimeout=-1;packetSize=8000;multiSubnetFailover=false;loginTimeout=30;lockTimeout=-1;lastUpdateCount=true;prepareMethod=prepexec;encrypt=true;disableStatementPooling=true;databaseName=InfoLink;columnEncryptionSetting=Disabled;applicationName=Microsoft JDBC Driver for SQL Server;applicationIntent=readwrite;]
	Database driver: Microsoft JDBC Driver 12.3 for SQL Server
	Database dialect: SQLServerDialect
	Database version: 17.0
	Default catalog/schema: InfoLink/dbo
	Autocommit mode: undefined/unknown
	Isolation level: READ_COMMITTED [default READ_COMMITTED]
	JDBC fetch size: 128
	Pool: DataSourceConnectionProvider
	Minimum pool size: undefined/unknown
	Maximum pool size: undefined/unknown
2026-08-23 12:03:08 [restartedMain] INFO  org.hibernate.orm.core - HHH000489: No JTA platform available (set 'hibernate.transaction.jta.platform' to enable JTA platform integration)
2026-08-23 12:03:08 [restartedMain] INFO  o.s.o.j.LocalContainerEntityManagerFactoryBean - Initialized JPA EntityManagerFactory for persistence unit 'default'
2026-08-23 12:03:09 [restartedMain] INFO  o.s.d.j.r.q.QueryEnhancerFactories - Hibernate is in classpath; If applicable, HQL parser will be used.
2026-08-23 12:03:10 [restartedMain] INFO  o.s.s.c.a.a.c.InitializeUserDetailsBeanManagerConfigurer$InitializeUserDetailsManagerConfigurer - Global AuthenticationManager configured with UserDetailsService bean with name customUserDetailsService
2026-08-23 12:03:11 [restartedMain] INFO  org.mongodb.driver.client - MongoClient with metadata {"driver": {"name": "mongo-java-driver|spring-boot|sync", "version": "5.8.0"}, "os": {"type": "Windows", "name": "Windows 11", "architecture": "amd64", "version": "10.0"}, "platform": "Java/Oracle Corporation/26+35-2893"} created with settings MongoClientSettings{readPreference=primary, writeConcern=WriteConcern{w=null, wTimeout=null ms, journal=null}, retryWrites=true, retryReads=true, readConcern=ReadConcern{level=null}, credential=MongoCredential{mechanism=null, userName='InfoLink_MongoDB', source='admin', password=<hidden>, mechanismProperties=<hidden>}, transportSettings=null, commandListeners=[], codecRegistry=ProvidersCodecRegistry{codecProviders=[ValueCodecProvider{}, BsonValueCodecProvider{}, DBRefCodecProvider{}, DBObjectCodecProvider{}, DocumentCodecProvider{}, CollectionCodecProvider{}, IterableCodecProvider{}, MapCodecProvider{}, GeoJsonCodecProvider{}, GridFSFileCodecProvider{}, Jsr310CodecProvider{}, JsonObjectCodecProvider{}, BsonCodecProvider{}, com.mongodb.client.model.mql.ExpressionCodecProvider@7119875a, com.mongodb.Jep395RecordCodecProvider@3522280b, com.mongodb.KotlinCodecProvider@6a1ffda6, EnumCodecProvider{}]}, loggerSettings=LoggerSettings{maxDocumentLength=1000}, clusterSettings={hosts=[127.0.0.1:27017], srvHost=infolink.asvuqjh.mongodb.net, srvServiceName=mongodb, mode=MULTIPLE, requiredClusterType=REPLICA_SET, requiredReplicaSetName='atlas-e4nrak-shard-0', serverSelector='null', clusterListeners='[]', serverSelectionTimeout='30000 ms', localThreshold='15 ms'}, socketSettings=SocketSettings{connectTimeoutMS=10000, readTimeoutMS=0, receiveBufferSize=0, proxySettings=ProxySettings{host=null, port=null, username=null, password=null}}, heartbeatSocketSettings=SocketSettings{connectTimeoutMS=10000, readTimeoutMS=10000, receiveBufferSize=0, proxySettings=ProxySettings{host=null, port=null, username=null, password=null}}, connectionPoolSettings=ConnectionPoolSettings{maxSize=100, minSize=0, maxWaitTimeMS=120000, maxConnectionLifeTimeMS=0, maxConnectionIdleTimeMS=0, maintenanceInitialDelayMS=0, maintenanceFrequencyMS=60000, connectionPoolListeners=[], maxConnecting=2}, serverSettings=ServerSettings{heartbeatFrequencyMS=10000, minHeartbeatFrequencyMS=500, serverMonitoringMode=AUTO, serverListeners='[]', serverMonitorListeners='[]'}, sslSettings=SslSettings{enabled=true, invalidHostNameAllowed=false, context=null}, applicationName='null', compressorList=[], uuidRepresentation=UNSPECIFIED, serverApi=null, autoEncryptionSettings=null, dnsClient=null, inetAddressResolver=null, contextProvider=null, timeoutMS=null}
2026-08-23 12:03:11 [cluster-ClusterId{value='6a8ab74fce6fbd5c67eae15c', description='null'}-srv-infolink.asvuqjh.mongodb.net] INFO  org.mongodb.driver.cluster - Adding discovered server ac-lczobyt-shard-00-00.asvuqjh.mongodb.net:27017 to client view of cluster
2026-08-23 12:03:11 [cluster-ClusterId{value='6a8ab74fce6fbd5c67eae15c', description='null'}-srv-infolink.asvuqjh.mongodb.net] INFO  org.mongodb.driver.cluster - Adding discovered server ac-lczobyt-shard-00-01.asvuqjh.mongodb.net:27017 to client view of cluster
2026-08-23 12:03:11 [cluster-ClusterId{value='6a8ab74fce6fbd5c67eae15c', description='null'}-srv-infolink.asvuqjh.mongodb.net] INFO  org.mongodb.driver.cluster - Adding discovered server ac-lczobyt-shard-00-02.asvuqjh.mongodb.net:27017 to client view of cluster
2026-08-23 12:03:12 [cluster-6a8ab74fce6fbd5c67eae15c-ac-lczobyt-shard-00-02.asvuqjh.mongodb.net:27017] INFO  org.mongodb.driver.cluster - Monitor thread successfully connected to server with description ServerDescription{address=ac-lczobyt-shard-00-02.asvuqjh.mongodb.net:27017, type=REPLICA_SET_SECONDARY, cryptd=false, state=CONNECTED, ok=true, minWireVersion=0, maxWireVersion=25, maxDocumentSize=16777216, logicalSessionTimeoutMinutes=30, roundTripTimeNanos=367945900, minRoundTripTimeNanos=0, setName='atlas-e4nrak-shard-0', canonicalAddress=ac-lczobyt-shard-00-02.asvuqjh.mongodb.net:27017, hosts=[ac-lczobyt-shard-00-01.asvuqjh.mongodb.net:27017, ac-lczobyt-shard-00-02.asvuqjh.mongodb.net:27017, ac-lczobyt-shard-00-00.asvuqjh.mongodb.net:27017], passives=[], arbiters=[], primary='ac-lczobyt-shard-00-01.asvuqjh.mongodb.net:27017', tagSet=TagSet{[Tag{name='availabilityZone', value='euc1-az1'}, Tag{name='cacheState', value='READY'}, Tag{name='diskState', value='READY'}, Tag{name='nodeType', value='ELECTABLE'}, Tag{name='provider', value='AWS'}, Tag{name='region', value='EU_CENTRAL_1'}, Tag{name='workloadType', value='OPERATIONAL'}]}, electionId=null, setVersion=439, topologyVersion=TopologyVersion{processId=6a7b69ff648c4799e74e664f, counter=5}, lastWriteDate=Sun Aug 23 12:03:11 EEST 2026, lastUpdateTimeNanos=7818153799000}
2026-08-23 12:03:12 [cluster-6a8ab74fce6fbd5c67eae15c-ac-lczobyt-shard-00-01.asvuqjh.mongodb.net:27017] INFO  org.mongodb.driver.cluster - Monitor thread successfully connected to server with description ServerDescription{address=ac-lczobyt-shard-00-01.asvuqjh.mongodb.net:27017, type=REPLICA_SET_PRIMARY, cryptd=false, state=CONNECTED, ok=true, minWireVersion=0, maxWireVersion=25, maxDocumentSize=16777216, logicalSessionTimeoutMinutes=30, roundTripTimeNanos=424634000, minRoundTripTimeNanos=0, setName='atlas-e4nrak-shard-0', canonicalAddress=ac-lczobyt-shard-00-01.asvuqjh.mongodb.net:27017, hosts=[ac-lczobyt-shard-00-01.asvuqjh.mongodb.net:27017, ac-lczobyt-shard-00-02.asvuqjh.mongodb.net:27017, ac-lczobyt-shard-00-00.asvuqjh.mongodb.net:27017], passives=[], arbiters=[], primary='ac-lczobyt-shard-00-01.asvuqjh.mongodb.net:27017', tagSet=TagSet{[Tag{name='availabilityZone', value='euc1-az3'}, Tag{name='cacheState', value='READY'}, Tag{name='diskState', value='READY'}, Tag{name='nodeType', value='ELECTABLE'}, Tag{name='provider', value='AWS'}, Tag{name='region', value='EU_CENTRAL_1'}, Tag{name='workloadType', value='OPERATIONAL'}]}, electionId=7fffffff0000000000000462, setVersion=439, topologyVersion=TopologyVersion{processId=6a7b675525e46ec341e1ae14, counter=10}, lastWriteDate=Sun Aug 23 12:03:11 EEST 2026, lastUpdateTimeNanos=7818208412000}
2026-08-23 12:03:12 [cluster-6a8ab74fce6fbd5c67eae15c-ac-lczobyt-shard-00-01.asvuqjh.mongodb.net:27017] INFO  org.mongodb.driver.cluster - Discovered replica set primary ac-lczobyt-shard-00-01.asvuqjh.mongodb.net:27017 with max election id 7fffffff0000000000000462 and max set version 439
2026-08-23 12:03:12 [cluster-6a8ab74fce6fbd5c67eae15c-ac-lczobyt-shard-00-00.asvuqjh.mongodb.net:27017] INFO  org.mongodb.driver.cluster - Monitor thread successfully connected to server with description ServerDescription{address=ac-lczobyt-shard-00-00.asvuqjh.mongodb.net:27017, type=REPLICA_SET_SECONDARY, cryptd=false, state=CONNECTED, ok=true, minWireVersion=0, maxWireVersion=25, maxDocumentSize=16777216, logicalSessionTimeoutMinutes=30, roundTripTimeNanos=376425100, minRoundTripTimeNanos=0, setName='atlas-e4nrak-shard-0', canonicalAddress=ac-lczobyt-shard-00-00.asvuqjh.mongodb.net:27017, hosts=[ac-lczobyt-shard-00-01.asvuqjh.mongodb.net:27017, ac-lczobyt-shard-00-02.asvuqjh.mongodb.net:27017, ac-lczobyt-shard-00-00.asvuqjh.mongodb.net:27017], passives=[], arbiters=[], primary='ac-lczobyt-shard-00-01.asvuqjh.mongodb.net:27017', tagSet=TagSet{[Tag{name='availabilityZone', value='euc1-az2'}, Tag{name='cacheState', value='READY'}, Tag{name='diskState', value='READY'}, Tag{name='nodeType', value='ELECTABLE'}, Tag{name='provider', value='AWS'}, Tag{name='region', value='EU_CENTRAL_1'}, Tag{name='workloadType', value='OPERATIONAL'}]}, electionId=null, setVersion=439, topologyVersion=TopologyVersion{processId=6a7b65216f65f70e7a6ea947, counter=10}, lastWriteDate=Sun Aug 23 12:03:11 EEST 2026, lastUpdateTimeNanos=7818162416500}
2026-08-23 12:03:15 [restartedMain] INFO  o.a.coyote.http11.Http11NioProtocol - Starting ProtocolHandler ["http-nio-8080"]
2026-08-23 12:03:15 [restartedMain] WARN  o.s.b.w.s.s.c.AnnotationConfigServletWebServerApplicationContext - Exception encountered during context initialization - cancelling refresh attempt: org.springframework.context.ApplicationContextException: Failed to start bean 'webServerStartStop'
2026-08-23 12:03:15 [restartedMain] INFO  o.s.o.j.LocalContainerEntityManagerFactoryBean - Closing JPA EntityManagerFactory for persistence unit 'default'
2026-08-23 12:03:15 [restartedMain] INFO  com.zaxxer.hikari.HikariDataSource - HikariPool-1 - Shutdown initiated...
2026-08-23 12:03:15 [restartedMain] INFO  com.zaxxer.hikari.HikariDataSource - HikariPool-1 - Shutdown completed.
2026-08-23 12:03:15 [restartedMain] INFO  o.s.b.a.l.ConditionEvaluationReportLogger - 

Error starting ApplicationContext. To display the condition evaluation report re-run your application with 'debug' enabled.
2026-08-23 12:03:15 [restartedMain] ERROR o.s.b.d.LoggingFailureAnalysisReporter - 

***************************
APPLICATION FAILED TO START
***************************

Description:

Web server failed to start. Port 8080 was already in use.

Action:

Identify and stop the process that's listening on port 8080 or configure this application to listen on another port.

2026-08-23 12:03:32 [background-preinit] INFO  o.h.validator.internal.util.Version - HV000001: Hibernate Validator 9.1.0.Final
2026-08-23 12:03:32 [restartedMain] INFO  com.InfoLink.InfoLinkApplication - Starting InfoLinkApplication using Java 26 with PID 20860 (D:\AIB-Projects\InfoLink\BackEnd\target\classes started by New in d:\AIB-Projects\InfoLink)
2026-08-23 12:03:32 [restartedMain] INFO  com.InfoLink.InfoLinkApplication - No active profile set, falling back to 1 default profile: "default"
2026-08-23 12:03:32 [restartedMain] INFO  o.s.b.d.e.DevToolsPropertyDefaultsPostProcessor - Devtools property defaults active! Set 'spring.devtools.add-properties' to 'false' to disable
2026-08-23 12:03:32 [restartedMain] INFO  o.s.b.d.e.DevToolsPropertyDefaultsPostProcessor - For additional web related logging consider setting the 'logging.level.web' property to 'DEBUG'
2026-08-23 12:03:35 [restartedMain] INFO  o.s.d.r.c.RepositoryConfigurationDelegate - Multiple Spring Data modules found, entering strict repository configuration mode
2026-08-23 12:03:35 [restartedMain] INFO  o.s.d.r.c.RepositoryConfigurationDelegate - Bootstrapping Spring Data JPA repositories in DEFAULT mode.
2026-08-23 12:03:35 [restartedMain] INFO  o.s.d.r.c.RepositoryConfigurationDelegate - Finished Spring Data repository scanning in 147 ms. Found 5 JPA repository interfaces.
2026-08-23 12:03:35 [restartedMain] INFO  o.s.d.r.c.RepositoryConfigurationDelegate - Multiple Spring Data modules found, entering strict repository configuration mode
2026-08-23 12:03:35 [restartedMain] INFO  o.s.d.r.c.RepositoryConfigurationDelegate - Bootstrapping Spring Data MongoDB repositories in DEFAULT mode.
2026-08-23 12:03:35 [restartedMain] INFO  o.s.d.r.c.RepositoryConfigurationExtensionSupport - Spring Data MongoDB - Could not safely identify store assignment for repository candidate interface com.InfoLink.repository.GroupRepository; If you want this repository to be a MongoDB repository, consider annotating your entities with one of these annotations: org.springframework.data.mongodb.core.mapping.Document (preferred), or consider extending one of the following types with your repository: org.springframework.data.mongodb.repository.MongoRepository
2026-08-23 12:03:35 [restartedMain] INFO  o.s.d.r.c.RepositoryConfigurationExtensionSupport - Spring Data MongoDB - Could not safely identify store assignment for repository candidate interface com.InfoLink.repository.GroupsCollectionsRepository; If you want this repository to be a MongoDB repository, consider annotating your entities with one of these annotations: org.springframework.data.mongodb.core.mapping.Document (preferred), or consider extending one of the following types with your repository: org.springframework.data.mongodb.repository.MongoRepository
2026-08-23 12:03:35 [restartedMain] INFO  o.s.d.r.c.RepositoryConfigurationExtensionSupport - Spring Data MongoDB - Could not safely identify store assignment for repository candidate interface com.InfoLink.repository.LogRepository; If you want this repository to be a MongoDB repository, consider annotating your entities with one of these annotations: org.springframework.data.mongodb.core.mapping.Document (preferred), or consider extending one of the following types with your repository: org.springframework.data.mongodb.repository.MongoRepository
2026-08-23 12:03:35 [restartedMain] INFO  o.s.d.r.c.RepositoryConfigurationExtensionSupport - Spring Data MongoDB - Could not safely identify store assignment for repository candidate interface com.InfoLink.repository.RefreshTokenRepository; If you want this repository to be a MongoDB repository, consider annotating your entities with one of these annotations: org.springframework.data.mongodb.core.mapping.Document (preferred), or consider extending one of the following types with your repository: org.springframework.data.mongodb.repository.MongoRepository
2026-08-23 12:03:35 [restartedMain] INFO  o.s.d.r.c.RepositoryConfigurationExtensionSupport - Spring Data MongoDB - Could not safely identify store assignment for repository candidate interface com.InfoLink.repository.UserRepository; If you want this repository to be a MongoDB repository, consider annotating your entities with one of these annotations: org.springframework.data.mongodb.core.mapping.Document (preferred), or consider extending one of the following types with your repository: org.springframework.data.mongodb.repository.MongoRepository
2026-08-23 12:03:35 [restartedMain] INFO  o.s.d.r.c.RepositoryConfigurationDelegate - Finished Spring Data repository scanning in 30 ms. Found 0 MongoDB repository interfaces.
2026-08-23 12:03:37 [restartedMain] INFO  o.s.boot.tomcat.TomcatWebServer - Tomcat initialized with port 8080 (http)
2026-08-23 12:03:37 [restartedMain] INFO  o.a.coyote.http11.Http11NioProtocol - Initializing ProtocolHandler ["http-nio-8080"]
2026-08-23 12:03:37 [restartedMain] INFO  o.a.catalina.core.StandardService - Starting service [Tomcat]
2026-08-23 12:03:37 [restartedMain] INFO  o.a.catalina.core.StandardEngine - Starting Servlet engine: [Apache Tomcat/11.0.22]
2026-08-23 12:03:37 [restartedMain] INFO  o.s.b.w.c.s.WebApplicationContextInitializer - Root WebApplicationContext: initialization completed in 5211 ms
2026-08-23 12:03:38 [restartedMain] INFO  com.zaxxer.hikari.HikariDataSource - HikariPool-1 - Starting...
2026-08-23 12:03:39 [restartedMain] INFO  com.zaxxer.hikari.pool.HikariPool - HikariPool-1 - Added connection ConnectionID:1 ClientConnectionId: a1214079-3d75-42c4-8f80-9405d581f13e
2026-08-23 12:03:39 [restartedMain] INFO  com.zaxxer.hikari.HikariDataSource - HikariPool-1 - Start completed.
2026-08-23 12:03:39 [restartedMain] INFO  org.hibernate.orm.jpa - HHH008540: Processing PersistenceUnitInfo [name: default]
2026-08-23 12:03:40 [restartedMain] INFO  org.hibernate.orm.core - HHH000001: Hibernate ORM core version 7.4.1.Final
2026-08-23 12:03:41 [restartedMain] INFO  o.s.o.j.p.SpringPersistenceUnitInfo - No LoadTimeWeaver setup: ignoring JPA class transformer
2026-08-23 12:03:41 [restartedMain] INFO  o.hibernate.orm.connections.pooling - HHH10001005: Database info:
	Database JDBC URL [jdbc:sqlserver://localhost\desktop-sgfhgte\mssqlserver01:1433;connectRetryInterval=10;connectRetryCount=1;maxResultBuffer=-1;sendTemporalDataTypesAsStringForBulkCopy=true;delayLoadingLobs=true;useFmtOnly=false;useBulkCopyForBatchInsert=false;cancelQueryTimeout=-1;sslProtocol=TLS;jaasConfigurationName=SQLJDBCDriver;statementPoolingCacheSize=0;serverPreparedStatementDiscardThreshold=10;enablePrepareOnFirstPreparedStatementCall=false;fips=false;socketTimeout=0;authentication=NotSpecified;authenticationScheme=nativeAuthentication;xopenStates=false;datetimeParameterType=datetime2;sendTimeAsDatetime=true;replication=false;trustStoreType=JKS;trustServerCertificate=true;TransparentNetworkIPResolution=true;iPAddressPreference=IPv4First;serverNameAsACE=false;sendStringParametersAsUnicode=true;selectMethod=direct;responseBuffering=adaptive;queryTimeout=-1;packetSize=8000;multiSubnetFailover=false;loginTimeout=30;lockTimeout=-1;lastUpdateCount=true;prepareMethod=prepexec;encrypt=true;disableStatementPooling=true;databaseName=InfoLink;columnEncryptionSetting=Disabled;applicationName=Microsoft JDBC Driver for SQL Server;applicationIntent=readwrite;]
	Database driver: Microsoft JDBC Driver 12.3 for SQL Server
	Database dialect: SQLServerDialect
	Database version: 17.0
	Default catalog/schema: InfoLink/dbo
	Autocommit mode: undefined/unknown
	Isolation level: READ_COMMITTED [default READ_COMMITTED]
	JDBC fetch size: 128
	Pool: DataSourceConnectionProvider
	Minimum pool size: undefined/unknown
	Maximum pool size: undefined/unknown
2026-08-23 12:03:44 [restartedMain] INFO  org.hibernate.orm.core - HHH000489: No JTA platform available (set 'hibernate.transaction.jta.platform' to enable JTA platform integration)
2026-08-23 12:03:44 [restartedMain] INFO  o.s.o.j.LocalContainerEntityManagerFactoryBean - Initialized JPA EntityManagerFactory for persistence unit 'default'
2026-08-23 12:03:45 [restartedMain] INFO  o.s.d.j.r.q.QueryEnhancerFactories - Hibernate is in classpath; If applicable, HQL parser will be used.
2026-08-23 12:03:46 [restartedMain] INFO  o.s.s.c.a.a.c.InitializeUserDetailsBeanManagerConfigurer$InitializeUserDetailsManagerConfigurer - Global AuthenticationManager configured with UserDetailsService bean with name customUserDetailsService
2026-08-23 12:03:48 [restartedMain] INFO  org.mongodb.driver.client - MongoClient with metadata {"driver": {"name": "mongo-java-driver|spring-boot|sync", "version": "5.8.0"}, "os": {"type": "Windows", "name": "Windows 11", "architecture": "amd64", "version": "10.0"}, "platform": "Java/Oracle Corporation/26+35-2893"} created with settings MongoClientSettings{readPreference=primary, writeConcern=WriteConcern{w=null, wTimeout=null ms, journal=null}, retryWrites=true, retryReads=true, readConcern=ReadConcern{level=null}, credential=MongoCredential{mechanism=null, userName='InfoLink_MongoDB', source='admin', password=<hidden>, mechanismProperties=<hidden>}, transportSettings=null, commandListeners=[], codecRegistry=ProvidersCodecRegistry{codecProviders=[ValueCodecProvider{}, BsonValueCodecProvider{}, DBRefCodecProvider{}, DBObjectCodecProvider{}, DocumentCodecProvider{}, CollectionCodecProvider{}, IterableCodecProvider{}, MapCodecProvider{}, GeoJsonCodecProvider{}, GridFSFileCodecProvider{}, Jsr310CodecProvider{}, JsonObjectCodecProvider{}, BsonCodecProvider{}, com.mongodb.client.model.mql.ExpressionCodecProvider@47d6f272, com.mongodb.Jep395RecordCodecProvider@584a0efa, com.mongodb.KotlinCodecProvider@77832732, EnumCodecProvider{}]}, loggerSettings=LoggerSettings{maxDocumentLength=1000}, clusterSettings={hosts=[127.0.0.1:27017], srvHost=infolink.asvuqjh.mongodb.net, srvServiceName=mongodb, mode=MULTIPLE, requiredClusterType=REPLICA_SET, requiredReplicaSetName='atlas-e4nrak-shard-0', serverSelector='null', clusterListeners='[]', serverSelectionTimeout='30000 ms', localThreshold='15 ms'}, socketSettings=SocketSettings{connectTimeoutMS=10000, readTimeoutMS=0, receiveBufferSize=0, proxySettings=ProxySettings{host=null, port=null, username=null, password=null}}, heartbeatSocketSettings=SocketSettings{connectTimeoutMS=10000, readTimeoutMS=10000, receiveBufferSize=0, proxySettings=ProxySettings{host=null, port=null, username=null, password=null}}, connectionPoolSettings=ConnectionPoolSettings{maxSize=100, minSize=0, maxWaitTimeMS=120000, maxConnectionLifeTimeMS=0, maxConnectionIdleTimeMS=0, maintenanceInitialDelayMS=0, maintenanceFrequencyMS=60000, connectionPoolListeners=[], maxConnecting=2}, serverSettings=ServerSettings{heartbeatFrequencyMS=10000, minHeartbeatFrequencyMS=500, serverMonitoringMode=AUTO, serverListeners='[]', serverMonitorListeners='[]'}, sslSettings=SslSettings{enabled=true, invalidHostNameAllowed=false, context=null}, applicationName='null', compressorList=[], uuidRepresentation=UNSPECIFIED, serverApi=null, autoEncryptionSettings=null, dnsClient=null, inetAddressResolver=null, contextProvider=null, timeoutMS=null}
2026-08-23 12:03:49 [cluster-ClusterId{value='6a8ab77332ce63cff303f841', description='null'}-srv-infolink.asvuqjh.mongodb.net] INFO  org.mongodb.driver.cluster - Adding discovered server ac-lczobyt-shard-00-00.asvuqjh.mongodb.net:27017 to client view of cluster
2026-08-23 12:03:49 [cluster-ClusterId{value='6a8ab77332ce63cff303f841', description='null'}-srv-infolink.asvuqjh.mongodb.net] INFO  org.mongodb.driver.cluster - Adding discovered server ac-lczobyt-shard-00-01.asvuqjh.mongodb.net:27017 to client view of cluster
2026-08-23 12:03:49 [cluster-ClusterId{value='6a8ab77332ce63cff303f841', description='null'}-srv-infolink.asvuqjh.mongodb.net] INFO  org.mongodb.driver.cluster - Adding discovered server ac-lczobyt-shard-00-02.asvuqjh.mongodb.net:27017 to client view of cluster
2026-08-23 12:03:49 [cluster-6a8ab77332ce63cff303f841-ac-lczobyt-shard-00-02.asvuqjh.mongodb.net:27017] INFO  org.mongodb.driver.cluster - Monitor thread successfully connected to server with description ServerDescription{address=ac-lczobyt-shard-00-02.asvuqjh.mongodb.net:27017, type=REPLICA_SET_SECONDARY, cryptd=false, state=CONNECTED, ok=true, minWireVersion=0, maxWireVersion=25, maxDocumentSize=16777216, logicalSessionTimeoutMinutes=30, roundTripTimeNanos=384069700, minRoundTripTimeNanos=0, setName='atlas-e4nrak-shard-0', canonicalAddress=ac-lczobyt-shard-00-02.asvuqjh.mongodb.net:27017, hosts=[ac-lczobyt-shard-00-01.asvuqjh.mongodb.net:27017, ac-lczobyt-shard-00-02.asvuqjh.mongodb.net:27017, ac-lczobyt-shard-00-00.asvuqjh.mongodb.net:27017], passives=[], arbiters=[], primary='ac-lczobyt-shard-00-01.asvuqjh.mongodb.net:27017', tagSet=TagSet{[Tag{name='availabilityZone', value='euc1-az1'}, Tag{name='cacheState', value='READY'}, Tag{name='diskState', value='READY'}, Tag{name='nodeType', value='ELECTABLE'}, Tag{name='provider', value='AWS'}, Tag{name='region', value='EU_CENTRAL_1'}, Tag{name='workloadType', value='OPERATIONAL'}]}, electionId=null, setVersion=439, topologyVersion=TopologyVersion{processId=6a7b69ff648c4799e74e664f, counter=5}, lastWriteDate=Sun Aug 23 12:03:49 EEST 2026, lastUpdateTimeNanos=7855868437600}
2026-08-23 12:03:49 [cluster-6a8ab77332ce63cff303f841-ac-lczobyt-shard-00-00.asvuqjh.mongodb.net:27017] INFO  org.mongodb.driver.cluster - Monitor thread successfully connected to server with description ServerDescription{address=ac-lczobyt-shard-00-00.asvuqjh.mongodb.net:27017, type=REPLICA_SET_SECONDARY, cryptd=false, state=CONNECTED, ok=true, minWireVersion=0, maxWireVersion=25, maxDocumentSize=16777216, logicalSessionTimeoutMinutes=30, roundTripTimeNanos=375253900, minRoundTripTimeNanos=0, setName='atlas-e4nrak-shard-0', canonicalAddress=ac-lczobyt-shard-00-00.asvuqjh.mongodb.net:27017, hosts=[ac-lczobyt-shard-00-01.asvuqjh.mongodb.net:27017, ac-lczobyt-shard-00-02.asvuqjh.mongodb.net:27017, ac-lczobyt-shard-00-00.asvuqjh.mongodb.net:27017], passives=[], arbiters=[], primary='ac-lczobyt-shard-00-01.asvuqjh.mongodb.net:27017', tagSet=TagSet{[Tag{name='availabilityZone', value='euc1-az2'}, Tag{name='cacheState', value='READY'}, Tag{name='diskState', value='READY'}, Tag{name='nodeType', value='ELECTABLE'}, Tag{name='provider', value='AWS'}, Tag{name='region', value='EU_CENTRAL_1'}, Tag{name='workloadType', value='OPERATIONAL'}]}, electionId=null, setVersion=439, topologyVersion=TopologyVersion{processId=6a7b65216f65f70e7a6ea947, counter=10}, lastWriteDate=Sun Aug 23 12:03:49 EEST 2026, lastUpdateTimeNanos=7855862661300}
2026-08-23 12:03:51 [cluster-6a8ab77332ce63cff303f841-ac-lczobyt-shard-00-01.asvuqjh.mongodb.net:27017] INFO  org.mongodb.driver.cluster - Monitor thread successfully connected to server with description ServerDescription{address=ac-lczobyt-shard-00-01.asvuqjh.mongodb.net:27017, type=REPLICA_SET_PRIMARY, cryptd=false, state=CONNECTED, ok=true, minWireVersion=0, maxWireVersion=25, maxDocumentSize=16777216, logicalSessionTimeoutMinutes=30, roundTripTimeNanos=670278100, minRoundTripTimeNanos=0, setName='atlas-e4nrak-shard-0', canonicalAddress=ac-lczobyt-shard-00-01.asvuqjh.mongodb.net:27017, hosts=[ac-lczobyt-shard-00-01.asvuqjh.mongodb.net:27017, ac-lczobyt-shard-00-02.asvuqjh.mongodb.net:27017, ac-lczobyt-shard-00-00.asvuqjh.mongodb.net:27017], passives=[], arbiters=[], primary='ac-lczobyt-shard-00-01.asvuqjh.mongodb.net:27017', tagSet=TagSet{[Tag{name='availabilityZone', value='euc1-az3'}, Tag{name='cacheState', value='READY'}, Tag{name='diskState', value='READY'}, Tag{name='nodeType', value='ELECTABLE'}, Tag{name='provider', value='AWS'}, Tag{name='region', value='EU_CENTRAL_1'}, Tag{name='workloadType', value='OPERATIONAL'}]}, electionId=7fffffff0000000000000462, setVersion=439, topologyVersion=TopologyVersion{processId=6a7b675525e46ec341e1ae14, counter=10}, lastWriteDate=Sun Aug 23 12:03:50 EEST 2026, lastUpdateTimeNanos=7857175118000}
2026-08-23 12:03:51 [cluster-6a8ab77332ce63cff303f841-ac-lczobyt-shard-00-01.asvuqjh.mongodb.net:27017] INFO  org.mongodb.driver.cluster - Discovered replica set primary ac-lczobyt-shard-00-01.asvuqjh.mongodb.net:27017 with max election id 7fffffff0000000000000462 and max set version 439
2026-08-23 12:03:52 [restartedMain] INFO  o.a.coyote.http11.Http11NioProtocol - Starting ProtocolHandler ["http-nio-8080"]
2026-08-23 12:03:52 [restartedMain] INFO  o.s.boot.tomcat.TomcatWebServer - Tomcat started on port 8080 (http) with context path '/'
2026-08-23 12:03:52 [restartedMain] INFO  com.InfoLink.InfoLinkApplication - Started InfoLinkApplication in 21.241 seconds (process running for 22.704)
2026-08-23 12:03:57 [http-nio-8080-exec-1] INFO  o.a.c.c.C.[Tomcat].[localhost].[/] - Initializing Spring DispatcherServlet 'dispatcherServlet'
2026-08-23 12:03:57 [http-nio-8080-exec-1] INFO  o.s.web.servlet.DispatcherServlet - Initializing Servlet 'dispatcherServlet'
2026-08-23 12:03:57 [http-nio-8080-exec-1] INFO  o.s.web.servlet.DispatcherServlet - Completed initialization in 7 ms
2026-08-23 12:03:58 [http-nio-8080-exec-9] INFO  o.s.api.AbstractOpenApiResource - Init duration for springdoc-openapi is: 790 ms
2026-08-23 12:04:23 [http-nio-8080-exec-10] WARN  org.hibernate.orm.jdbc.error - HHH000247: ErrorCode: 207, SQLState: S0001
2026-08-23 12:04:23 [http-nio-8080-exec-10] WARN  org.hibernate.orm.jdbc.error - Invalid column name 'expiry_date'.
2026-08-23 12:04:23 [http-nio-8080-exec-10] WARN  o.s.w.s.m.m.a.ExceptionHandlerExceptionResolver - Resolved [org.springframework.dao.InvalidDataAccessResourceUsageException: JDBC exception executing SQL [Invalid column name 'expiry_date'.] [select rt1_0.token,rt1_0.expiry_date,rt1_0.last_used,rt1_0.username from refresh_token rt1_0 where rt1_0.token=?]; SQL [select rt1_0.token,rt1_0.expiry_date,rt1_0.last_used,rt1_0.username from refresh_token rt1_0 where rt1_0.token=?]]
2026-08-23 12:05:55 [File Watcher] INFO  o.s.b.d.a.LocalDevToolsAutoConfiguration$RestartingClassPathChangeChangedEventListener - Restarting due to 1 class path change (0 additions, 0 deletions, 1 modification)
2026-08-23 12:05:55 [Thread-1] INFO  o.s.boot.tomcat.GracefulShutdown - Commencing graceful shutdown. Waiting for active requests to complete
2026-08-23 12:05:55 [tomcat-shutdown] INFO  o.a.coyote.http11.Http11NioProtocol - Pausing ProtocolHandler ["http-nio-8080"]
2026-08-23 12:05:55 [tomcat-shutdown] INFO  o.s.boot.tomcat.GracefulShutdown - Graceful shutdown complete
2026-08-23 12:05:55 [Thread-1] INFO  o.a.coyote.http11.Http11NioProtocol - Stopping ProtocolHandler ["http-nio-8080"]
2026-08-23 12:05:56 [Thread-1] INFO  o.s.o.j.LocalContainerEntityManagerFactoryBean - Closing JPA EntityManagerFactory for persistence unit 'default'
2026-08-23 12:05:56 [Thread-1] INFO  com.zaxxer.hikari.HikariDataSource - HikariPool-1 - Shutdown initiated...
2026-08-23 12:05:56 [Thread-1] INFO  com.zaxxer.hikari.HikariDataSource - HikariPool-1 - Shutdown completed.
2026-08-23 12:05:56 [restartedMain] INFO  com.InfoLink.InfoLinkApplication - Starting InfoLinkApplication using Java 26 with PID 20860 (D:\AIB-Projects\InfoLink\BackEnd\target\classes started by New in d:\AIB-Projects\InfoLink)
2026-08-23 12:05:56 [restartedMain] INFO  com.InfoLink.InfoLinkApplication - No active profile set, falling back to 1 default profile: "default"
2026-08-23 12:05:58 [restartedMain] INFO  o.s.d.r.c.RepositoryConfigurationDelegate - Multiple Spring Data modules found, entering strict repository configuration mode
2026-08-23 12:05:58 [restartedMain] INFO  o.s.d.r.c.RepositoryConfigurationDelegate - Bootstrapping Spring Data JPA repositories in DEFAULT mode.
2026-08-23 12:05:58 [restartedMain] INFO  o.s.d.r.c.RepositoryConfigurationDelegate - Finished Spring Data repository scanning in 95 ms. Found 5 JPA repository interfaces.
2026-08-23 12:05:58 [restartedMain] INFO  o.s.d.r.c.RepositoryConfigurationDelegate - Multiple Spring Data modules found, entering strict repository configuration mode
2026-08-23 12:05:58 [restartedMain] INFO  o.s.d.r.c.RepositoryConfigurationDelegate - Bootstrapping Spring Data MongoDB repositories in DEFAULT mode.
2026-08-23 12:05:58 [restartedMain] INFO  o.s.d.r.c.RepositoryConfigurationExtensionSupport - Spring Data MongoDB - Could not safely identify store assignment for repository candidate interface com.InfoLink.repository.GroupRepository; If you want this repository to be a MongoDB repository, consider annotating your entities with one of these annotations: org.springframework.data.mongodb.core.mapping.Document (preferred), or consider extending one of the following types with your repository: org.springframework.data.mongodb.repository.MongoRepository
2026-08-23 12:05:58 [restartedMain] INFO  o.s.d.r.c.RepositoryConfigurationExtensionSupport - Spring Data MongoDB - Could not safely identify store assignment for repository candidate interface com.InfoLink.repository.GroupsCollectionsRepository; If you want this repository to be a MongoDB repository, consider annotating your entities with one of these annotations: org.springframework.data.mongodb.core.mapping.Document (preferred), or consider extending one of the following types with your repository: org.springframework.data.mongodb.repository.MongoRepository
2026-08-23 12:05:58 [restartedMain] INFO  o.s.d.r.c.RepositoryConfigurationExtensionSupport - Spring Data MongoDB - Could not safely identify store assignment for repository candidate interface com.InfoLink.repository.LogRepository; If you want this repository to be a MongoDB repository, consider annotating your entities with one of these annotations: org.springframework.data.mongodb.core.mapping.Document (preferred), or consider extending one of the following types with your repository: org.springframework.data.mongodb.repository.MongoRepository
2026-08-23 12:05:58 [restartedMain] INFO  o.s.d.r.c.RepositoryConfigurationExtensionSupport - Spring Data MongoDB - Could not safely identify store assignment for repository candidate interface com.InfoLink.repository.RefreshTokenRepository; If you want this repository to be a MongoDB repository, consider annotating your entities with one of these annotations: org.springframework.data.mongodb.core.mapping.Document (preferred), or consider extending one of the following types with your repository: org.springframework.data.mongodb.repository.MongoRepository
2026-08-23 12:05:58 [restartedMain] INFO  o.s.d.r.c.RepositoryConfigurationExtensionSupport - Spring Data MongoDB - Could not safely identify store assignment for repository candidate interface com.InfoLink.repository.UserRepository; If you want this repository to be a MongoDB repository, consider annotating your entities with one of these annotations: org.springframework.data.mongodb.core.mapping.Document (preferred), or consider extending one of the following types with your repository: org.springframework.data.mongodb.repository.MongoRepository
2026-08-23 12:05:58 [restartedMain] INFO  o.s.d.r.c.RepositoryConfigurationDelegate - Finished Spring Data repository scanning in 54 ms. Found 0 MongoDB repository interfaces.
2026-08-23 12:05:58 [restartedMain] INFO  o.s.boot.tomcat.TomcatWebServer - Tomcat initialized with port 8080 (http)
2026-08-23 12:05:58 [restartedMain] INFO  o.a.coyote.http11.Http11NioProtocol - Initializing ProtocolHandler ["http-nio-8080"]
2026-08-23 12:05:58 [restartedMain] INFO  o.a.catalina.core.StandardService - Starting service [Tomcat]
2026-08-23 12:05:58 [restartedMain] INFO  o.a.catalina.core.StandardEngine - Starting Servlet engine: [Apache Tomcat/11.0.22]
2026-08-23 12:05:59 [restartedMain] INFO  o.s.b.w.c.s.WebApplicationContextInitializer - Root WebApplicationContext: initialization completed in 2581 ms
2026-08-23 12:05:59 [restartedMain] INFO  com.zaxxer.hikari.HikariDataSource - HikariPool-2 - Starting...
2026-08-23 12:06:01 [restartedMain] INFO  com.zaxxer.hikari.pool.HikariPool - HikariPool-2 - Added connection ConnectionID:11 ClientConnectionId: c480f0db-5a35-417b-9051-b5d8749fb352
2026-08-23 12:06:01 [restartedMain] INFO  com.zaxxer.hikari.HikariDataSource - HikariPool-2 - Start completed.
2026-08-23 12:06:01 [restartedMain] INFO  org.hibernate.orm.jpa - HHH008540: Processing PersistenceUnitInfo [name: default]
2026-08-23 12:07:18 [background-preinit] INFO  o.h.validator.internal.util.Version - HV000001: Hibernate Validator 9.1.0.Final
2026-08-23 12:07:18 [restartedMain] INFO  com.InfoLink.InfoLinkApplication - Starting InfoLinkApplication using Java 26 with PID 5172 (D:\AIB-Projects\InfoLink\BackEnd\target\classes started by New in d:\AIB-Projects\InfoLink)
2026-08-23 12:07:18 [restartedMain] INFO  com.InfoLink.InfoLinkApplication - No active profile set, falling back to 1 default profile: "default"
2026-08-23 12:07:18 [restartedMain] INFO  o.s.b.d.e.DevToolsPropertyDefaultsPostProcessor - Devtools property defaults active! Set 'spring.devtools.add-properties' to 'false' to disable
2026-08-23 12:07:18 [restartedMain] INFO  o.s.b.d.e.DevToolsPropertyDefaultsPostProcessor - For additional web related logging consider setting the 'logging.level.web' property to 'DEBUG'
2026-08-23 12:07:21 [restartedMain] INFO  o.s.d.r.c.RepositoryConfigurationDelegate - Multiple Spring Data modules found, entering strict repository configuration mode
2026-08-23 12:07:21 [restartedMain] INFO  o.s.d.r.c.RepositoryConfigurationDelegate - Bootstrapping Spring Data JPA repositories in DEFAULT mode.
2026-08-23 12:07:22 [restartedMain] INFO  o.s.d.r.c.RepositoryConfigurationDelegate - Finished Spring Data repository scanning in 126 ms. Found 5 JPA repository interfaces.
2026-08-23 12:07:22 [restartedMain] INFO  o.s.d.r.c.RepositoryConfigurationDelegate - Multiple Spring Data modules found, entering strict repository configuration mode
2026-08-23 12:07:22 [restartedMain] INFO  o.s.d.r.c.RepositoryConfigurationDelegate - Bootstrapping Spring Data MongoDB repositories in DEFAULT mode.
2026-08-23 12:07:22 [restartedMain] INFO  o.s.d.r.c.RepositoryConfigurationExtensionSupport - Spring Data MongoDB - Could not safely identify store assignment for repository candidate interface com.InfoLink.repository.GroupRepository; If you want this repository to be a MongoDB repository, consider annotating your entities with one of these annotations: org.springframework.data.mongodb.core.mapping.Document (preferred), or consider extending one of the following types with your repository: org.springframework.data.mongodb.repository.MongoRepository
2026-08-23 12:07:22 [restartedMain] INFO  o.s.d.r.c.RepositoryConfigurationExtensionSupport - Spring Data MongoDB - Could not safely identify store assignment for repository candidate interface com.InfoLink.repository.GroupsCollectionsRepository; If you want this repository to be a MongoDB repository, consider annotating your entities with one of these annotations: org.springframework.data.mongodb.core.mapping.Document (preferred), or consider extending one of the following types with your repository: org.springframework.data.mongodb.repository.MongoRepository
2026-08-23 12:07:22 [restartedMain] INFO  o.s.d.r.c.RepositoryConfigurationExtensionSupport - Spring Data MongoDB - Could not safely identify store assignment for repository candidate interface com.InfoLink.repository.LogRepository; If you want this repository to be a MongoDB repository, consider annotating your entities with one of these annotations: org.springframework.data.mongodb.core.mapping.Document (preferred), or consider extending one of the following types with your repository: org.springframework.data.mongodb.repository.MongoRepository
2026-08-23 12:07:22 [restartedMain] INFO  o.s.d.r.c.RepositoryConfigurationExtensionSupport - Spring Data MongoDB - Could not safely identify store assignment for repository candidate interface com.InfoLink.repository.RefreshTokenRepository; If you want this repository to be a MongoDB repository, consider annotating your entities with one of these annotations: org.springframework.data.mongodb.core.mapping.Document (preferred), or consider extending one of the following types with your repository: org.springframework.data.mongodb.repository.MongoRepository
2026-08-23 12:07:22 [restartedMain] INFO  o.s.d.r.c.RepositoryConfigurationExtensionSupport - Spring Data MongoDB - Could not safely identify store assignment for repository candidate interface com.InfoLink.repository.UserRepository; If you want this repository to be a MongoDB repository, consider annotating your entities with one of these annotations: org.springframework.data.mongodb.core.mapping.Document (preferred), or consider extending one of the following types with your repository: org.springframework.data.mongodb.repository.MongoRepository
2026-08-23 12:07:22 [restartedMain] INFO  o.s.d.r.c.RepositoryConfigurationDelegate - Finished Spring Data repository scanning in 36 ms. Found 0 MongoDB repository interfaces.
2026-08-23 12:07:25 [restartedMain] INFO  o.s.boot.tomcat.TomcatWebServer - Tomcat initialized with port 8080 (http)
2026-08-23 12:07:25 [restartedMain] INFO  o.a.coyote.http11.Http11NioProtocol - Initializing ProtocolHandler ["http-nio-8080"]
2026-08-23 12:07:25 [restartedMain] INFO  o.a.catalina.core.StandardService - Starting service [Tomcat]
2026-08-23 12:07:25 [restartedMain] INFO  o.a.catalina.core.StandardEngine - Starting Servlet engine: [Apache Tomcat/11.0.22]
2026-08-23 12:07:25 [restartedMain] INFO  o.s.b.w.c.s.WebApplicationContextInitializer - Root WebApplicationContext: initialization completed in 6742 ms
2026-08-23 12:07:25 [restartedMain] INFO  com.zaxxer.hikari.HikariDataSource - HikariPool-1 - Starting...
2026-08-23 12:07:27 [restartedMain] INFO  com.zaxxer.hikari.pool.HikariPool - HikariPool-1 - Added connection ConnectionID:1 ClientConnectionId: adfc0a3b-f9f7-41ab-b6f8-65fd123f6c2a
2026-08-23 12:07:27 [restartedMain] INFO  com.zaxxer.hikari.HikariDataSource - HikariPool-1 - Start completed.
2026-08-23 12:07:27 [restartedMain] INFO  org.hibernate.orm.jpa - HHH008540: Processing PersistenceUnitInfo [name: default]
2026-08-23 12:07:27 [restartedMain] INFO  org.hibernate.orm.core - HHH000001: Hibernate ORM core version 7.4.1.Final
2026-08-23 12:07:29 [restartedMain] INFO  o.s.o.j.p.SpringPersistenceUnitInfo - No LoadTimeWeaver setup: ignoring JPA class transformer
2026-08-23 12:07:30 [restartedMain] INFO  o.hibernate.orm.connections.pooling - HHH10001005: Database info:
	Database JDBC URL [jdbc:sqlserver://localhost\desktop-sgfhgte\mssqlserver01:1433;connectRetryInterval=10;connectRetryCount=1;maxResultBuffer=-1;sendTemporalDataTypesAsStringForBulkCopy=true;delayLoadingLobs=true;useFmtOnly=false;useBulkCopyForBatchInsert=false;cancelQueryTimeout=-1;sslProtocol=TLS;jaasConfigurationName=SQLJDBCDriver;statementPoolingCacheSize=0;serverPreparedStatementDiscardThreshold=10;enablePrepareOnFirstPreparedStatementCall=false;fips=false;socketTimeout=0;authentication=NotSpecified;authenticationScheme=nativeAuthentication;xopenStates=false;datetimeParameterType=datetime2;sendTimeAsDatetime=true;replication=false;trustStoreType=JKS;trustServerCertificate=true;TransparentNetworkIPResolution=true;iPAddressPreference=IPv4First;serverNameAsACE=false;sendStringParametersAsUnicode=true;selectMethod=direct;responseBuffering=adaptive;queryTimeout=-1;packetSize=8000;multiSubnetFailover=false;loginTimeout=30;lockTimeout=-1;lastUpdateCount=true;prepareMethod=prepexec;encrypt=true;disableStatementPooling=true;databaseName=InfoLink;columnEncryptionSetting=Disabled;applicationName=Microsoft JDBC Driver for SQL Server;applicationIntent=readwrite;]
	Database driver: Microsoft JDBC Driver 12.3 for SQL Server
	Database dialect: SQLServerDialect
	Database version: 17.0
	Default catalog/schema: InfoLink/dbo
	Autocommit mode: undefined/unknown
	Isolation level: READ_COMMITTED [default READ_COMMITTED]
	JDBC fetch size: 128
	Pool: DataSourceConnectionProvider
	Minimum pool size: undefined/unknown
	Maximum pool size: undefined/unknown
2026-08-23 12:07:33 [restartedMain] INFO  org.hibernate.orm.core - HHH000489: No JTA platform available (set 'hibernate.transaction.jta.platform' to enable JTA platform integration)
2026-08-23 12:07:33 [restartedMain] INFO  o.s.o.j.LocalContainerEntityManagerFactoryBean - Initialized JPA EntityManagerFactory for persistence unit 'default'
2026-08-23 12:07:33 [restartedMain] INFO  o.s.d.j.r.q.QueryEnhancerFactories - Hibernate is in classpath; If applicable, HQL parser will be used.
2026-08-23 12:07:34 [restartedMain] INFO  o.s.s.c.a.a.c.InitializeUserDetailsBeanManagerConfigurer$InitializeUserDetailsManagerConfigurer - Global AuthenticationManager configured with UserDetailsService bean with name customUserDetailsService
2026-08-23 12:07:35 [restartedMain] INFO  org.mongodb.driver.client - MongoClient with metadata {"driver": {"name": "mongo-java-driver|spring-boot|sync", "version": "5.8.0"}, "os": {"type": "Windows", "name": "Windows 11", "architecture": "amd64", "version": "10.0"}, "platform": "Java/Oracle Corporation/26+35-2893"} created with settings MongoClientSettings{readPreference=primary, writeConcern=WriteConcern{w=null, wTimeout=null ms, journal=null}, retryWrites=true, retryReads=true, readConcern=ReadConcern{level=null}, credential=MongoCredential{mechanism=null, userName='InfoLink_MongoDB', source='admin', password=<hidden>, mechanismProperties=<hidden>}, transportSettings=null, commandListeners=[], codecRegistry=ProvidersCodecRegistry{codecProviders=[ValueCodecProvider{}, BsonValueCodecProvider{}, DBRefCodecProvider{}, DBObjectCodecProvider{}, DocumentCodecProvider{}, CollectionCodecProvider{}, IterableCodecProvider{}, MapCodecProvider{}, GeoJsonCodecProvider{}, GridFSFileCodecProvider{}, Jsr310CodecProvider{}, JsonObjectCodecProvider{}, BsonCodecProvider{}, com.mongodb.client.model.mql.ExpressionCodecProvider@7279de5b, com.mongodb.Jep395RecordCodecProvider@1bcc98f2, com.mongodb.KotlinCodecProvider@7079c053, EnumCodecProvider{}]}, loggerSettings=LoggerSettings{maxDocumentLength=1000}, clusterSettings={hosts=[127.0.0.1:27017], srvHost=infolink.asvuqjh.mongodb.net, srvServiceName=mongodb, mode=MULTIPLE, requiredClusterType=REPLICA_SET, requiredReplicaSetName='atlas-e4nrak-shard-0', serverSelector='null', clusterListeners='[]', serverSelectionTimeout='30000 ms', localThreshold='15 ms'}, socketSettings=SocketSettings{connectTimeoutMS=10000, readTimeoutMS=0, receiveBufferSize=0, proxySettings=ProxySettings{host=null, port=null, username=null, password=null}}, heartbeatSocketSettings=SocketSettings{connectTimeoutMS=10000, readTimeoutMS=10000, receiveBufferSize=0, proxySettings=ProxySettings{host=null, port=null, username=null, password=null}}, connectionPoolSettings=ConnectionPoolSettings{maxSize=100, minSize=0, maxWaitTimeMS=120000, maxConnectionLifeTimeMS=0, maxConnectionIdleTimeMS=0, maintenanceInitialDelayMS=0, maintenanceFrequencyMS=60000, connectionPoolListeners=[], maxConnecting=2}, serverSettings=ServerSettings{heartbeatFrequencyMS=10000, minHeartbeatFrequencyMS=500, serverMonitoringMode=AUTO, serverListeners='[]', serverMonitorListeners='[]'}, sslSettings=SslSettings{enabled=true, invalidHostNameAllowed=false, context=null}, applicationName='null', compressorList=[], uuidRepresentation=UNSPECIFIED, serverApi=null, autoEncryptionSettings=null, dnsClient=null, inetAddressResolver=null, contextProvider=null, timeoutMS=null}
2026-08-23 12:07:35 [cluster-ClusterId{value='6a8ab8570991ed4d8077b11d', description='null'}-srv-infolink.asvuqjh.mongodb.net] INFO  org.mongodb.driver.cluster - Adding discovered server ac-lczobyt-shard-00-00.asvuqjh.mongodb.net:27017 to client view of cluster
2026-08-23 12:07:35 [cluster-ClusterId{value='6a8ab8570991ed4d8077b11d', description='null'}-srv-infolink.asvuqjh.mongodb.net] INFO  org.mongodb.driver.cluster - Adding discovered server ac-lczobyt-shard-00-01.asvuqjh.mongodb.net:27017 to client view of cluster
2026-08-23 12:07:35 [cluster-ClusterId{value='6a8ab8570991ed4d8077b11d', description='null'}-srv-infolink.asvuqjh.mongodb.net] INFO  org.mongodb.driver.cluster - Adding discovered server ac-lczobyt-shard-00-02.asvuqjh.mongodb.net:27017 to client view of cluster
2026-08-23 12:07:36 [cluster-6a8ab8570991ed4d8077b11d-ac-lczobyt-shard-00-02.asvuqjh.mongodb.net:27017] INFO  org.mongodb.driver.cluster - Monitor thread successfully connected to server with description ServerDescription{address=ac-lczobyt-shard-00-02.asvuqjh.mongodb.net:27017, type=REPLICA_SET_SECONDARY, cryptd=false, state=CONNECTED, ok=true, minWireVersion=0, maxWireVersion=25, maxDocumentSize=16777216, logicalSessionTimeoutMinutes=30, roundTripTimeNanos=459670600, minRoundTripTimeNanos=0, setName='atlas-e4nrak-shard-0', canonicalAddress=ac-lczobyt-shard-00-02.asvuqjh.mongodb.net:27017, hosts=[ac-lczobyt-shard-00-01.asvuqjh.mongodb.net:27017, ac-lczobyt-shard-00-02.asvuqjh.mongodb.net:27017, ac-lczobyt-shard-00-00.asvuqjh.mongodb.net:27017], passives=[], arbiters=[], primary='ac-lczobyt-shard-00-01.asvuqjh.mongodb.net:27017', tagSet=TagSet{[Tag{name='availabilityZone', value='euc1-az1'}, Tag{name='cacheState', value='READY'}, Tag{name='diskState', value='READY'}, Tag{name='nodeType', value='ELECTABLE'}, Tag{name='provider', value='AWS'}, Tag{name='region', value='EU_CENTRAL_1'}, Tag{name='workloadType', value='OPERATIONAL'}]}, electionId=null, setVersion=439, topologyVersion=TopologyVersion{processId=6a7b69ff648c4799e74e664f, counter=5}, lastWriteDate=Sun Aug 23 12:07:36 EEST 2026, lastUpdateTimeNanos=8082486103200}
2026-08-23 12:07:36 [cluster-6a8ab8570991ed4d8077b11d-ac-lczobyt-shard-00-01.asvuqjh.mongodb.net:27017] INFO  org.mongodb.driver.cluster - Monitor thread successfully connected to server with description ServerDescription{address=ac-lczobyt-shard-00-01.asvuqjh.mongodb.net:27017, type=REPLICA_SET_PRIMARY, cryptd=false, state=CONNECTED, ok=true, minWireVersion=0, maxWireVersion=25, maxDocumentSize=16777216, logicalSessionTimeoutMinutes=30, roundTripTimeNanos=472224600, minRoundTripTimeNanos=0, setName='atlas-e4nrak-shard-0', canonicalAddress=ac-lczobyt-shard-00-01.asvuqjh.mongodb.net:27017, hosts=[ac-lczobyt-shard-00-01.asvuqjh.mongodb.net:27017, ac-lczobyt-shard-00-02.asvuqjh.mongodb.net:27017, ac-lczobyt-shard-00-00.asvuqjh.mongodb.net:27017], passives=[], arbiters=[], primary='ac-lczobyt-shard-00-01.asvuqjh.mongodb.net:27017', tagSet=TagSet{[Tag{name='availabilityZone', value='euc1-az3'}, Tag{name='cacheState', value='READY'}, Tag{name='diskState', value='READY'}, Tag{name='nodeType', value='ELECTABLE'}, Tag{name='provider', value='AWS'}, Tag{name='region', value='EU_CENTRAL_1'}, Tag{name='workloadType', value='OPERATIONAL'}]}, electionId=7fffffff0000000000000462, setVersion=439, topologyVersion=TopologyVersion{processId=6a7b675525e46ec341e1ae14, counter=10}, lastWriteDate=Sun Aug 23 12:07:36 EEST 2026, lastUpdateTimeNanos=8082479059400}
2026-08-23 12:07:36 [cluster-6a8ab8570991ed4d8077b11d-ac-lczobyt-shard-00-01.asvuqjh.mongodb.net:27017] INFO  org.mongodb.driver.cluster - Discovered replica set primary ac-lczobyt-shard-00-01.asvuqjh.mongodb.net:27017 with max election id 7fffffff0000000000000462 and max set version 439
2026-08-23 12:07:36 [cluster-6a8ab8570991ed4d8077b11d-ac-lczobyt-shard-00-00.asvuqjh.mongodb.net:27017] INFO  org.mongodb.driver.cluster - Monitor thread successfully connected to server with description ServerDescription{address=ac-lczobyt-shard-00-00.asvuqjh.mongodb.net:27017, type=REPLICA_SET_SECONDARY, cryptd=false, state=CONNECTED, ok=true, minWireVersion=0, maxWireVersion=25, maxDocumentSize=16777216, logicalSessionTimeoutMinutes=30, roundTripTimeNanos=718176700, minRoundTripTimeNanos=0, setName='atlas-e4nrak-shard-0', canonicalAddress=ac-lczobyt-shard-00-00.asvuqjh.mongodb.net:27017, hosts=[ac-lczobyt-shard-00-01.asvuqjh.mongodb.net:27017, ac-lczobyt-shard-00-02.asvuqjh.mongodb.net:27017, ac-lczobyt-shard-00-00.asvuqjh.mongodb.net:27017], passives=[], arbiters=[], primary='ac-lczobyt-shard-00-01.asvuqjh.mongodb.net:27017', tagSet=TagSet{[Tag{name='availabilityZone', value='euc1-az2'}, Tag{name='cacheState', value='READY'}, Tag{name='diskState', value='READY'}, Tag{name='nodeType', value='ELECTABLE'}, Tag{name='provider', value='AWS'}, Tag{name='region', value='EU_CENTRAL_1'}, Tag{name='workloadType', value='OPERATIONAL'}]}, electionId=null, setVersion=439, topologyVersion=TopologyVersion{processId=6a7b65216f65f70e7a6ea947, counter=10}, lastWriteDate=Sun Aug 23 12:07:36 EEST 2026, lastUpdateTimeNanos=8082677882200}
2026-08-23 12:07:40 [restartedMain] INFO  o.a.coyote.http11.Http11NioProtocol - Starting ProtocolHandler ["http-nio-8080"]
2026-08-23 12:07:40 [restartedMain] INFO  o.s.boot.tomcat.TomcatWebServer - Tomcat started on port 8080 (http) with context path '/'
2026-08-23 12:07:40 [restartedMain] INFO  com.InfoLink.InfoLinkApplication - Started InfoLinkApplication in 23.969 seconds (process running for 25.425)
2026-08-23 12:07:44 [http-nio-8080-exec-1] INFO  o.a.c.c.C.[Tomcat].[localhost].[/] - Initializing Spring DispatcherServlet 'dispatcherServlet'
2026-08-23 12:07:44 [http-nio-8080-exec-1] INFO  o.s.web.servlet.DispatcherServlet - Initializing Servlet 'dispatcherServlet'
2026-08-23 12:07:44 [http-nio-8080-exec-1] INFO  o.s.web.servlet.DispatcherServlet - Completed initialization in 1 ms
2026-08-23 12:07:46 [http-nio-8080-exec-9] INFO  o.s.api.AbstractOpenApiResource - Init duration for springdoc-openapi is: 1299 ms
2026-08-23 12:07:58 [http-nio-8080-exec-10] INFO  com.InfoLink.endPoints.AuthEP - User 'r.osei' logged in successfully
2026-08-23 12:08:36 [http-nio-8080-exec-1] WARN  o.s.w.s.m.m.a.ExceptionHandlerExceptionResolver - Resolved [java.lang.RuntimeException: Invalid refresh token]
2026-08-23 12:08:58 [http-nio-8080-exec-6] WARN  o.s.w.s.m.m.a.ExceptionHandlerExceptionResolver - Resolved [java.lang.RuntimeException: Invalid refresh token]
2026-08-23 12:09:34 [http-nio-8080-exec-8] WARN  o.s.w.s.m.m.a.ExceptionHandlerExceptionResolver - Resolved [java.lang.RuntimeException: Invalid refresh token]
2026-08-23 12:21:51 [File Watcher] INFO  o.s.b.d.a.LocalDevToolsAutoConfiguration$RestartingClassPathChangeChangedEventListener - Restarting due to 1 class path change (1 addition, 0 deletions, 0 modifications)
2026-08-23 12:21:51 [Thread-1] INFO  o.s.boot.tomcat.GracefulShutdown - Commencing graceful shutdown. Waiting for active requests to complete
2026-08-23 12:21:52 [tomcat-shutdown] INFO  o.a.coyote.http11.Http11NioProtocol - Pausing ProtocolHandler ["http-nio-8080"]
2026-08-23 12:21:53 [tomcat-shutdown] INFO  o.s.boot.tomcat.GracefulShutdown - Graceful shutdown complete
2026-08-23 12:21:53 [Thread-1] INFO  o.a.coyote.http11.Http11NioProtocol - Stopping ProtocolHandler ["http-nio-8080"]
2026-08-23 12:21:54 [Thread-1] INFO  o.s.o.j.LocalContainerEntityManagerFactoryBean - Closing JPA EntityManagerFactory for persistence unit 'default'
2026-08-23 12:21:54 [Thread-1] INFO  com.zaxxer.hikari.HikariDataSource - HikariPool-1 - Shutdown initiated...
2026-08-23 12:21:54 [Thread-1] INFO  com.zaxxer.hikari.HikariDataSource - HikariPool-1 - Shutdown completed.
2026-08-23 12:21:59 [restartedMain] INFO  com.InfoLink.InfoLinkApplication - Starting InfoLinkApplication using Java 26 with PID 5172 (D:\AIB-Projects\InfoLink\BackEnd\target\classes started by New in d:\AIB-Projects\InfoLink)
2026-08-23 12:21:59 [restartedMain] INFO  com.InfoLink.InfoLinkApplication - No active profile set, falling back to 1 default profile: "default"
2026-08-23 12:22:11 [restartedMain] INFO  o.s.d.r.c.RepositoryConfigurationDelegate - Multiple Spring Data modules found, entering strict repository configuration mode
2026-08-23 12:22:11 [restartedMain] INFO  o.s.d.r.c.RepositoryConfigurationDelegate - Bootstrapping Spring Data JPA repositories in DEFAULT mode.
2026-08-23 12:22:11 [restartedMain] INFO  o.s.d.r.c.RepositoryConfigurationDelegate - Finished Spring Data repository scanning in 301 ms. Found 5 JPA repository interfaces.
2026-08-23 12:22:11 [restartedMain] INFO  o.s.d.r.c.RepositoryConfigurationDelegate - Multiple Spring Data modules found, entering strict repository configuration mode
2026-08-23 12:22:11 [restartedMain] INFO  o.s.d.r.c.RepositoryConfigurationDelegate - Bootstrapping Spring Data MongoDB repositories in DEFAULT mode.
2026-08-23 12:22:11 [restartedMain] INFO  o.s.d.r.c.RepositoryConfigurationExtensionSupport - Spring Data MongoDB - Could not safely identify store assignment for repository candidate interface com.InfoLink.repository.GroupRepository; If you want this repository to be a MongoDB repository, consider annotating your entities with one of these annotations: org.springframework.data.mongodb.core.mapping.Document (preferred), or consider extending one of the following types with your repository: org.springframework.data.mongodb.repository.MongoRepository
2026-08-23 12:22:11 [restartedMain] INFO  o.s.d.r.c.RepositoryConfigurationExtensionSupport - Spring Data MongoDB - Could not safely identify store assignment for repository candidate interface com.InfoLink.repository.GroupsCollectionsRepository; If you want this repository to be a MongoDB repository, consider annotating your entities with one of these annotations: org.springframework.data.mongodb.core.mapping.Document (preferred), or consider extending one of the following types with your repository: org.springframework.data.mongodb.repository.MongoRepository
2026-08-23 12:22:11 [restartedMain] INFO  o.s.d.r.c.RepositoryConfigurationExtensionSupport - Spring Data MongoDB - Could not safely identify store assignment for repository candidate interface com.InfoLink.repository.LogRepository; If you want this repository to be a MongoDB repository, consider annotating your entities with one of these annotations: org.springframework.data.mongodb.core.mapping.Document (preferred), or consider extending one of the following types with your repository: org.springframework.data.mongodb.repository.MongoRepository
2026-08-23 12:22:11 [restartedMain] INFO  o.s.d.r.c.RepositoryConfigurationExtensionSupport - Spring Data MongoDB - Could not safely identify store assignment for repository candidate interface com.InfoLink.repository.RefreshTokenRepository; If you want this repository to be a MongoDB repository, consider annotating your entities with one of these annotations: org.springframework.data.mongodb.core.mapping.Document (preferred), or consider extending one of the following types with your repository: org.springframework.data.mongodb.repository.MongoRepository
2026-08-23 12:22:11 [restartedMain] INFO  o.s.d.r.c.RepositoryConfigurationExtensionSupport - Spring Data MongoDB - Could not safely identify store assignment for repository candidate interface com.InfoLink.repository.UserRepository; If you want this repository to be a MongoDB repository, consider annotating your entities with one of these annotations: org.springframework.data.mongodb.core.mapping.Document (preferred), or consider extending one of the following types with your repository: org.springframework.data.mongodb.repository.MongoRepository
2026-08-23 12:22:11 [restartedMain] INFO  o.s.d.r.c.RepositoryConfigurationDelegate - Finished Spring Data repository scanning in 138 ms. Found 0 MongoDB repository interfaces.
2026-08-23 12:22:15 [restartedMain] INFO  o.s.boot.tomcat.TomcatWebServer - Tomcat initialized with port 8080 (http)
2026-08-23 12:22:15 [restartedMain] INFO  o.a.coyote.http11.Http11NioProtocol - Initializing ProtocolHandler ["http-nio-8080"]
2026-08-23 12:22:15 [restartedMain] INFO  o.a.catalina.core.StandardService - Starting service [Tomcat]
2026-08-23 12:22:15 [restartedMain] INFO  o.a.catalina.core.StandardEngine - Starting Servlet engine: [Apache Tomcat/11.0.22]
2026-08-23 12:22:16 [restartedMain] INFO  o.s.b.w.c.s.WebApplicationContextInitializer - Root WebApplicationContext: initialization completed in 15980 ms
2026-08-23 12:22:17 [restartedMain] INFO  com.zaxxer.hikari.HikariDataSource - HikariPool-2 - Starting...
2026-08-23 12:22:19 [restartedMain] INFO  com.zaxxer.hikari.pool.HikariPool - HikariPool-2 - Added connection ConnectionID:11 ClientConnectionId: f6a09a9e-bf65-4a64-9234-51436b8f05b1
2026-08-23 12:22:19 [restartedMain] INFO  com.zaxxer.hikari.HikariDataSource - HikariPool-2 - Start completed.
2026-08-23 12:22:19 [restartedMain] INFO  org.hibernate.orm.jpa - HHH008540: Processing PersistenceUnitInfo [name: default]
2026-08-23 12:22:19 [restartedMain] INFO  o.s.o.j.p.SpringPersistenceUnitInfo - No LoadTimeWeaver setup: ignoring JPA class transformer
2026-08-23 12:22:22 [restartedMain] INFO  o.hibernate.orm.connections.pooling - HHH10001005: Database info:
	Database JDBC URL [jdbc:sqlserver://localhost\desktop-sgfhgte\mssqlserver01:1433;connectRetryInterval=10;connectRetryCount=1;maxResultBuffer=-1;sendTemporalDataTypesAsStringForBulkCopy=true;delayLoadingLobs=true;useFmtOnly=false;useBulkCopyForBatchInsert=false;cancelQueryTimeout=-1;sslProtocol=TLS;jaasConfigurationName=SQLJDBCDriver;statementPoolingCacheSize=0;serverPreparedStatementDiscardThreshold=10;enablePrepareOnFirstPreparedStatementCall=false;fips=false;socketTimeout=0;authentication=NotSpecified;authenticationScheme=nativeAuthentication;xopenStates=false;datetimeParameterType=datetime2;sendTimeAsDatetime=true;replication=false;trustStoreType=JKS;trustServerCertificate=true;TransparentNetworkIPResolution=true;iPAddressPreference=IPv4First;serverNameAsACE=false;sendStringParametersAsUnicode=true;selectMethod=direct;responseBuffering=adaptive;queryTimeout=-1;packetSize=8000;multiSubnetFailover=false;loginTimeout=30;lockTimeout=-1;lastUpdateCount=true;prepareMethod=prepexec;encrypt=true;disableStatementPooling=true;databaseName=InfoLink;columnEncryptionSetting=Disabled;applicationName=Microsoft JDBC Driver for SQL Server;applicationIntent=readwrite;]
	Database driver: Microsoft JDBC Driver 12.3 for SQL Server
	Database dialect: SQLServerDialect
	Database version: 17.0
	Default catalog/schema: InfoLink/dbo
	Autocommit mode: undefined/unknown
	Isolation level: READ_COMMITTED [default READ_COMMITTED]
	JDBC fetch size: 128
	Pool: DataSourceConnectionProvider
	Minimum pool size: undefined/unknown
	Maximum pool size: undefined/unknown
2026-08-23 12:22:32 [restartedMain] INFO  org.hibernate.orm.core - HHH000489: No JTA platform available (set 'hibernate.transaction.jta.platform' to enable JTA platform integration)
2026-08-23 12:22:32 [restartedMain] INFO  o.s.o.j.LocalContainerEntityManagerFactoryBean - Initialized JPA EntityManagerFactory for persistence unit 'default'
2026-08-23 12:22:35 [restartedMain] INFO  o.s.s.c.a.a.c.InitializeUserDetailsBeanManagerConfigurer$InitializeUserDetailsManagerConfigurer - Global AuthenticationManager configured with UserDetailsService bean with name customUserDetailsService
2026-08-23 12:22:38 [restartedMain] INFO  org.mongodb.driver.client - MongoClient with metadata {"driver": {"name": "mongo-java-driver|spring-boot|sync", "version": "5.8.0"}, "os": {"type": "Windows", "name": "Windows 11", "architecture": "amd64", "version": "10.0"}, "platform": "Java/Oracle Corporation/26+35-2893"} created with settings MongoClientSettings{readPreference=primary, writeConcern=WriteConcern{w=null, wTimeout=null ms, journal=null}, retryWrites=true, retryReads=true, readConcern=ReadConcern{level=null}, credential=MongoCredential{mechanism=null, userName='InfoLink_MongoDB', source='admin', password=<hidden>, mechanismProperties=<hidden>}, transportSettings=null, commandListeners=[], codecRegistry=ProvidersCodecRegistry{codecProviders=[ValueCodecProvider{}, BsonValueCodecProvider{}, DBRefCodecProvider{}, DBObjectCodecProvider{}, DocumentCodecProvider{}, CollectionCodecProvider{}, IterableCodecProvider{}, MapCodecProvider{}, GeoJsonCodecProvider{}, GridFSFileCodecProvider{}, Jsr310CodecProvider{}, JsonObjectCodecProvider{}, BsonCodecProvider{}, com.mongodb.client.model.mql.ExpressionCodecProvider@7279de5b, com.mongodb.Jep395RecordCodecProvider@1bcc98f2, com.mongodb.KotlinCodecProvider@7079c053, EnumCodecProvider{}]}, loggerSettings=LoggerSettings{maxDocumentLength=1000}, clusterSettings={hosts=[127.0.0.1:27017], srvHost=infolink.asvuqjh.mongodb.net, srvServiceName=mongodb, mode=MULTIPLE, requiredClusterType=REPLICA_SET, requiredReplicaSetName='atlas-e4nrak-shard-0', serverSelector='null', clusterListeners='[]', serverSelectionTimeout='30000 ms', localThreshold='15 ms'}, socketSettings=SocketSettings{connectTimeoutMS=10000, readTimeoutMS=0, receiveBufferSize=0, proxySettings=ProxySettings{host=null, port=null, username=null, password=null}}, heartbeatSocketSettings=SocketSettings{connectTimeoutMS=10000, readTimeoutMS=10000, receiveBufferSize=0, proxySettings=ProxySettings{host=null, port=null, username=null, password=null}}, connectionPoolSettings=ConnectionPoolSettings{maxSize=100, minSize=0, maxWaitTimeMS=120000, maxConnectionLifeTimeMS=0, maxConnectionIdleTimeMS=0, maintenanceInitialDelayMS=0, maintenanceFrequencyMS=60000, connectionPoolListeners=[], maxConnecting=2}, serverSettings=ServerSettings{heartbeatFrequencyMS=10000, minHeartbeatFrequencyMS=500, serverMonitoringMode=AUTO, serverListeners='[]', serverMonitorListeners='[]'}, sslSettings=SslSettings{enabled=true, invalidHostNameAllowed=false, context=null}, applicationName='null', compressorList=[], uuidRepresentation=UNSPECIFIED, serverApi=null, autoEncryptionSettings=null, dnsClient=null, inetAddressResolver=null, contextProvider=null, timeoutMS=null}
2026-08-23 12:22:38 [cluster-ClusterId{value='6a8abbde0991ed4d8077b11e', description='null'}-srv-infolink.asvuqjh.mongodb.net] INFO  org.mongodb.driver.cluster - Adding discovered server ac-lczobyt-shard-00-00.asvuqjh.mongodb.net:27017 to client view of cluster
2026-08-23 12:22:39 [cluster-ClusterId{value='6a8abbde0991ed4d8077b11e', description='null'}-srv-infolink.asvuqjh.mongodb.net] INFO  org.mongodb.driver.cluster - Adding discovered server ac-lczobyt-shard-00-01.asvuqjh.mongodb.net:27017 to client view of cluster
2026-08-23 12:22:39 [cluster-ClusterId{value='6a8abbde0991ed4d8077b11e', description='null'}-srv-infolink.asvuqjh.mongodb.net] INFO  org.mongodb.driver.cluster - Adding discovered server ac-lczobyt-shard-00-02.asvuqjh.mongodb.net:27017 to client view of cluster
2026-08-23 12:22:41 [cluster-6a8abbde0991ed4d8077b11e-ac-lczobyt-shard-00-02.asvuqjh.mongodb.net:27017] INFO  org.mongodb.driver.cluster - Monitor thread successfully connected to server with description ServerDescription{address=ac-lczobyt-shard-00-02.asvuqjh.mongodb.net:27017, type=REPLICA_SET_SECONDARY, cryptd=false, state=CONNECTED, ok=true, minWireVersion=0, maxWireVersion=25, maxDocumentSize=16777216, logicalSessionTimeoutMinutes=30, roundTripTimeNanos=1176876200, minRoundTripTimeNanos=0, setName='atlas-e4nrak-shard-0', canonicalAddress=ac-lczobyt-shard-00-02.asvuqjh.mongodb.net:27017, hosts=[ac-lczobyt-shard-00-01.asvuqjh.mongodb.net:27017, ac-lczobyt-shard-00-02.asvuqjh.mongodb.net:27017, ac-lczobyt-shard-00-00.asvuqjh.mongodb.net:27017], passives=[], arbiters=[], primary='ac-lczobyt-shard-00-01.asvuqjh.mongodb.net:27017', tagSet=TagSet{[Tag{name='availabilityZone', value='euc1-az1'}, Tag{name='cacheState', value='READY'}, Tag{name='diskState', value='READY'}, Tag{name='nodeType', value='ELECTABLE'}, Tag{name='provider', value='AWS'}, Tag{name='region', value='EU_CENTRAL_1'}, Tag{name='workloadType', value='OPERATIONAL'}]}, electionId=null, setVersion=439, topologyVersion=TopologyVersion{processId=6a7b69ff648c4799e74e664f, counter=5}, lastWriteDate=Sun Aug 23 12:22:40 EEST 2026, lastUpdateTimeNanos=8987171646400}
2026-08-23 12:22:41 [cluster-6a8abbde0991ed4d8077b11e-ac-lczobyt-shard-00-00.asvuqjh.mongodb.net:27017] INFO  org.mongodb.driver.cluster - Monitor thread successfully connected to server with description ServerDescription{address=ac-lczobyt-shard-00-00.asvuqjh.mongodb.net:27017, type=REPLICA_SET_SECONDARY, cryptd=false, state=CONNECTED, ok=true, minWireVersion=0, maxWireVersion=25, maxDocumentSize=16777216, logicalSessionTimeoutMinutes=30, roundTripTimeNanos=1510148700, minRoundTripTimeNanos=0, setName='atlas-e4nrak-shard-0', canonicalAddress=ac-lczobyt-shard-00-00.asvuqjh.mongodb.net:27017, hosts=[ac-lczobyt-shard-00-01.asvuqjh.mongodb.net:27017, ac-lczobyt-shard-00-02.asvuqjh.mongodb.net:27017, ac-lczobyt-shard-00-00.asvuqjh.mongodb.net:27017], passives=[], arbiters=[], primary='ac-lczobyt-shard-00-01.asvuqjh.mongodb.net:27017', tagSet=TagSet{[Tag{name='availabilityZone', value='euc1-az2'}, Tag{name='cacheState', value='READY'}, Tag{name='diskState', value='READY'}, Tag{name='nodeType', value='ELECTABLE'}, Tag{name='provider', value='AWS'}, Tag{name='region', value='EU_CENTRAL_1'}, Tag{name='workloadType', value='OPERATIONAL'}]}, electionId=null, setVersion=439, topologyVersion=TopologyVersion{processId=6a7b65216f65f70e7a6ea947, counter=10}, lastWriteDate=Sun Aug 23 12:22:40 EEST 2026, lastUpdateTimeNanos=8987197522800}
2026-08-23 12:22:41 [cluster-6a8abbde0991ed4d8077b11e-ac-lczobyt-shard-00-01.asvuqjh.mongodb.net:27017] INFO  org.mongodb.driver.cluster - Monitor thread successfully connected to server with description ServerDescription{address=ac-lczobyt-shard-00-01.asvuqjh.mongodb.net:27017, type=REPLICA_SET_PRIMARY, cryptd=false, state=CONNECTED, ok=true, minWireVersion=0, maxWireVersion=25, maxDocumentSize=16777216, logicalSessionTimeoutMinutes=30, roundTripTimeNanos=1526487600, minRoundTripTimeNanos=0, setName='atlas-e4nrak-shard-0', canonicalAddress=ac-lczobyt-shard-00-01.asvuqjh.mongodb.net:27017, hosts=[ac-lczobyt-shard-00-01.asvuqjh.mongodb.net:27017, ac-lczobyt-shard-00-02.asvuqjh.mongodb.net:27017, ac-lczobyt-shard-00-00.asvuqjh.mongodb.net:27017], passives=[], arbiters=[], primary='ac-lczobyt-shard-00-01.asvuqjh.mongodb.net:27017', tagSet=TagSet{[Tag{name='availabilityZone', value='euc1-az3'}, Tag{name='cacheState', value='READY'}, Tag{name='diskState', value='READY'}, Tag{name='nodeType', value='ELECTABLE'}, Tag{name='provider', value='AWS'}, Tag{name='region', value='EU_CENTRAL_1'}, Tag{name='workloadType', value='OPERATIONAL'}]}, electionId=7fffffff0000000000000462, setVersion=439, topologyVersion=TopologyVersion{processId=6a7b675525e46ec341e1ae14, counter=10}, lastWriteDate=Sun Aug 23 12:22:41 EEST 2026, lastUpdateTimeNanos=8987261578000}
2026-08-23 12:22:41 [cluster-6a8abbde0991ed4d8077b11e-ac-lczobyt-shard-00-01.asvuqjh.mongodb.net:27017] INFO  org.mongodb.driver.cluster - Discovered replica set primary ac-lczobyt-shard-00-01.asvuqjh.mongodb.net:27017 with max election id 7fffffff0000000000000462 and max set version 439
2026-08-23 12:22:44 [restartedMain] INFO  o.a.coyote.http11.Http11NioProtocol - Starting ProtocolHandler ["http-nio-8080"]
2026-08-23 12:22:44 [restartedMain] INFO  o.s.boot.tomcat.TomcatWebServer - Tomcat started on port 8080 (http) with context path '/'
2026-08-23 12:22:44 [restartedMain] INFO  com.InfoLink.InfoLinkApplication - Started InfoLinkApplication in 48.426 seconds (process running for 928.967)
2026-08-23 12:22:44 [restartedMain] INFO  o.s.b.d.a.ConditionEvaluationDeltaLoggingListener - Condition evaluation unchanged
2026-08-23 12:23:13 [background-preinit] INFO  o.h.validator.internal.util.Version - HV000001: Hibernate Validator 9.1.0.Final
2026-08-23 12:23:14 [restartedMain] INFO  com.InfoLink.InfoLinkApplication - Starting InfoLinkApplication using Java 26 with PID 8804 (D:\AIB-Projects\InfoLink\BackEnd\target\classes started by New in d:\AIB-Projects\InfoLink)
2026-08-23 12:23:14 [restartedMain] INFO  com.InfoLink.InfoLinkApplication - No active profile set, falling back to 1 default profile: "default"
2026-08-23 12:23:15 [restartedMain] INFO  o.s.b.d.e.DevToolsPropertyDefaultsPostProcessor - Devtools property defaults active! Set 'spring.devtools.add-properties' to 'false' to disable
2026-08-23 12:23:15 [restartedMain] INFO  o.s.b.d.e.DevToolsPropertyDefaultsPostProcessor - For additional web related logging consider setting the 'logging.level.web' property to 'DEBUG'
2026-08-23 12:23:42 [restartedMain] INFO  o.s.d.r.c.RepositoryConfigurationDelegate - Multiple Spring Data modules found, entering strict repository configuration mode
2026-08-23 12:23:42 [restartedMain] INFO  o.s.d.r.c.RepositoryConfigurationDelegate - Bootstrapping Spring Data JPA repositories in DEFAULT mode.
2026-08-23 12:23:44 [restartedMain] INFO  o.s.d.r.c.RepositoryConfigurationDelegate - Finished Spring Data repository scanning in 1496 ms. Found 5 JPA repository interfaces.
2026-08-23 12:23:45 [restartedMain] INFO  o.s.d.r.c.RepositoryConfigurationDelegate - Multiple Spring Data modules found, entering strict repository configuration mode
2026-08-23 12:23:45 [restartedMain] INFO  o.s.d.r.c.RepositoryConfigurationDelegate - Bootstrapping Spring Data MongoDB repositories in DEFAULT mode.
2026-08-23 12:23:46 [restartedMain] INFO  o.s.d.r.c.RepositoryConfigurationExtensionSupport - Spring Data MongoDB - Could not safely identify store assignment for repository candidate interface com.InfoLink.repository.GroupRepository; If you want this repository to be a MongoDB repository, consider annotating your entities with one of these annotations: org.springframework.data.mongodb.core.mapping.Document (preferred), or consider extending one of the following types with your repository: org.springframework.data.mongodb.repository.MongoRepository
2026-08-23 12:23:46 [restartedMain] INFO  o.s.d.r.c.RepositoryConfigurationExtensionSupport - Spring Data MongoDB - Could not safely identify store assignment for repository candidate interface com.InfoLink.repository.GroupsCollectionsRepository; If you want this repository to be a MongoDB repository, consider annotating your entities with one of these annotations: org.springframework.data.mongodb.core.mapping.Document (preferred), or consider extending one of the following types with your repository: org.springframework.data.mongodb.repository.MongoRepository
2026-08-23 12:23:46 [restartedMain] INFO  o.s.d.r.c.RepositoryConfigurationExtensionSupport - Spring Data MongoDB - Could not safely identify store assignment for repository candidate interface com.InfoLink.repository.LogRepository; If you want this repository to be a MongoDB repository, consider annotating your entities with one of these annotations: org.springframework.data.mongodb.core.mapping.Document (preferred), or consider extending one of the following types with your repository: org.springframework.data.mongodb.repository.MongoRepository
2026-08-23 12:23:46 [restartedMain] INFO  o.s.d.r.c.RepositoryConfigurationExtensionSupport - Spring Data MongoDB - Could not safely identify store assignment for repository candidate interface com.InfoLink.repository.RefreshTokenRepository; If you want this repository to be a MongoDB repository, consider annotating your entities with one of these annotations: org.springframework.data.mongodb.core.mapping.Document (preferred), or consider extending one of the following types with your repository: org.springframework.data.mongodb.repository.MongoRepository
2026-08-23 12:23:46 [restartedMain] INFO  o.s.d.r.c.RepositoryConfigurationExtensionSupport - Spring Data MongoDB - Could not safely identify store assignment for repository candidate interface com.InfoLink.repository.UserRepository; If you want this repository to be a MongoDB repository, consider annotating your entities with one of these annotations: org.springframework.data.mongodb.core.mapping.Document (preferred), or consider extending one of the following types with your repository: org.springframework.data.mongodb.repository.MongoRepository
2026-08-23 12:23:46 [restartedMain] INFO  o.s.d.r.c.RepositoryConfigurationDelegate - Finished Spring Data repository scanning in 934 ms. Found 0 MongoDB repository interfaces.
2026-08-23 12:24:35 [restartedMain] INFO  o.s.boot.tomcat.TomcatWebServer - Tomcat initialized with port 8080 (http)
2026-08-23 12:24:36 [restartedMain] INFO  o.a.coyote.http11.Http11NioProtocol - Initializing ProtocolHandler ["http-nio-8080"]
2026-08-23 12:24:36 [restartedMain] INFO  o.a.catalina.core.StandardService - Starting service [Tomcat]
2026-08-23 12:24:36 [restartedMain] INFO  o.a.catalina.core.StandardEngine - Starting Servlet engine: [Apache Tomcat/11.0.22]
2026-08-23 12:24:41 [restartedMain] INFO  o.s.b.w.c.s.WebApplicationContextInitializer - Root WebApplicationContext: initialization completed in 85778 ms
2026-08-23 12:24:49 [restartedMain] INFO  com.zaxxer.hikari.HikariDataSource - HikariPool-1 - Starting...
2026-08-23 12:24:57 [restartedMain] INFO  com.zaxxer.hikari.pool.HikariPool - HikariPool-1 - Added connection ConnectionID:1 ClientConnectionId: b8db2b99-64f2-49df-b40c-77832f275088
2026-08-23 12:24:57 [restartedMain] INFO  com.zaxxer.hikari.HikariDataSource - HikariPool-1 - Start completed.
2026-08-23 12:24:58 [restartedMain] INFO  org.hibernate.orm.jpa - HHH008540: Processing PersistenceUnitInfo [name: default]
2026-08-23 12:24:59 [restartedMain] INFO  org.hibernate.orm.core - HHH000001: Hibernate ORM core version 7.4.1.Final
2026-08-23 12:25:15 [restartedMain] INFO  o.s.o.j.p.SpringPersistenceUnitInfo - No LoadTimeWeaver setup: ignoring JPA class transformer
2026-08-23 12:25:21 [restartedMain] INFO  o.hibernate.orm.connections.pooling - HHH10001005: Database info:
	Database JDBC URL [jdbc:sqlserver://localhost\desktop-sgfhgte\mssqlserver01:1433;connectRetryInterval=10;connectRetryCount=1;maxResultBuffer=-1;sendTemporalDataTypesAsStringForBulkCopy=true;delayLoadingLobs=true;useFmtOnly=false;useBulkCopyForBatchInsert=false;cancelQueryTimeout=-1;sslProtocol=TLS;jaasConfigurationName=SQLJDBCDriver;statementPoolingCacheSize=0;serverPreparedStatementDiscardThreshold=10;enablePrepareOnFirstPreparedStatementCall=false;fips=false;socketTimeout=0;authentication=NotSpecified;authenticationScheme=nativeAuthentication;xopenStates=false;datetimeParameterType=datetime2;sendTimeAsDatetime=true;replication=false;trustStoreType=JKS;trustServerCertificate=true;TransparentNetworkIPResolution=true;iPAddressPreference=IPv4First;serverNameAsACE=false;sendStringParametersAsUnicode=true;selectMethod=direct;responseBuffering=adaptive;queryTimeout=-1;packetSize=8000;multiSubnetFailover=false;loginTimeout=30;lockTimeout=-1;lastUpdateCount=true;prepareMethod=prepexec;encrypt=true;disableStatementPooling=true;databaseName=InfoLink;columnEncryptionSetting=Disabled;applicationName=Microsoft JDBC Driver for SQL Server;applicationIntent=readwrite;]
	Database driver: Microsoft JDBC Driver 12.3 for SQL Server
	Database dialect: SQLServerDialect
	Database version: 17.0
	Default catalog/schema: InfoLink/dbo
	Autocommit mode: undefined/unknown
	Isolation level: READ_COMMITTED [default READ_COMMITTED]
	JDBC fetch size: 128
	Pool: DataSourceConnectionProvider
	Minimum pool size: undefined/unknown
	Maximum pool size: undefined/unknown
2026-08-23 12:25:54 [restartedMain] INFO  org.hibernate.orm.core - HHH000489: No JTA platform available (set 'hibernate.transaction.jta.platform' to enable JTA platform integration)
2026-08-23 12:25:55 [restartedMain] INFO  o.s.o.j.LocalContainerEntityManagerFactoryBean - Initialized JPA EntityManagerFactory for persistence unit 'default'
2026-08-23 12:25:59 [restartedMain] INFO  o.s.d.j.r.q.QueryEnhancerFactories - Hibernate is in classpath; If applicable, HQL parser will be used.
2026-08-23 12:26:04 [restartedMain] INFO  o.s.s.c.a.a.c.InitializeUserDetailsBeanManagerConfigurer$InitializeUserDetailsManagerConfigurer - Global AuthenticationManager configured with UserDetailsService bean with name customUserDetailsService
2026-08-23 12:26:09 [cluster-ClusterId{value='6a8abcae049f9bfab1466fe4', description='null'}-srv-infolink.asvuqjh.mongodb.net] INFO  org.mongodb.driver.cluster - Adding discovered server ac-lczobyt-shard-00-00.asvuqjh.mongodb.net:27017 to client view of cluster
2026-08-23 12:26:09 [restartedMain] INFO  org.mongodb.driver.client - MongoClient with metadata {"driver": {"name": "mongo-java-driver|spring-boot|sync", "version": "5.8.0"}, "os": {"type": "Windows", "name": "Windows 11", "architecture": "amd64", "version": "10.0"}, "platform": "Java/Oracle Corporation/26+35-2893"} created with settings MongoClientSettings{readPreference=primary, writeConcern=WriteConcern{w=null, wTimeout=null ms, journal=null}, retryWrites=true, retryReads=true, readConcern=ReadConcern{level=null}, credential=MongoCredential{mechanism=null, userName='InfoLink_MongoDB', source='admin', password=<hidden>, mechanismProperties=<hidden>}, transportSettings=null, commandListeners=[], codecRegistry=ProvidersCodecRegistry{codecProviders=[ValueCodecProvider{}, BsonValueCodecProvider{}, DBRefCodecProvider{}, DBObjectCodecProvider{}, DocumentCodecProvider{}, CollectionCodecProvider{}, IterableCodecProvider{}, MapCodecProvider{}, GeoJsonCodecProvider{}, GridFSFileCodecProvider{}, Jsr310CodecProvider{}, JsonObjectCodecProvider{}, BsonCodecProvider{}, com.mongodb.client.model.mql.ExpressionCodecProvider@f82cd34, com.mongodb.Jep395RecordCodecProvider@33354199, com.mongodb.KotlinCodecProvider@4cc14405, EnumCodecProvider{}]}, loggerSettings=LoggerSettings{maxDocumentLength=1000}, clusterSettings={hosts=[127.0.0.1:27017], srvHost=infolink.asvuqjh.mongodb.net, srvServiceName=mongodb, mode=MULTIPLE, requiredClusterType=REPLICA_SET, requiredReplicaSetName='atlas-e4nrak-shard-0', serverSelector='null', clusterListeners='[]', serverSelectionTimeout='30000 ms', localThreshold='15 ms'}, socketSettings=SocketSettings{connectTimeoutMS=10000, readTimeoutMS=0, receiveBufferSize=0, proxySettings=ProxySettings{host=null, port=null, username=null, password=null}}, heartbeatSocketSettings=SocketSettings{connectTimeoutMS=10000, readTimeoutMS=10000, receiveBufferSize=0, proxySettings=ProxySettings{host=null, port=null, username=null, password=null}}, connectionPoolSettings=ConnectionPoolSettings{maxSize=100, minSize=0, maxWaitTimeMS=120000, maxConnectionLifeTimeMS=0, maxConnectionIdleTimeMS=0, maintenanceInitialDelayMS=0, maintenanceFrequencyMS=60000, connectionPoolListeners=[], maxConnecting=2}, serverSettings=ServerSettings{heartbeatFrequencyMS=10000, minHeartbeatFrequencyMS=500, serverMonitoringMode=AUTO, serverListeners='[]', serverMonitorListeners='[]'}, sslSettings=SslSettings{enabled=true, invalidHostNameAllowed=false, context=null}, applicationName='null', compressorList=[], uuidRepresentation=UNSPECIFIED, serverApi=null, autoEncryptionSettings=null, dnsClient=null, inetAddressResolver=null, contextProvider=null, timeoutMS=null}
2026-08-23 12:26:10 [cluster-ClusterId{value='6a8abcae049f9bfab1466fe4', description='null'}-srv-infolink.asvuqjh.mongodb.net] INFO  org.mongodb.driver.cluster - Adding discovered server ac-lczobyt-shard-00-01.asvuqjh.mongodb.net:27017 to client view of cluster
2026-08-23 12:26:10 [cluster-ClusterId{value='6a8abcae049f9bfab1466fe4', description='null'}-srv-infolink.asvuqjh.mongodb.net] INFO  org.mongodb.driver.cluster - Adding discovered server ac-lczobyt-shard-00-02.asvuqjh.mongodb.net:27017 to client view of cluster
2026-08-23 12:26:17 [cluster-6a8abcae049f9bfab1466fe4-ac-lczobyt-shard-00-00.asvuqjh.mongodb.net:27017] INFO  org.mongodb.driver.cluster - Monitor thread successfully connected to server with description ServerDescription{address=ac-lczobyt-shard-00-00.asvuqjh.mongodb.net:27017, type=REPLICA_SET_SECONDARY, cryptd=false, state=CONNECTED, ok=true, minWireVersion=0, maxWireVersion=25, maxDocumentSize=16777216, logicalSessionTimeoutMinutes=30, roundTripTimeNanos=3311631300, minRoundTripTimeNanos=0, setName='atlas-e4nrak-shard-0', canonicalAddress=ac-lczobyt-shard-00-00.asvuqjh.mongodb.net:27017, hosts=[ac-lczobyt-shard-00-01.asvuqjh.mongodb.net:27017, ac-lczobyt-shard-00-02.asvuqjh.mongodb.net:27017, ac-lczobyt-shard-00-00.asvuqjh.mongodb.net:27017], passives=[], arbiters=[], primary='ac-lczobyt-shard-00-01.asvuqjh.mongodb.net:27017', tagSet=TagSet{[Tag{name='availabilityZone', value='euc1-az2'}, Tag{name='cacheState', value='READY'}, Tag{name='diskState', value='READY'}, Tag{name='nodeType', value='ELECTABLE'}, Tag{name='provider', value='AWS'}, Tag{name='region', value='EU_CENTRAL_1'}, Tag{name='workloadType', value='OPERATIONAL'}]}, electionId=null, setVersion=439, topologyVersion=TopologyVersion{processId=6a7b65216f65f70e7a6ea947, counter=10}, lastWriteDate=Sun Aug 23 12:26:16 EEST 2026, lastUpdateTimeNanos=9203424086500}
2026-08-23 12:26:17 [cluster-6a8abcae049f9bfab1466fe4-ac-lczobyt-shard-00-02.asvuqjh.mongodb.net:27017] INFO  org.mongodb.driver.cluster - Monitor thread successfully connected to server with description ServerDescription{address=ac-lczobyt-shard-00-02.asvuqjh.mongodb.net:27017, type=REPLICA_SET_SECONDARY, cryptd=false, state=CONNECTED, ok=true, minWireVersion=0, maxWireVersion=25, maxDocumentSize=16777216, logicalSessionTimeoutMinutes=30, roundTripTimeNanos=3382333000, minRoundTripTimeNanos=0, setName='atlas-e4nrak-shard-0', canonicalAddress=ac-lczobyt-shard-00-02.asvuqjh.mongodb.net:27017, hosts=[ac-lczobyt-shard-00-01.asvuqjh.mongodb.net:27017, ac-lczobyt-shard-00-02.asvuqjh.mongodb.net:27017, ac-lczobyt-shard-00-00.asvuqjh.mongodb.net:27017], passives=[], arbiters=[], primary='ac-lczobyt-shard-00-01.asvuqjh.mongodb.net:27017', tagSet=TagSet{[Tag{name='availabilityZone', value='euc1-az1'}, Tag{name='cacheState', value='READY'}, Tag{name='diskState', value='READY'}, Tag{name='nodeType', value='ELECTABLE'}, Tag{name='provider', value='AWS'}, Tag{name='region', value='EU_CENTRAL_1'}, Tag{name='workloadType', value='OPERATIONAL'}]}, electionId=null, setVersion=439, topologyVersion=TopologyVersion{processId=6a7b69ff648c4799e74e664f, counter=5}, lastWriteDate=Sun Aug 23 12:26:16 EEST 2026, lastUpdateTimeNanos=9203455465800}
2026-08-23 12:26:17 [cluster-6a8abcae049f9bfab1466fe4-ac-lczobyt-shard-00-01.asvuqjh.mongodb.net:27017] INFO  org.mongodb.driver.cluster - Monitor thread successfully connected to server with description ServerDescription{address=ac-lczobyt-shard-00-01.asvuqjh.mongodb.net:27017, type=REPLICA_SET_PRIMARY, cryptd=false, state=CONNECTED, ok=true, minWireVersion=0, maxWireVersion=25, maxDocumentSize=16777216, logicalSessionTimeoutMinutes=30, roundTripTimeNanos=3349829000, minRoundTripTimeNanos=0, setName='atlas-e4nrak-shard-0', canonicalAddress=ac-lczobyt-shard-00-01.asvuqjh.mongodb.net:27017, hosts=[ac-lczobyt-shard-00-01.asvuqjh.mongodb.net:27017, ac-lczobyt-shard-00-02.asvuqjh.mongodb.net:27017, ac-lczobyt-shard-00-00.asvuqjh.mongodb.net:27017], passives=[], arbiters=[], primary='ac-lczobyt-shard-00-01.asvuqjh.mongodb.net:27017', tagSet=TagSet{[Tag{name='availabilityZone', value='euc1-az3'}, Tag{name='cacheState', value='READY'}, Tag{name='diskState', value='READY'}, Tag{name='nodeType', value='ELECTABLE'}, Tag{name='provider', value='AWS'}, Tag{name='region', value='EU_CENTRAL_1'}, Tag{name='workloadType', value='OPERATIONAL'}]}, electionId=7fffffff0000000000000462, setVersion=439, topologyVersion=TopologyVersion{processId=6a7b675525e46ec341e1ae14, counter=10}, lastWriteDate=Sun Aug 23 12:26:16 EEST 2026, lastUpdateTimeNanos=9203425587500}
2026-08-23 12:26:17 [cluster-6a8abcae049f9bfab1466fe4-ac-lczobyt-shard-00-01.asvuqjh.mongodb.net:27017] INFO  org.mongodb.driver.cluster - Discovered replica set primary ac-lczobyt-shard-00-01.asvuqjh.mongodb.net:27017 with max election id 7fffffff0000000000000462 and max set version 439
2026-08-23 12:26:53 [restartedMain] INFO  o.a.coyote.http11.Http11NioProtocol - Starting ProtocolHandler ["http-nio-8080"]
2026-08-23 12:26:53 [restartedMain] INFO  o.s.boot.tomcat.TomcatWebServer - Tomcat started on port 8080 (http) with context path '/'
2026-08-23 12:26:53 [restartedMain] INFO  com.InfoLink.InfoLinkApplication - Started InfoLinkApplication in 239.969 seconds (process running for 242.512)
2026-08-23 12:27:05 [File Watcher] INFO  o.s.b.d.a.LocalDevToolsAutoConfiguration$RestartingClassPathChangeChangedEventListener - Restarting due to 1 class path change (0 additions, 0 deletions, 1 modification)
2026-08-23 12:27:06 [Thread-1] INFO  o.s.boot.tomcat.GracefulShutdown - Commencing graceful shutdown. Waiting for active requests to complete
2026-08-23 12:27:06 [tomcat-shutdown] INFO  o.a.coyote.http11.Http11NioProtocol - Pausing ProtocolHandler ["http-nio-8080"]
2026-08-23 12:27:07 [tomcat-shutdown] INFO  o.s.boot.tomcat.GracefulShutdown - Graceful shutdown complete
2026-08-23 12:27:07 [Thread-1] INFO  o.a.coyote.http11.Http11NioProtocol - Stopping ProtocolHandler ["http-nio-8080"]
2026-08-23 12:27:07 [Thread-1] INFO  o.s.o.j.LocalContainerEntityManagerFactoryBean - Closing JPA EntityManagerFactory for persistence unit 'default'
2026-08-23 12:27:07 [Thread-1] INFO  com.zaxxer.hikari.HikariDataSource - HikariPool-1 - Shutdown initiated...
2026-08-23 12:27:08 [Thread-1] INFO  com.zaxxer.hikari.HikariDataSource - HikariPool-1 - Shutdown completed.
2026-08-23 12:27:12 [restartedMain] INFO  com.InfoLink.InfoLinkApplication - Starting InfoLinkApplication using Java 26 with PID 8804 (D:\AIB-Projects\InfoLink\BackEnd\target\classes started by New in d:\AIB-Projects\InfoLink)
2026-08-23 12:27:12 [restartedMain] INFO  com.InfoLink.InfoLinkApplication - No active profile set, falling back to 1 default profile: "default"
2026-08-23 12:27:23 [restartedMain] INFO  o.s.d.r.c.RepositoryConfigurationDelegate - Multiple Spring Data modules found, entering strict repository configuration mode
2026-08-23 12:27:23 [restartedMain] INFO  o.s.d.r.c.RepositoryConfigurationDelegate - Bootstrapping Spring Data JPA repositories in DEFAULT mode.
2026-08-23 12:27:24 [restartedMain] INFO  o.s.d.r.c.RepositoryConfigurationDelegate - Finished Spring Data repository scanning in 738 ms. Found 5 JPA repository interfaces.
2026-08-23 12:27:24 [restartedMain] INFO  o.s.d.r.c.RepositoryConfigurationDelegate - Multiple Spring Data modules found, entering strict repository configuration mode
2026-08-23 12:27:24 [restartedMain] INFO  o.s.d.r.c.RepositoryConfigurationDelegate - Bootstrapping Spring Data MongoDB repositories in DEFAULT mode.
2026-08-23 12:27:24 [restartedMain] INFO  o.s.d.r.c.RepositoryConfigurationExtensionSupport - Spring Data MongoDB - Could not safely identify store assignment for repository candidate interface com.InfoLink.repository.GroupRepository; If you want this repository to be a MongoDB repository, consider annotating your entities with one of these annotations: org.springframework.data.mongodb.core.mapping.Document (preferred), or consider extending one of the following types with your repository: org.springframework.data.mongodb.repository.MongoRepository
2026-08-23 12:27:24 [restartedMain] INFO  o.s.d.r.c.RepositoryConfigurationExtensionSupport - Spring Data MongoDB - Could not safely identify store assignment for repository candidate interface com.InfoLink.repository.GroupsCollectionsRepository; If you want this repository to be a MongoDB repository, consider annotating your entities with one of these annotations: org.springframework.data.mongodb.core.mapping.Document (preferred), or consider extending one of the following types with your repository: org.springframework.data.mongodb.repository.MongoRepository
2026-08-23 12:27:24 [restartedMain] INFO  o.s.d.r.c.RepositoryConfigurationExtensionSupport - Spring Data MongoDB - Could not safely identify store assignment for repository candidate interface com.InfoLink.repository.LogRepository; If you want this repository to be a MongoDB repository, consider annotating your entities with one of these annotations: org.springframework.data.mongodb.core.mapping.Document (preferred), or consider extending one of the following types with your repository: org.springframework.data.mongodb.repository.MongoRepository
2026-08-23 12:27:24 [restartedMain] INFO  o.s.d.r.c.RepositoryConfigurationExtensionSupport - Spring Data MongoDB - Could not safely identify store assignment for repository candidate interface com.InfoLink.repository.RefreshTokenRepository; If you want this repository to be a MongoDB repository, consider annotating your entities with one of these annotations: org.springframework.data.mongodb.core.mapping.Document (preferred), or consider extending one of the following types with your repository: org.springframework.data.mongodb.repository.MongoRepository
2026-08-23 12:27:24 [restartedMain] INFO  o.s.d.r.c.RepositoryConfigurationExtensionSupport - Spring Data MongoDB - Could not safely identify store assignment for repository candidate interface com.InfoLink.repository.UserRepository; If you want this repository to be a MongoDB repository, consider annotating your entities with one of these annotations: org.springframework.data.mongodb.core.mapping.Document (preferred), or consider extending one of the following types with your repository: org.springframework.data.mongodb.repository.MongoRepository
2026-08-23 12:27:24 [restartedMain] INFO  o.s.d.r.c.RepositoryConfigurationDelegate - Finished Spring Data repository scanning in 219 ms. Found 0 MongoDB repository interfaces.
2026-08-23 12:27:26 [restartedMain] INFO  o.s.boot.tomcat.TomcatWebServer - Tomcat initialized with port 8080 (http)
2026-08-23 12:27:26 [restartedMain] INFO  o.a.coyote.http11.Http11NioProtocol - Initializing ProtocolHandler ["http-nio-8080"]
2026-08-23 12:27:26 [restartedMain] INFO  o.a.catalina.core.StandardService - Starting service [Tomcat]
2026-08-23 12:27:26 [restartedMain] INFO  o.a.catalina.core.StandardEngine - Starting Servlet engine: [Apache Tomcat/11.0.22]
2026-08-23 12:41:44 [background-preinit] INFO  o.h.validator.internal.util.Version - HV000001: Hibernate Validator 9.1.0.Final
2026-08-23 12:41:44 [restartedMain] INFO  com.InfoLink.InfoLinkApplication - Starting InfoLinkApplication using Java 26 with PID 17232 (D:\AIB-Projects\InfoLink\BackEnd\target\classes started by New in d:\AIB-Projects\InfoLink)
2026-08-23 12:41:44 [restartedMain] INFO  com.InfoLink.InfoLinkApplication - No active profile set, falling back to 1 default profile: "default"
2026-08-23 12:41:44 [restartedMain] INFO  o.s.b.d.e.DevToolsPropertyDefaultsPostProcessor - Devtools property defaults active! Set 'spring.devtools.add-properties' to 'false' to disable
2026-08-23 12:41:44 [restartedMain] INFO  o.s.b.d.e.DevToolsPropertyDefaultsPostProcessor - For additional web related logging consider setting the 'logging.level.web' property to 'DEBUG'
2026-08-23 12:41:47 [restartedMain] INFO  o.s.d.r.c.RepositoryConfigurationDelegate - Multiple Spring Data modules found, entering strict repository configuration mode
2026-08-23 12:41:47 [restartedMain] INFO  o.s.d.r.c.RepositoryConfigurationDelegate - Bootstrapping Spring Data JPA repositories in DEFAULT mode.
2026-08-23 12:41:47 [restartedMain] INFO  o.s.d.r.c.RepositoryConfigurationDelegate - Finished Spring Data repository scanning in 122 ms. Found 5 JPA repository interfaces.
2026-08-23 12:41:47 [restartedMain] INFO  o.s.d.r.c.RepositoryConfigurationDelegate - Multiple Spring Data modules found, entering strict repository configuration mode
2026-08-23 12:41:47 [restartedMain] INFO  o.s.d.r.c.RepositoryConfigurationDelegate - Bootstrapping Spring Data MongoDB repositories in DEFAULT mode.
2026-08-23 12:41:47 [restartedMain] INFO  o.s.d.r.c.RepositoryConfigurationExtensionSupport - Spring Data MongoDB - Could not safely identify store assignment for repository candidate interface com.InfoLink.repository.GroupRepository; If you want this repository to be a MongoDB repository, consider annotating your entities with one of these annotations: org.springframework.data.mongodb.core.mapping.Document (preferred), or consider extending one of the following types with your repository: org.springframework.data.mongodb.repository.MongoRepository
2026-08-23 12:41:47 [restartedMain] INFO  o.s.d.r.c.RepositoryConfigurationExtensionSupport - Spring Data MongoDB - Could not safely identify store assignment for repository candidate interface com.InfoLink.repository.GroupsCollectionsRepository; If you want this repository to be a MongoDB repository, consider annotating your entities with one of these annotations: org.springframework.data.mongodb.core.mapping.Document (preferred), or consider extending one of the following types with your repository: org.springframework.data.mongodb.repository.MongoRepository
2026-08-23 12:41:47 [restartedMain] INFO  o.s.d.r.c.RepositoryConfigurationExtensionSupport - Spring Data MongoDB - Could not safely identify store assignment for repository candidate interface com.InfoLink.repository.LogRepository; If you want this repository to be a MongoDB repository, consider annotating your entities with one of these annotations: org.springframework.data.mongodb.core.mapping.Document (preferred), or consider extending one of the following types with your repository: org.springframework.data.mongodb.repository.MongoRepository
2026-08-23 12:41:47 [restartedMain] INFO  o.s.d.r.c.RepositoryConfigurationExtensionSupport - Spring Data MongoDB - Could not safely identify store assignment for repository candidate interface com.InfoLink.repository.RefreshTokenRepository; If you want this repository to be a MongoDB repository, consider annotating your entities with one of these annotations: org.springframework.data.mongodb.core.mapping.Document (preferred), or consider extending one of the following types with your repository: org.springframework.data.mongodb.repository.MongoRepository
2026-08-23 12:41:47 [restartedMain] INFO  o.s.d.r.c.RepositoryConfigurationExtensionSupport - Spring Data MongoDB - Could not safely identify store assignment for repository candidate interface com.InfoLink.repository.UserRepository; If you want this repository to be a MongoDB repository, consider annotating your entities with one of these annotations: org.springframework.data.mongodb.core.mapping.Document (preferred), or consider extending one of the following types with your repository: org.springframework.data.mongodb.repository.MongoRepository
2026-08-23 12:41:47 [restartedMain] INFO  o.s.d.r.c.RepositoryConfigurationDelegate - Finished Spring Data repository scanning in 38 ms. Found 0 MongoDB repository interfaces.
2026-08-23 12:41:49 [restartedMain] INFO  o.s.boot.tomcat.TomcatWebServer - Tomcat initialized with port 8080 (http)
2026-08-23 12:41:49 [restartedMain] INFO  o.a.coyote.http11.Http11NioProtocol - Initializing ProtocolHandler ["http-nio-8080"]
2026-08-23 12:41:49 [restartedMain] INFO  o.a.catalina.core.StandardService - Starting service [Tomcat]
2026-08-23 12:41:49 [restartedMain] INFO  o.a.catalina.core.StandardEngine - Starting Servlet engine: [Apache Tomcat/11.0.22]
2026-08-23 12:41:49 [restartedMain] INFO  o.s.b.w.c.s.WebApplicationContextInitializer - Root WebApplicationContext: initialization completed in 4561 ms
2026-08-23 12:41:49 [restartedMain] INFO  com.zaxxer.hikari.HikariDataSource - HikariPool-1 - Starting...
2026-08-23 12:41:51 [restartedMain] INFO  com.zaxxer.hikari.pool.HikariPool - HikariPool-1 - Added connection ConnectionID:1 ClientConnectionId: 0c3045a7-50ef-4a7d-87d1-48534f558c95
2026-08-23 12:41:51 [restartedMain] INFO  com.zaxxer.hikari.HikariDataSource - HikariPool-1 - Start completed.
2026-08-23 12:41:51 [restartedMain] INFO  org.hibernate.orm.jpa - HHH008540: Processing PersistenceUnitInfo [name: default]
2026-08-23 12:41:51 [restartedMain] INFO  org.hibernate.orm.core - HHH000001: Hibernate ORM core version 7.4.1.Final
2026-08-23 12:41:52 [restartedMain] INFO  o.s.o.j.p.SpringPersistenceUnitInfo - No LoadTimeWeaver setup: ignoring JPA class transformer
2026-08-23 12:41:52 [restartedMain] INFO  o.hibernate.orm.connections.pooling - HHH10001005: Database info:
	Database JDBC URL [jdbc:sqlserver://localhost\desktop-sgfhgte\mssqlserver01:1433;connectRetryInterval=10;connectRetryCount=1;maxResultBuffer=-1;sendTemporalDataTypesAsStringForBulkCopy=true;delayLoadingLobs=true;useFmtOnly=false;useBulkCopyForBatchInsert=false;cancelQueryTimeout=-1;sslProtocol=TLS;jaasConfigurationName=SQLJDBCDriver;statementPoolingCacheSize=0;serverPreparedStatementDiscardThreshold=10;enablePrepareOnFirstPreparedStatementCall=false;fips=false;socketTimeout=0;authentication=NotSpecified;authenticationScheme=nativeAuthentication;xopenStates=false;datetimeParameterType=datetime2;sendTimeAsDatetime=true;replication=false;trustStoreType=JKS;trustServerCertificate=true;TransparentNetworkIPResolution=true;iPAddressPreference=IPv4First;serverNameAsACE=false;sendStringParametersAsUnicode=true;selectMethod=direct;responseBuffering=adaptive;queryTimeout=-1;packetSize=8000;multiSubnetFailover=false;loginTimeout=30;lockTimeout=-1;lastUpdateCount=true;prepareMethod=prepexec;encrypt=true;disableStatementPooling=true;databaseName=InfoLink;columnEncryptionSetting=Disabled;applicationName=Microsoft JDBC Driver for SQL Server;applicationIntent=readwrite;]
	Database driver: Microsoft JDBC Driver 12.3 for SQL Server
	Database dialect: SQLServerDialect
	Database version: 17.0
	Default catalog/schema: InfoLink/dbo
	Autocommit mode: undefined/unknown
	Isolation level: READ_COMMITTED [default READ_COMMITTED]
	JDBC fetch size: 128
	Pool: DataSourceConnectionProvider
	Minimum pool size: undefined/unknown
	Maximum pool size: undefined/unknown
2026-08-23 12:41:55 [restartedMain] INFO  org.hibernate.orm.core - HHH000489: No JTA platform available (set 'hibernate.transaction.jta.platform' to enable JTA platform integration)
2026-08-23 12:41:55 [restartedMain] INFO  o.s.o.j.LocalContainerEntityManagerFactoryBean - Initialized JPA EntityManagerFactory for persistence unit 'default'
2026-08-23 12:41:55 [restartedMain] INFO  o.s.d.j.r.q.QueryEnhancerFactories - Hibernate is in classpath; If applicable, HQL parser will be used.
2026-08-23 12:41:56 [restartedMain] INFO  o.s.s.c.a.a.c.InitializeUserDetailsBeanManagerConfigurer$InitializeUserDetailsManagerConfigurer - Global AuthenticationManager configured with UserDetailsService bean with name customUserDetailsService
2026-08-23 12:41:56 [restartedMain] INFO  org.mongodb.driver.client - MongoClient with metadata {"driver": {"name": "mongo-java-driver|spring-boot|sync", "version": "5.8.0"}, "os": {"type": "Windows", "name": "Windows 11", "architecture": "amd64", "version": "10.0"}, "platform": "Java/Oracle Corporation/26+35-2893"} created with settings MongoClientSettings{readPreference=primary, writeConcern=WriteConcern{w=null, wTimeout=null ms, journal=null}, retryWrites=true, retryReads=true, readConcern=ReadConcern{level=null}, credential=MongoCredential{mechanism=null, userName='InfoLink_MongoDB', source='admin', password=<hidden>, mechanismProperties=<hidden>}, transportSettings=null, commandListeners=[], codecRegistry=ProvidersCodecRegistry{codecProviders=[ValueCodecProvider{}, BsonValueCodecProvider{}, DBRefCodecProvider{}, DBObjectCodecProvider{}, DocumentCodecProvider{}, CollectionCodecProvider{}, IterableCodecProvider{}, MapCodecProvider{}, GeoJsonCodecProvider{}, GridFSFileCodecProvider{}, Jsr310CodecProvider{}, JsonObjectCodecProvider{}, BsonCodecProvider{}, com.mongodb.client.model.mql.ExpressionCodecProvider@5a985a47, com.mongodb.Jep395RecordCodecProvider@67863519, com.mongodb.KotlinCodecProvider@43c03b92, EnumCodecProvider{}]}, loggerSettings=LoggerSettings{maxDocumentLength=1000}, clusterSettings={hosts=[127.0.0.1:27017], srvHost=infolink.asvuqjh.mongodb.net, srvServiceName=mongodb, mode=MULTIPLE, requiredClusterType=REPLICA_SET, requiredReplicaSetName='atlas-e4nrak-shard-0', serverSelector='null', clusterListeners='[]', serverSelectionTimeout='30000 ms', localThreshold='15 ms'}, socketSettings=SocketSettings{connectTimeoutMS=10000, readTimeoutMS=0, receiveBufferSize=0, proxySettings=ProxySettings{host=null, port=null, username=null, password=null}}, heartbeatSocketSettings=SocketSettings{connectTimeoutMS=10000, readTimeoutMS=10000, receiveBufferSize=0, proxySettings=ProxySettings{host=null, port=null, username=null, password=null}}, connectionPoolSettings=ConnectionPoolSettings{maxSize=100, minSize=0, maxWaitTimeMS=120000, maxConnectionLifeTimeMS=0, maxConnectionIdleTimeMS=0, maintenanceInitialDelayMS=0, maintenanceFrequencyMS=60000, connectionPoolListeners=[], maxConnecting=2}, serverSettings=ServerSettings{heartbeatFrequencyMS=10000, minHeartbeatFrequencyMS=500, serverMonitoringMode=AUTO, serverListeners='[]', serverMonitorListeners='[]'}, sslSettings=SslSettings{enabled=true, invalidHostNameAllowed=false, context=null}, applicationName='null', compressorList=[], uuidRepresentation=UNSPECIFIED, serverApi=null, autoEncryptionSettings=null, dnsClient=null, inetAddressResolver=null, contextProvider=null, timeoutMS=null}
2026-08-23 12:41:57 [cluster-ClusterId{value='6a8ac064d9a363d55946add6', description='null'}-srv-infolink.asvuqjh.mongodb.net] INFO  org.mongodb.driver.cluster - Adding discovered server ac-lczobyt-shard-00-00.asvuqjh.mongodb.net:27017 to client view of cluster
2026-08-23 12:41:57 [cluster-ClusterId{value='6a8ac064d9a363d55946add6', description='null'}-srv-infolink.asvuqjh.mongodb.net] INFO  org.mongodb.driver.cluster - Adding discovered server ac-lczobyt-shard-00-01.asvuqjh.mongodb.net:27017 to client view of cluster
2026-08-23 12:41:57 [cluster-ClusterId{value='6a8ac064d9a363d55946add6', description='null'}-srv-infolink.asvuqjh.mongodb.net] INFO  org.mongodb.driver.cluster - Adding discovered server ac-lczobyt-shard-00-02.asvuqjh.mongodb.net:27017 to client view of cluster
2026-08-23 12:41:57 [cluster-6a8ac064d9a363d55946add6-ac-lczobyt-shard-00-01.asvuqjh.mongodb.net:27017] INFO  org.mongodb.driver.cluster - Monitor thread successfully connected to server with description ServerDescription{address=ac-lczobyt-shard-00-01.asvuqjh.mongodb.net:27017, type=REPLICA_SET_PRIMARY, cryptd=false, state=CONNECTED, ok=true, minWireVersion=0, maxWireVersion=25, maxDocumentSize=16777216, logicalSessionTimeoutMinutes=30, roundTripTimeNanos=296042600, minRoundTripTimeNanos=0, setName='atlas-e4nrak-shard-0', canonicalAddress=ac-lczobyt-shard-00-01.asvuqjh.mongodb.net:27017, hosts=[ac-lczobyt-shard-00-01.asvuqjh.mongodb.net:27017, ac-lczobyt-shard-00-02.asvuqjh.mongodb.net:27017, ac-lczobyt-shard-00-00.asvuqjh.mongodb.net:27017], passives=[], arbiters=[], primary='ac-lczobyt-shard-00-01.asvuqjh.mongodb.net:27017', tagSet=TagSet{[Tag{name='availabilityZone', value='euc1-az3'}, Tag{name='cacheState', value='READY'}, Tag{name='diskState', value='READY'}, Tag{name='nodeType', value='ELECTABLE'}, Tag{name='provider', value='AWS'}, Tag{name='region', value='EU_CENTRAL_1'}, Tag{name='workloadType', value='OPERATIONAL'}]}, electionId=7fffffff0000000000000462, setVersion=439, topologyVersion=TopologyVersion{processId=6a7b675525e46ec341e1ae14, counter=10}, lastWriteDate=Sun Aug 23 12:41:57 EEST 2026, lastUpdateTimeNanos=10143631936800}
2026-08-23 12:41:57 [cluster-6a8ac064d9a363d55946add6-ac-lczobyt-shard-00-01.asvuqjh.mongodb.net:27017] INFO  org.mongodb.driver.cluster - Discovered replica set primary ac-lczobyt-shard-00-01.asvuqjh.mongodb.net:27017 with max election id 7fffffff0000000000000462 and max set version 439
2026-08-23 12:41:57 [cluster-6a8ac064d9a363d55946add6-ac-lczobyt-shard-00-02.asvuqjh.mongodb.net:27017] INFO  org.mongodb.driver.cluster - Monitor thread successfully connected to server with description ServerDescription{address=ac-lczobyt-shard-00-02.asvuqjh.mongodb.net:27017, type=REPLICA_SET_SECONDARY, cryptd=false, state=CONNECTED, ok=true, minWireVersion=0, maxWireVersion=25, maxDocumentSize=16777216, logicalSessionTimeoutMinutes=30, roundTripTimeNanos=314924000, minRoundTripTimeNanos=0, setName='atlas-e4nrak-shard-0', canonicalAddress=ac-lczobyt-shard-00-02.asvuqjh.mongodb.net:27017, hosts=[ac-lczobyt-shard-00-01.asvuqjh.mongodb.net:27017, ac-lczobyt-shard-00-02.asvuqjh.mongodb.net:27017, ac-lczobyt-shard-00-00.asvuqjh.mongodb.net:27017], passives=[], arbiters=[], primary='ac-lczobyt-shard-00-01.asvuqjh.mongodb.net:27017', tagSet=TagSet{[Tag{name='availabilityZone', value='euc1-az1'}, Tag{name='cacheState', value='READY'}, Tag{name='diskState', value='READY'}, Tag{name='nodeType', value='ELECTABLE'}, Tag{name='provider', value='AWS'}, Tag{name='region', value='EU_CENTRAL_1'}, Tag{name='workloadType', value='OPERATIONAL'}]}, electionId=null, setVersion=439, topologyVersion=TopologyVersion{processId=6a7b69ff648c4799e74e664f, counter=5}, lastWriteDate=Sun Aug 23 12:41:57 EEST 2026, lastUpdateTimeNanos=10143650687600}
2026-08-23 12:41:57 [cluster-6a8ac064d9a363d55946add6-ac-lczobyt-shard-00-00.asvuqjh.mongodb.net:27017] INFO  org.mongodb.driver.cluster - Monitor thread successfully connected to server with description ServerDescription{address=ac-lczobyt-shard-00-00.asvuqjh.mongodb.net:27017, type=REPLICA_SET_SECONDARY, cryptd=false, state=CONNECTED, ok=true, minWireVersion=0, maxWireVersion=25, maxDocumentSize=16777216, logicalSessionTimeoutMinutes=30, roundTripTimeNanos=313145700, minRoundTripTimeNanos=0, setName='atlas-e4nrak-shard-0', canonicalAddress=ac-lczobyt-shard-00-00.asvuqjh.mongodb.net:27017, hosts=[ac-lczobyt-shard-00-01.asvuqjh.mongodb.net:27017, ac-lczobyt-shard-00-02.asvuqjh.mongodb.net:27017, ac-lczobyt-shard-00-00.asvuqjh.mongodb.net:27017], passives=[], arbiters=[], primary='ac-lczobyt-shard-00-01.asvuqjh.mongodb.net:27017', tagSet=TagSet{[Tag{name='availabilityZone', value='euc1-az2'}, Tag{name='cacheState', value='READY'}, Tag{name='diskState', value='READY'}, Tag{name='nodeType', value='ELECTABLE'}, Tag{name='provider', value='AWS'}, Tag{name='region', value='EU_CENTRAL_1'}, Tag{name='workloadType', value='OPERATIONAL'}]}, electionId=null, setVersion=439, topologyVersion=TopologyVersion{processId=6a7b65216f65f70e7a6ea947, counter=10}, lastWriteDate=Sun Aug 23 12:41:57 EEST 2026, lastUpdateTimeNanos=10143653566900}
2026-08-23 12:41:59 [restartedMain] INFO  o.a.coyote.http11.Http11NioProtocol - Starting ProtocolHandler ["http-nio-8080"]
2026-08-23 12:41:59 [restartedMain] INFO  o.s.boot.tomcat.TomcatWebServer - Tomcat started on port 8080 (http) with context path '/'
2026-08-23 12:41:59 [restartedMain] INFO  com.InfoLink.InfoLinkApplication - Started InfoLinkApplication in 16.775 seconds (process running for 18.187)
2026-08-23 12:42:08 [http-nio-8080-exec-1] INFO  o.a.c.c.C.[Tomcat].[localhost].[/] - Initializing Spring DispatcherServlet 'dispatcherServlet'
2026-08-23 12:42:08 [http-nio-8080-exec-1] INFO  o.s.web.servlet.DispatcherServlet - Initializing Servlet 'dispatcherServlet'
2026-08-23 12:42:08 [http-nio-8080-exec-1] INFO  o.s.web.servlet.DispatcherServlet - Completed initialization in 10 ms
2026-08-23 12:42:12 [http-nio-8080-exec-9] INFO  o.s.api.AbstractOpenApiResource - Init duration for springdoc-openapi is: 2052 ms
2026-08-23 12:42:32 [http-nio-8080-exec-10] INFO  com.InfoLink.endPoints.AuthEP - User 'r.osei' logged in successfully
2026-08-23 13:02:59 [File Watcher] INFO  o.s.b.d.a.LocalDevToolsAutoConfiguration$RestartingClassPathChangeChangedEventListener - Restarting due to 1 class path change (1 addition, 0 deletions, 0 modifications)
2026-08-23 13:02:59 [Thread-1] INFO  o.s.boot.tomcat.GracefulShutdown - Commencing graceful shutdown. Waiting for active requests to complete
2026-08-23 13:02:59 [tomcat-shutdown] INFO  o.a.coyote.http11.Http11NioProtocol - Pausing ProtocolHandler ["http-nio-8080"]
2026-08-23 13:03:00 [tomcat-shutdown] INFO  o.s.boot.tomcat.GracefulShutdown - Graceful shutdown complete
2026-08-23 13:03:01 [Thread-1] INFO  o.a.coyote.http11.Http11NioProtocol - Stopping ProtocolHandler ["http-nio-8080"]
2026-08-23 13:03:01 [Thread-1] INFO  o.s.o.j.LocalContainerEntityManagerFactoryBean - Closing JPA EntityManagerFactory for persistence unit 'default'
2026-08-23 13:03:01 [Thread-1] INFO  com.zaxxer.hikari.HikariDataSource - HikariPool-1 - Shutdown initiated...
2026-08-23 13:03:01 [Thread-1] INFO  com.zaxxer.hikari.HikariDataSource - HikariPool-1 - Shutdown completed.
2026-08-23 13:03:04 [restartedMain] INFO  com.InfoLink.InfoLinkApplication - Starting InfoLinkApplication using Java 26 with PID 17232 (D:\AIB-Projects\InfoLink\BackEnd\target\classes started by New in d:\AIB-Projects\InfoLink)
2026-08-23 13:03:04 [restartedMain] INFO  com.InfoLink.InfoLinkApplication - No active profile set, falling back to 1 default profile: "default"
2026-08-23 13:03:19 [restartedMain] INFO  o.s.d.r.c.RepositoryConfigurationDelegate - Multiple Spring Data modules found, entering strict repository configuration mode
2026-08-23 13:03:19 [restartedMain] INFO  o.s.d.r.c.RepositoryConfigurationDelegate - Bootstrapping Spring Data JPA repositories in DEFAULT mode.
2026-08-23 13:03:20 [restartedMain] INFO  o.s.d.r.c.RepositoryConfigurationDelegate - Finished Spring Data repository scanning in 344 ms. Found 5 JPA repository interfaces.
2026-08-23 13:03:20 [restartedMain] INFO  o.s.d.r.c.RepositoryConfigurationDelegate - Multiple Spring Data modules found, entering strict repository configuration mode
2026-08-23 13:03:20 [restartedMain] INFO  o.s.d.r.c.RepositoryConfigurationDelegate - Bootstrapping Spring Data MongoDB repositories in DEFAULT mode.
2026-08-23 13:03:20 [restartedMain] INFO  o.s.d.r.c.RepositoryConfigurationExtensionSupport - Spring Data MongoDB - Could not safely identify store assignment for repository candidate interface com.InfoLink.repository.GroupRepository; If you want this repository to be a MongoDB repository, consider annotating your entities with one of these annotations: org.springframework.data.mongodb.core.mapping.Document (preferred), or consider extending one of the following types with your repository: org.springframework.data.mongodb.repository.MongoRepository
2026-08-23 13:03:20 [restartedMain] INFO  o.s.d.r.c.RepositoryConfigurationExtensionSupport - Spring Data MongoDB - Could not safely identify store assignment for repository candidate interface com.InfoLink.repository.GroupsCollectionsRepository; If you want this repository to be a MongoDB repository, consider annotating your entities with one of these annotations: org.springframework.data.mongodb.core.mapping.Document (preferred), or consider extending one of the following types with your repository: org.springframework.data.mongodb.repository.MongoRepository
2026-08-23 13:03:20 [restartedMain] INFO  o.s.d.r.c.RepositoryConfigurationExtensionSupport - Spring Data MongoDB - Could not safely identify store assignment for repository candidate interface com.InfoLink.repository.LogRepository; If you want this repository to be a MongoDB repository, consider annotating your entities with one of these annotations: org.springframework.data.mongodb.core.mapping.Document (preferred), or consider extending one of the following types with your repository: org.springframework.data.mongodb.repository.MongoRepository
2026-08-23 13:03:20 [restartedMain] INFO  o.s.d.r.c.RepositoryConfigurationExtensionSupport - Spring Data MongoDB - Could not safely identify store assignment for repository candidate interface com.InfoLink.repository.RefreshTokenRepository; If you want this repository to be a MongoDB repository, consider annotating your entities with one of these annotations: org.springframework.data.mongodb.core.mapping.Document (preferred), or consider extending one of the following types with your repository: org.springframework.data.mongodb.repository.MongoRepository
2026-08-23 13:03:20 [restartedMain] INFO  o.s.d.r.c.RepositoryConfigurationExtensionSupport - Spring Data MongoDB - Could not safely identify store assignment for repository candidate interface com.InfoLink.repository.UserRepository; If you want this repository to be a MongoDB repository, consider annotating your entities with one of these annotations: org.springframework.data.mongodb.core.mapping.Document (preferred), or consider extending one of the following types with your repository: org.springframework.data.mongodb.repository.MongoRepository
2026-08-23 13:03:20 [restartedMain] INFO  o.s.d.r.c.RepositoryConfigurationDelegate - Finished Spring Data repository scanning in 101 ms. Found 0 MongoDB repository interfaces.
2026-08-23 13:03:24 [restartedMain] INFO  o.s.boot.tomcat.TomcatWebServer - Tomcat initialized with port 8080 (http)
2026-08-23 13:03:24 [restartedMain] INFO  o.a.coyote.http11.Http11NioProtocol - Initializing ProtocolHandler ["http-nio-8080"]
2026-08-23 13:03:24 [restartedMain] INFO  o.a.catalina.core.StandardService - Starting service [Tomcat]
2026-08-23 13:03:24 [restartedMain] INFO  o.a.catalina.core.StandardEngine - Starting Servlet engine: [Apache Tomcat/11.0.22]
2026-08-23 13:03:25 [restartedMain] INFO  o.s.b.w.c.s.WebApplicationContextInitializer - Root WebApplicationContext: initialization completed in 20850 ms
2026-08-23 13:03:26 [restartedMain] INFO  com.zaxxer.hikari.HikariDataSource - HikariPool-2 - Starting...
2026-08-23 13:03:27 [restartedMain] INFO  com.zaxxer.hikari.pool.HikariPool - HikariPool-2 - Added connection ConnectionID:11 ClientConnectionId: 03f14a72-8ce5-4af4-8f2a-736507028e52
2026-08-23 13:03:27 [restartedMain] INFO  com.zaxxer.hikari.HikariDataSource - HikariPool-2 - Start completed.
2026-08-23 13:03:27 [restartedMain] INFO  org.hibernate.orm.jpa - HHH008540: Processing PersistenceUnitInfo [name: default]
2026-08-23 13:03:29 [restartedMain] INFO  o.s.o.j.p.SpringPersistenceUnitInfo - No LoadTimeWeaver setup: ignoring JPA class transformer
2026-08-23 13:03:31 [restartedMain] INFO  o.hibernate.orm.connections.pooling - HHH10001005: Database info:
	Database JDBC URL [jdbc:sqlserver://localhost\desktop-sgfhgte\mssqlserver01:1433;connectRetryInterval=10;connectRetryCount=1;maxResultBuffer=-1;sendTemporalDataTypesAsStringForBulkCopy=true;delayLoadingLobs=true;useFmtOnly=false;useBulkCopyForBatchInsert=false;cancelQueryTimeout=-1;sslProtocol=TLS;jaasConfigurationName=SQLJDBCDriver;statementPoolingCacheSize=0;serverPreparedStatementDiscardThreshold=10;enablePrepareOnFirstPreparedStatementCall=false;fips=false;socketTimeout=0;authentication=NotSpecified;authenticationScheme=nativeAuthentication;xopenStates=false;datetimeParameterType=datetime2;sendTimeAsDatetime=true;replication=false;trustStoreType=JKS;trustServerCertificate=true;TransparentNetworkIPResolution=true;iPAddressPreference=IPv4First;serverNameAsACE=false;sendStringParametersAsUnicode=true;selectMethod=direct;responseBuffering=adaptive;queryTimeout=-1;packetSize=8000;multiSubnetFailover=false;loginTimeout=30;lockTimeout=-1;lastUpdateCount=true;prepareMethod=prepexec;encrypt=true;disableStatementPooling=true;databaseName=InfoLink;columnEncryptionSetting=Disabled;applicationName=Microsoft JDBC Driver for SQL Server;applicationIntent=readwrite;]
	Database driver: Microsoft JDBC Driver 12.3 for SQL Server
	Database dialect: SQLServerDialect
	Database version: 17.0
	Default catalog/schema: InfoLink/dbo
	Autocommit mode: undefined/unknown
	Isolation level: READ_COMMITTED [default READ_COMMITTED]
	JDBC fetch size: 128
	Pool: DataSourceConnectionProvider
	Minimum pool size: undefined/unknown
	Maximum pool size: undefined/unknown
2026-08-23 13:03:34 [restartedMain] INFO  org.hibernate.orm.core - HHH000489: No JTA platform available (set 'hibernate.transaction.jta.platform' to enable JTA platform integration)
2026-08-23 13:03:34 [restartedMain] INFO  o.s.o.j.LocalContainerEntityManagerFactoryBean - Initialized JPA EntityManagerFactory for persistence unit 'default'
2026-08-23 13:03:39 [restartedMain] INFO  o.s.s.c.a.a.c.InitializeUserDetailsBeanManagerConfigurer$InitializeUserDetailsManagerConfigurer - Global AuthenticationManager configured with UserDetailsService bean with name customUserDetailsService
2026-08-23 13:03:41 [restartedMain] INFO  org.mongodb.driver.client - MongoClient with metadata {"driver": {"name": "mongo-java-driver|spring-boot|sync", "version": "5.8.0"}, "os": {"type": "Windows", "name": "Windows 11", "architecture": "amd64", "version": "10.0"}, "platform": "Java/Oracle Corporation/26+35-2893"} created with settings MongoClientSettings{readPreference=primary, writeConcern=WriteConcern{w=null, wTimeout=null ms, journal=null}, retryWrites=true, retryReads=true, readConcern=ReadConcern{level=null}, credential=MongoCredential{mechanism=null, userName='InfoLink_MongoDB', source='admin', password=<hidden>, mechanismProperties=<hidden>}, transportSettings=null, commandListeners=[], codecRegistry=ProvidersCodecRegistry{codecProviders=[ValueCodecProvider{}, BsonValueCodecProvider{}, DBRefCodecProvider{}, DBObjectCodecProvider{}, DocumentCodecProvider{}, CollectionCodecProvider{}, IterableCodecProvider{}, MapCodecProvider{}, GeoJsonCodecProvider{}, GridFSFileCodecProvider{}, Jsr310CodecProvider{}, JsonObjectCodecProvider{}, BsonCodecProvider{}, com.mongodb.client.model.mql.ExpressionCodecProvider@5a985a47, com.mongodb.Jep395RecordCodecProvider@67863519, com.mongodb.KotlinCodecProvider@43c03b92, EnumCodecProvider{}]}, loggerSettings=LoggerSettings{maxDocumentLength=1000}, clusterSettings={hosts=[127.0.0.1:27017], srvHost=infolink.asvuqjh.mongodb.net, srvServiceName=mongodb, mode=MULTIPLE, requiredClusterType=REPLICA_SET, requiredReplicaSetName='atlas-e4nrak-shard-0', serverSelector='null', clusterListeners='[]', serverSelectionTimeout='30000 ms', localThreshold='15 ms'}, socketSettings=SocketSettings{connectTimeoutMS=10000, readTimeoutMS=0, receiveBufferSize=0, proxySettings=ProxySettings{host=null, port=null, username=null, password=null}}, heartbeatSocketSettings=SocketSettings{connectTimeoutMS=10000, readTimeoutMS=10000, receiveBufferSize=0, proxySettings=ProxySettings{host=null, port=null, username=null, password=null}}, connectionPoolSettings=ConnectionPoolSettings{maxSize=100, minSize=0, maxWaitTimeMS=120000, maxConnectionLifeTimeMS=0, maxConnectionIdleTimeMS=0, maintenanceInitialDelayMS=0, maintenanceFrequencyMS=60000, connectionPoolListeners=[], maxConnecting=2}, serverSettings=ServerSettings{heartbeatFrequencyMS=10000, minHeartbeatFrequencyMS=500, serverMonitoringMode=AUTO, serverListeners='[]', serverMonitorListeners='[]'}, sslSettings=SslSettings{enabled=true, invalidHostNameAllowed=false, context=null}, applicationName='null', compressorList=[], uuidRepresentation=UNSPECIFIED, serverApi=null, autoEncryptionSettings=null, dnsClient=null, inetAddressResolver=null, contextProvider=null, timeoutMS=null}
2026-08-23 13:03:41 [cluster-ClusterId{value='6a8ac57dd9a363d55946add7', description='null'}-srv-infolink.asvuqjh.mongodb.net] INFO  org.mongodb.driver.cluster - Adding discovered server ac-lczobyt-shard-00-00.asvuqjh.mongodb.net:27017 to client view of cluster
2026-08-23 13:03:41 [cluster-ClusterId{value='6a8ac57dd9a363d55946add7', description='null'}-srv-infolink.asvuqjh.mongodb.net] INFO  org.mongodb.driver.cluster - Adding discovered server ac-lczobyt-shard-00-01.asvuqjh.mongodb.net:27017 to client view of cluster
2026-08-23 13:03:41 [cluster-ClusterId{value='6a8ac57dd9a363d55946add7', description='null'}-srv-infolink.asvuqjh.mongodb.net] INFO  org.mongodb.driver.cluster - Adding discovered server ac-lczobyt-shard-00-02.asvuqjh.mongodb.net:27017 to client view of cluster
2026-08-23 13:03:42 [cluster-6a8ac57dd9a363d55946add7-ac-lczobyt-shard-00-01.asvuqjh.mongodb.net:27017] INFO  org.mongodb.driver.cluster - Monitor thread successfully connected to server with description ServerDescription{address=ac-lczobyt-shard-00-01.asvuqjh.mongodb.net:27017, type=REPLICA_SET_PRIMARY, cryptd=false, state=CONNECTED, ok=true, minWireVersion=0, maxWireVersion=25, maxDocumentSize=16777216, logicalSessionTimeoutMinutes=30, roundTripTimeNanos=480890600, minRoundTripTimeNanos=0, setName='atlas-e4nrak-shard-0', canonicalAddress=ac-lczobyt-shard-00-01.asvuqjh.mongodb.net:27017, hosts=[ac-lczobyt-shard-00-01.asvuqjh.mongodb.net:27017, ac-lczobyt-shard-00-02.asvuqjh.mongodb.net:27017, ac-lczobyt-shard-00-00.asvuqjh.mongodb.net:27017], passives=[], arbiters=[], primary='ac-lczobyt-shard-00-01.asvuqjh.mongodb.net:27017', tagSet=TagSet{[Tag{name='availabilityZone', value='euc1-az3'}, Tag{name='cacheState', value='READY'}, Tag{name='diskState', value='READY'}, Tag{name='nodeType', value='ELECTABLE'}, Tag{name='provider', value='AWS'}, Tag{name='region', value='EU_CENTRAL_1'}, Tag{name='workloadType', value='OPERATIONAL'}]}, electionId=7fffffff0000000000000462, setVersion=439, topologyVersion=TopologyVersion{processId=6a7b675525e46ec341e1ae14, counter=10}, lastWriteDate=Sun Aug 23 13:03:41 EEST 2026, lastUpdateTimeNanos=11448090986400}
2026-08-23 13:03:42 [cluster-6a8ac57dd9a363d55946add7-ac-lczobyt-shard-00-02.asvuqjh.mongodb.net:27017] INFO  org.mongodb.driver.cluster - Monitor thread successfully connected to server with description ServerDescription{address=ac-lczobyt-shard-00-02.asvuqjh.mongodb.net:27017, type=REPLICA_SET_SECONDARY, cryptd=false, state=CONNECTED, ok=true, minWireVersion=0, maxWireVersion=25, maxDocumentSize=16777216, logicalSessionTimeoutMinutes=30, roundTripTimeNanos=474885400, minRoundTripTimeNanos=0, setName='atlas-e4nrak-shard-0', canonicalAddress=ac-lczobyt-shard-00-02.asvuqjh.mongodb.net:27017, hosts=[ac-lczobyt-shard-00-01.asvuqjh.mongodb.net:27017, ac-lczobyt-shard-00-02.asvuqjh.mongodb.net:27017, ac-lczobyt-shard-00-00.asvuqjh.mongodb.net:27017], passives=[], arbiters=[], primary='ac-lczobyt-shard-00-01.asvuqjh.mongodb.net:27017', tagSet=TagSet{[Tag{name='availabilityZone', value='euc1-az1'}, Tag{name='cacheState', value='READY'}, Tag{name='diskState', value='READY'}, Tag{name='nodeType', value='ELECTABLE'}, Tag{name='provider', value='AWS'}, Tag{name='region', value='EU_CENTRAL_1'}, Tag{name='workloadType', value='OPERATIONAL'}]}, electionId=null, setVersion=439, topologyVersion=TopologyVersion{processId=6a7b69ff648c4799e74e664f, counter=5}, lastWriteDate=Sun Aug 23 13:03:41 EEST 2026, lastUpdateTimeNanos=11448177081600}
2026-08-23 13:03:42 [cluster-6a8ac57dd9a363d55946add7-ac-lczobyt-shard-00-00.asvuqjh.mongodb.net:27017] INFO  org.mongodb.driver.cluster - Monitor thread successfully connected to server with description ServerDescription{address=ac-lczobyt-shard-00-00.asvuqjh.mongodb.net:27017, type=REPLICA_SET_SECONDARY, cryptd=false, state=CONNECTED, ok=true, minWireVersion=0, maxWireVersion=25, maxDocumentSize=16777216, logicalSessionTimeoutMinutes=30, roundTripTimeNanos=629226600, minRoundTripTimeNanos=0, setName='atlas-e4nrak-shard-0', canonicalAddress=ac-lczobyt-shard-00-00.asvuqjh.mongodb.net:27017, hosts=[ac-lczobyt-shard-00-01.asvuqjh.mongodb.net:27017, ac-lczobyt-shard-00-02.asvuqjh.mongodb.net:27017, ac-lczobyt-shard-00-00.asvuqjh.mongodb.net:27017], passives=[], arbiters=[], primary='ac-lczobyt-shard-00-01.asvuqjh.mongodb.net:27017', tagSet=TagSet{[Tag{name='availabilityZone', value='euc1-az2'}, Tag{name='cacheState', value='READY'}, Tag{name='diskState', value='READY'}, Tag{name='nodeType', value='ELECTABLE'}, Tag{name='provider', value='AWS'}, Tag{name='region', value='EU_CENTRAL_1'}, Tag{name='workloadType', value='OPERATIONAL'}]}, electionId=null, setVersion=439, topologyVersion=TopologyVersion{processId=6a7b65216f65f70e7a6ea947, counter=10}, lastWriteDate=Sun Aug 23 13:03:41 EEST 2026, lastUpdateTimeNanos=11448162253500}
2026-08-23 13:03:42 [cluster-6a8ac57dd9a363d55946add7-ac-lczobyt-shard-00-01.asvuqjh.mongodb.net:27017] INFO  org.mongodb.driver.cluster - Discovered replica set primary ac-lczobyt-shard-00-01.asvuqjh.mongodb.net:27017 with max election id 7fffffff0000000000000462 and max set version 439
2026-08-23 13:03:52 [restartedMain] INFO  o.a.coyote.http11.Http11NioProtocol - Starting ProtocolHandler ["http-nio-8080"]
2026-08-23 13:03:52 [restartedMain] INFO  o.s.boot.tomcat.TomcatWebServer - Tomcat started on port 8080 (http) with context path '/'
2026-08-23 13:03:53 [restartedMain] INFO  com.InfoLink.InfoLinkApplication - Started InfoLinkApplication in 50.784 seconds (process running for 1331.326)
2026-08-23 13:03:53 [restartedMain] INFO  o.s.b.d.a.ConditionEvaluationDeltaLoggingListener - Condition evaluation unchanged
2026-08-23 13:03:54 [File Watcher] INFO  o.s.b.d.a.LocalDevToolsAutoConfiguration$RestartingClassPathChangeChangedEventListener - Restarting due to 1 class path change (0 additions, 0 deletions, 1 modification)
2026-08-23 13:03:54 [Thread-5] INFO  o.s.boot.tomcat.GracefulShutdown - Commencing graceful shutdown. Waiting for active requests to complete
2026-08-23 13:03:55 [tomcat-shutdown] INFO  o.a.coyote.http11.Http11NioProtocol - Pausing ProtocolHandler ["http-nio-8080"]
2026-08-23 13:03:58 [tomcat-shutdown] INFO  o.s.boot.tomcat.GracefulShutdown - Graceful shutdown complete
2026-08-23 13:03:58 [Thread-5] INFO  o.a.coyote.http11.Http11NioProtocol - Stopping ProtocolHandler ["http-nio-8080"]
2026-08-23 13:03:58 [Thread-5] INFO  o.s.o.j.LocalContainerEntityManagerFactoryBean - Closing JPA EntityManagerFactory for persistence unit 'default'
2026-08-23 13:03:58 [Thread-5] INFO  com.zaxxer.hikari.HikariDataSource - HikariPool-2 - Shutdown initiated...
2026-08-23 13:04:02 [Thread-5] INFO  com.zaxxer.hikari.HikariDataSource - HikariPool-2 - Shutdown completed.
2026-08-23 13:04:03 [restartedMain] INFO  com.InfoLink.InfoLinkApplication - Starting InfoLinkApplication using Java 26 with PID 17232 (D:\AIB-Projects\InfoLink\BackEnd\target\classes started by New in d:\AIB-Projects\InfoLink)
2026-08-23 13:04:03 [restartedMain] INFO  com.InfoLink.InfoLinkApplication - No active profile set, falling back to 1 default profile: "default"
2026-08-23 13:04:15 [restartedMain] INFO  o.s.d.r.c.RepositoryConfigurationDelegate - Multiple Spring Data modules found, entering strict repository configuration mode
2026-08-23 13:04:15 [restartedMain] INFO  o.s.d.r.c.RepositoryConfigurationDelegate - Bootstrapping Spring Data JPA repositories in DEFAULT mode.
2026-08-23 13:04:16 [restartedMain] INFO  o.s.d.r.c.RepositoryConfigurationDelegate - Finished Spring Data repository scanning in 1340 ms. Found 5 JPA repository interfaces.
2026-08-23 13:04:17 [restartedMain] INFO  o.s.d.r.c.RepositoryConfigurationDelegate - Multiple Spring Data modules found, entering strict repository configuration mode
2026-08-23 13:04:17 [restartedMain] INFO  o.s.d.r.c.RepositoryConfigurationDelegate - Bootstrapping Spring Data MongoDB repositories in DEFAULT mode.
2026-08-23 13:04:17 [restartedMain] INFO  o.s.d.r.c.RepositoryConfigurationExtensionSupport - Spring Data MongoDB - Could not safely identify store assignment for repository candidate interface com.InfoLink.repository.GroupRepository; If you want this repository to be a MongoDB repository, consider annotating your entities with one of these annotations: org.springframework.data.mongodb.core.mapping.Document (preferred), or consider extending one of the following types with your repository: org.springframework.data.mongodb.repository.MongoRepository
2026-08-23 13:04:17 [restartedMain] INFO  o.s.d.r.c.RepositoryConfigurationExtensionSupport - Spring Data MongoDB - Could not safely identify store assignment for repository candidate interface com.InfoLink.repository.GroupsCollectionsRepository; If you want this repository to be a MongoDB repository, consider annotating your entities with one of these annotations: org.springframework.data.mongodb.core.mapping.Document (preferred), or consider extending one of the following types with your repository: org.springframework.data.mongodb.repository.MongoRepository
2026-08-23 13:04:17 [restartedMain] INFO  o.s.d.r.c.RepositoryConfigurationExtensionSupport - Spring Data MongoDB - Could not safely identify store assignment for repository candidate interface com.InfoLink.repository.LogRepository; If you want this repository to be a MongoDB repository, consider annotating your entities with one of these annotations: org.springframework.data.mongodb.core.mapping.Document (preferred), or consider extending one of the following types with your repository: org.springframework.data.mongodb.repository.MongoRepository
2026-08-23 13:04:17 [restartedMain] INFO  o.s.d.r.c.RepositoryConfigurationExtensionSupport - Spring Data MongoDB - Could not safely identify store assignment for repository candidate interface com.InfoLink.repository.RefreshTokenRepository; If you want this repository to be a MongoDB repository, consider annotating your entities with one of these annotations: org.springframework.data.mongodb.core.mapping.Document (preferred), or consider extending one of the following types with your repository: org.springframework.data.mongodb.repository.MongoRepository
2026-08-23 13:04:17 [restartedMain] INFO  o.s.d.r.c.RepositoryConfigurationExtensionSupport - Spring Data MongoDB - Could not safely identify store assignment for repository candidate interface com.InfoLink.repository.UserRepository; If you want this repository to be a MongoDB repository, consider annotating your entities with one of these annotations: org.springframework.data.mongodb.core.mapping.Document (preferred), or consider extending one of the following types with your repository: org.springframework.data.mongodb.repository.MongoRepository
2026-08-23 13:04:17 [restartedMain] INFO  o.s.d.r.c.RepositoryConfigurationDelegate - Finished Spring Data repository scanning in 515 ms. Found 0 MongoDB repository interfaces.
2026-08-23 13:04:21 [restartedMain] INFO  o.s.boot.tomcat.TomcatWebServer - Tomcat initialized with port 8080 (http)
2026-08-23 13:04:21 [restartedMain] INFO  o.a.coyote.http11.Http11NioProtocol - Initializing ProtocolHandler ["http-nio-8080"]
2026-08-23 13:04:21 [restartedMain] INFO  o.a.catalina.core.StandardService - Starting service [Tomcat]
2026-08-23 13:04:21 [restartedMain] INFO  o.a.catalina.core.StandardEngine - Starting Servlet engine: [Apache Tomcat/11.0.22]
2026-08-23 13:04:22 [restartedMain] INFO  o.s.b.w.c.s.WebApplicationContextInitializer - Root WebApplicationContext: initialization completed in 19590 ms
2026-08-23 13:04:25 [restartedMain] INFO  com.zaxxer.hikari.HikariDataSource - HikariPool-3 - Starting...
2026-08-23 13:04:29 [restartedMain] INFO  com.zaxxer.hikari.pool.HikariPool - HikariPool-3 - Added connection ConnectionID:19 ClientConnectionId: e045ab75-1de9-4949-bb79-f41fe9de4c3e
2026-08-23 13:04:29 [restartedMain] INFO  com.zaxxer.hikari.HikariDataSource - HikariPool-3 - Start completed.
2026-08-23 13:04:30 [restartedMain] INFO  org.hibernate.orm.jpa - HHH008540: Processing PersistenceUnitInfo [name: default]
2026-08-23 13:04:33 [restartedMain] INFO  o.s.o.j.p.SpringPersistenceUnitInfo - No LoadTimeWeaver setup: ignoring JPA class transformer
2026-08-23 13:04:34 [restartedMain] INFO  o.hibernate.orm.connections.pooling - HHH10001005: Database info:
	Database JDBC URL [jdbc:sqlserver://localhost\desktop-sgfhgte\mssqlserver01:1433;connectRetryInterval=10;connectRetryCount=1;maxResultBuffer=-1;sendTemporalDataTypesAsStringForBulkCopy=true;delayLoadingLobs=true;useFmtOnly=false;useBulkCopyForBatchInsert=false;cancelQueryTimeout=-1;sslProtocol=TLS;jaasConfigurationName=SQLJDBCDriver;statementPoolingCacheSize=0;serverPreparedStatementDiscardThreshold=10;enablePrepareOnFirstPreparedStatementCall=false;fips=false;socketTimeout=0;authentication=NotSpecified;authenticationScheme=nativeAuthentication;xopenStates=false;datetimeParameterType=datetime2;sendTimeAsDatetime=true;replication=false;trustStoreType=JKS;trustServerCertificate=true;TransparentNetworkIPResolution=true;iPAddressPreference=IPv4First;serverNameAsACE=false;sendStringParametersAsUnicode=true;selectMethod=direct;responseBuffering=adaptive;queryTimeout=-1;packetSize=8000;multiSubnetFailover=false;loginTimeout=30;lockTimeout=-1;lastUpdateCount=true;prepareMethod=prepexec;encrypt=true;disableStatementPooling=true;databaseName=InfoLink;columnEncryptionSetting=Disabled;applicationName=Microsoft JDBC Driver for SQL Server;applicationIntent=readwrite;]
	Database driver: Microsoft JDBC Driver 12.3 for SQL Server
	Database dialect: SQLServerDialect
	Database version: 17.0
	Default catalog/schema: InfoLink/dbo
	Autocommit mode: undefined/unknown
	Isolation level: READ_COMMITTED [default READ_COMMITTED]
	JDBC fetch size: 128
	Pool: DataSourceConnectionProvider
	Minimum pool size: undefined/unknown
	Maximum pool size: undefined/unknown
2026-08-23 13:04:39 [restartedMain] INFO  org.hibernate.orm.core - HHH000489: No JTA platform available (set 'hibernate.transaction.jta.platform' to enable JTA platform integration)
2026-08-23 13:04:39 [restartedMain] INFO  o.s.o.j.LocalContainerEntityManagerFactoryBean - Initialized JPA EntityManagerFactory for persistence unit 'default'
2026-08-23 13:04:40 [restartedMain] INFO  o.s.s.c.a.a.c.InitializeUserDetailsBeanManagerConfigurer$InitializeUserDetailsManagerConfigurer - Global AuthenticationManager configured with UserDetailsService bean with name customUserDetailsService
2026-08-23 13:04:40 [restartedMain] INFO  org.mongodb.driver.client - MongoClient with metadata {"driver": {"name": "mongo-java-driver|spring-boot|sync", "version": "5.8.0"}, "os": {"type": "Windows", "name": "Windows 11", "architecture": "amd64", "version": "10.0"}, "platform": "Java/Oracle Corporation/26+35-2893"} created with settings MongoClientSettings{readPreference=primary, writeConcern=WriteConcern{w=null, wTimeout=null ms, journal=null}, retryWrites=true, retryReads=true, readConcern=ReadConcern{level=null}, credential=MongoCredential{mechanism=null, userName='InfoLink_MongoDB', source='admin', password=<hidden>, mechanismProperties=<hidden>}, transportSettings=null, commandListeners=[], codecRegistry=ProvidersCodecRegistry{codecProviders=[ValueCodecProvider{}, BsonValueCodecProvider{}, DBRefCodecProvider{}, DBObjectCodecProvider{}, DocumentCodecProvider{}, CollectionCodecProvider{}, IterableCodecProvider{}, MapCodecProvider{}, GeoJsonCodecProvider{}, GridFSFileCodecProvider{}, Jsr310CodecProvider{}, JsonObjectCodecProvider{}, BsonCodecProvider{}, com.mongodb.client.model.mql.ExpressionCodecProvider@5a985a47, com.mongodb.Jep395RecordCodecProvider@67863519, com.mongodb.KotlinCodecProvider@43c03b92, EnumCodecProvider{}]}, loggerSettings=LoggerSettings{maxDocumentLength=1000}, clusterSettings={hosts=[127.0.0.1:27017], srvHost=infolink.asvuqjh.mongodb.net, srvServiceName=mongodb, mode=MULTIPLE, requiredClusterType=REPLICA_SET, requiredReplicaSetName='atlas-e4nrak-shard-0', serverSelector='null', clusterListeners='[]', serverSelectionTimeout='30000 ms', localThreshold='15 ms'}, socketSettings=SocketSettings{connectTimeoutMS=10000, readTimeoutMS=0, receiveBufferSize=0, proxySettings=ProxySettings{host=null, port=null, username=null, password=null}}, heartbeatSocketSettings=SocketSettings{connectTimeoutMS=10000, readTimeoutMS=10000, receiveBufferSize=0, proxySettings=ProxySettings{host=null, port=null, username=null, password=null}}, connectionPoolSettings=ConnectionPoolSettings{maxSize=100, minSize=0, maxWaitTimeMS=120000, maxConnectionLifeTimeMS=0, maxConnectionIdleTimeMS=0, maintenanceInitialDelayMS=0, maintenanceFrequencyMS=60000, connectionPoolListeners=[], maxConnecting=2}, serverSettings=ServerSettings{heartbeatFrequencyMS=10000, minHeartbeatFrequencyMS=500, serverMonitoringMode=AUTO, serverListeners='[]', serverMonitorListeners='[]'}, sslSettings=SslSettings{enabled=true, invalidHostNameAllowed=false, context=null}, applicationName='null', compressorList=[], uuidRepresentation=UNSPECIFIED, serverApi=null, autoEncryptionSettings=null, dnsClient=null, inetAddressResolver=null, contextProvider=null, timeoutMS=null}
2026-08-23 13:04:41 [cluster-ClusterId{value='6a8ac5b8d9a363d55946add8', description='null'}-srv-infolink.asvuqjh.mongodb.net] INFO  org.mongodb.driver.cluster - Adding discovered server ac-lczobyt-shard-00-00.asvuqjh.mongodb.net:27017 to client view of cluster
2026-08-23 13:04:41 [cluster-ClusterId{value='6a8ac5b8d9a363d55946add8', description='null'}-srv-infolink.asvuqjh.mongodb.net] INFO  org.mongodb.driver.cluster - Adding discovered server ac-lczobyt-shard-00-01.asvuqjh.mongodb.net:27017 to client view of cluster
2026-08-23 13:04:41 [cluster-ClusterId{value='6a8ac5b8d9a363d55946add8', description='null'}-srv-infolink.asvuqjh.mongodb.net] INFO  org.mongodb.driver.cluster - Adding discovered server ac-lczobyt-shard-00-02.asvuqjh.mongodb.net:27017 to client view of cluster
2026-08-23 13:04:42 [cluster-6a8ac5b8d9a363d55946add8-ac-lczobyt-shard-00-00.asvuqjh.mongodb.net:27017] INFO  org.mongodb.driver.cluster - Monitor thread successfully connected to server with description ServerDescription{address=ac-lczobyt-shard-00-00.asvuqjh.mongodb.net:27017, type=REPLICA_SET_SECONDARY, cryptd=false, state=CONNECTED, ok=true, minWireVersion=0, maxWireVersion=25, maxDocumentSize=16777216, logicalSessionTimeoutMinutes=30, roundTripTimeNanos=537843200, minRoundTripTimeNanos=0, setName='atlas-e4nrak-shard-0', canonicalAddress=ac-lczobyt-shard-00-00.asvuqjh.mongodb.net:27017, hosts=[ac-lczobyt-shard-00-01.asvuqjh.mongodb.net:27017, ac-lczobyt-shard-00-02.asvuqjh.mongodb.net:27017, ac-lczobyt-shard-00-00.asvuqjh.mongodb.net:27017], passives=[], arbiters=[], primary='ac-lczobyt-shard-00-01.asvuqjh.mongodb.net:27017', tagSet=TagSet{[Tag{name='availabilityZone', value='euc1-az2'}, Tag{name='cacheState', value='READY'}, Tag{name='diskState', value='READY'}, Tag{name='nodeType', value='ELECTABLE'}, Tag{name='provider', value='AWS'}, Tag{name='region', value='EU_CENTRAL_1'}, Tag{name='workloadType', value='OPERATIONAL'}]}, electionId=null, setVersion=439, topologyVersion=TopologyVersion{processId=6a7b65216f65f70e7a6ea947, counter=10}, lastWriteDate=Sun Aug 23 13:04:41 EEST 2026, lastUpdateTimeNanos=11508015797500}
2026-08-23 13:04:42 [cluster-6a8ac5b8d9a363d55946add8-ac-lczobyt-shard-00-01.asvuqjh.mongodb.net:27017] INFO  org.mongodb.driver.cluster - Monitor thread successfully connected to server with description ServerDescription{address=ac-lczobyt-shard-00-01.asvuqjh.mongodb.net:27017, type=REPLICA_SET_PRIMARY, cryptd=false, state=CONNECTED, ok=true, minWireVersion=0, maxWireVersion=25, maxDocumentSize=16777216, logicalSessionTimeoutMinutes=30, roundTripTimeNanos=1058209400, minRoundTripTimeNanos=0, setName='atlas-e4nrak-shard-0', canonicalAddress=ac-lczobyt-shard-00-01.asvuqjh.mongodb.net:27017, hosts=[ac-lczobyt-shard-00-01.asvuqjh.mongodb.net:27017, ac-lczobyt-shard-00-02.asvuqjh.mongodb.net:27017, ac-lczobyt-shard-00-00.asvuqjh.mongodb.net:27017], passives=[], arbiters=[], primary='ac-lczobyt-shard-00-01.asvuqjh.mongodb.net:27017', tagSet=TagSet{[Tag{name='availabilityZone', value='euc1-az3'}, Tag{name='cacheState', value='READY'}, Tag{name='diskState', value='READY'}, Tag{name='nodeType', value='ELECTABLE'}, Tag{name='provider', value='AWS'}, Tag{name='region', value='EU_CENTRAL_1'}, Tag{name='workloadType', value='OPERATIONAL'}]}, electionId=7fffffff0000000000000462, setVersion=439, topologyVersion=TopologyVersion{processId=6a7b675525e46ec341e1ae14, counter=10}, lastWriteDate=Sun Aug 23 13:04:42 EEST 2026, lastUpdateTimeNanos=11508544455700}
2026-08-23 13:04:42 [cluster-6a8ac5b8d9a363d55946add8-ac-lczobyt-shard-00-01.asvuqjh.mongodb.net:27017] INFO  org.mongodb.driver.cluster - Discovered replica set primary ac-lczobyt-shard-00-01.asvuqjh.mongodb.net:27017 with max election id 7fffffff0000000000000462 and max set version 439
2026-08-23 13:04:43 [cluster-6a8ac5b8d9a363d55946add8-ac-lczobyt-shard-00-02.asvuqjh.mongodb.net:27017] INFO  org.mongodb.driver.cluster - Monitor thread successfully connected to server with description ServerDescription{address=ac-lczobyt-shard-00-02.asvuqjh.mongodb.net:27017, type=REPLICA_SET_SECONDARY, cryptd=false, state=CONNECTED, ok=true, minWireVersion=0, maxWireVersion=25, maxDocumentSize=16777216, logicalSessionTimeoutMinutes=30, roundTripTimeNanos=753559500, minRoundTripTimeNanos=0, setName='atlas-e4nrak-shard-0', canonicalAddress=ac-lczobyt-shard-00-02.asvuqjh.mongodb.net:27017, hosts=[ac-lczobyt-shard-00-01.asvuqjh.mongodb.net:27017, ac-lczobyt-shard-00-02.asvuqjh.mongodb.net:27017, ac-lczobyt-shard-00-00.asvuqjh.mongodb.net:27017], passives=[], arbiters=[], primary='ac-lczobyt-shard-00-01.asvuqjh.mongodb.net:27017', tagSet=TagSet{[Tag{name='availabilityZone', value='euc1-az1'}, Tag{name='cacheState', value='READY'}, Tag{name='diskState', value='READY'}, Tag{name='nodeType', value='ELECTABLE'}, Tag{name='provider', value='AWS'}, Tag{name='region', value='EU_CENTRAL_1'}, Tag{name='workloadType', value='OPERATIONAL'}]}, electionId=null, setVersion=439, topologyVersion=TopologyVersion{processId=6a7b69ff648c4799e74e664f, counter=5}, lastWriteDate=Sun Aug 23 13:04:43 EEST 2026, lastUpdateTimeNanos=11509465726100}
2026-08-23 13:04:45 [restartedMain] INFO  o.a.coyote.http11.Http11NioProtocol - Starting ProtocolHandler ["http-nio-8080"]
2026-08-23 13:04:45 [restartedMain] INFO  o.s.boot.tomcat.TomcatWebServer - Tomcat started on port 8080 (http) with context path '/'
2026-08-23 13:04:45 [restartedMain] INFO  com.InfoLink.InfoLinkApplication - Started InfoLinkApplication in 43.171 seconds (process running for 1383.973)
2026-08-23 13:04:45 [restartedMain] INFO  o.s.b.d.a.ConditionEvaluationDeltaLoggingListener - Condition evaluation unchanged
2026-08-23 13:04:47 [File Watcher] INFO  o.s.b.d.a.LocalDevToolsAutoConfiguration$RestartingClassPathChangeChangedEventListener - Restarting due to 1 class path change (0 additions, 0 deletions, 1 modification)
2026-08-23 13:04:47 [Thread-9] INFO  o.s.boot.tomcat.GracefulShutdown - Commencing graceful shutdown. Waiting for active requests to complete
2026-08-23 13:04:47 [tomcat-shutdown] INFO  o.a.coyote.http11.Http11NioProtocol - Pausing ProtocolHandler ["http-nio-8080"]
2026-08-23 13:04:47 [tomcat-shutdown] INFO  o.s.boot.tomcat.GracefulShutdown - Graceful shutdown complete
2026-08-23 13:04:47 [Thread-9] INFO  o.a.coyote.http11.Http11NioProtocol - Stopping ProtocolHandler ["http-nio-8080"]
2026-08-23 13:04:47 [Thread-9] INFO  o.s.o.j.LocalContainerEntityManagerFactoryBean - Closing JPA EntityManagerFactory for persistence unit 'default'
2026-08-23 13:04:47 [Thread-9] INFO  com.zaxxer.hikari.HikariDataSource - HikariPool-3 - Shutdown initiated...
2026-08-23 13:04:48 [Thread-9] INFO  com.zaxxer.hikari.HikariDataSource - HikariPool-3 - Shutdown completed.
2026-08-23 13:04:49 [restartedMain] INFO  com.InfoLink.InfoLinkApplication - Starting InfoLinkApplication using Java 26 with PID 17232 (D:\AIB-Projects\InfoLink\BackEnd\target\classes started by New in d:\AIB-Projects\InfoLink)
2026-08-23 13:04:49 [restartedMain] INFO  com.InfoLink.InfoLinkApplication - No active profile set, falling back to 1 default profile: "default"
2026-08-23 13:05:01 [restartedMain] INFO  o.s.d.r.c.RepositoryConfigurationDelegate - Multiple Spring Data modules found, entering strict repository configuration mode
2026-08-23 13:05:01 [restartedMain] INFO  o.s.d.r.c.RepositoryConfigurationDelegate - Bootstrapping Spring Data JPA repositories in DEFAULT mode.
2026-08-23 13:05:02 [restartedMain] INFO  o.s.d.r.c.RepositoryConfigurationDelegate - Finished Spring Data repository scanning in 734 ms. Found 5 JPA repository interfaces.
2026-08-23 13:05:02 [restartedMain] INFO  o.s.d.r.c.RepositoryConfigurationDelegate - Multiple Spring Data modules found, entering strict repository configuration mode
2026-08-23 13:05:02 [restartedMain] INFO  o.s.d.r.c.RepositoryConfigurationDelegate - Bootstrapping Spring Data MongoDB repositories in DEFAULT mode.
2026-08-23 13:05:03 [restartedMain] INFO  o.s.d.r.c.RepositoryConfigurationExtensionSupport - Spring Data MongoDB - Could not safely identify store assignment for repository candidate interface com.InfoLink.repository.GroupRepository; If you want this repository to be a MongoDB repository, consider annotating your entities with one of these annotations: org.springframework.data.mongodb.core.mapping.Document (preferred), or consider extending one of the following types with your repository: org.springframework.data.mongodb.repository.MongoRepository
2026-08-23 13:05:03 [restartedMain] INFO  o.s.d.r.c.RepositoryConfigurationExtensionSupport - Spring Data MongoDB - Could not safely identify store assignment for repository candidate interface com.InfoLink.repository.GroupsCollectionsRepository; If you want this repository to be a MongoDB repository, consider annotating your entities with one of these annotations: org.springframework.data.mongodb.core.mapping.Document (preferred), or consider extending one of the following types with your repository: org.springframework.data.mongodb.repository.MongoRepository
2026-08-23 13:05:03 [restartedMain] INFO  o.s.d.r.c.RepositoryConfigurationExtensionSupport - Spring Data MongoDB - Could not safely identify store assignment for repository candidate interface com.InfoLink.repository.LogRepository; If you want this repository to be a MongoDB repository, consider annotating your entities with one of these annotations: org.springframework.data.mongodb.core.mapping.Document (preferred), or consider extending one of the following types with your repository: org.springframework.data.mongodb.repository.MongoRepository
2026-08-23 13:05:03 [restartedMain] INFO  o.s.d.r.c.RepositoryConfigurationExtensionSupport - Spring Data MongoDB - Could not safely identify store assignment for repository candidate interface com.InfoLink.repository.RefreshTokenRepository; If you want this repository to be a MongoDB repository, consider annotating your entities with one of these annotations: org.springframework.data.mongodb.core.mapping.Document (preferred), or consider extending one of the following types with your repository: org.springframework.data.mongodb.repository.MongoRepository
2026-08-23 13:05:03 [restartedMain] INFO  o.s.d.r.c.RepositoryConfigurationExtensionSupport - Spring Data MongoDB - Could not safely identify store assignment for repository candidate interface com.InfoLink.repository.UserRepository; If you want this repository to be a MongoDB repository, consider annotating your entities with one of these annotations: org.springframework.data.mongodb.core.mapping.Document (preferred), or consider extending one of the following types with your repository: org.springframework.data.mongodb.repository.MongoRepository
2026-08-23 13:05:03 [restartedMain] INFO  o.s.d.r.c.RepositoryConfigurationDelegate - Finished Spring Data repository scanning in 352 ms. Found 0 MongoDB repository interfaces.
2026-08-23 13:05:05 [restartedMain] INFO  o.s.boot.tomcat.TomcatWebServer - Tomcat initialized with port 8080 (http)
2026-08-23 13:05:05 [restartedMain] INFO  o.a.coyote.http11.Http11NioProtocol - Initializing ProtocolHandler ["http-nio-8080"]
2026-08-23 13:05:05 [restartedMain] INFO  o.a.catalina.core.StandardService - Starting service [Tomcat]
2026-08-23 13:05:05 [restartedMain] INFO  o.a.catalina.core.StandardEngine - Starting Servlet engine: [Apache Tomcat/11.0.22]
2026-08-23 13:05:07 [restartedMain] INFO  o.s.b.w.c.s.WebApplicationContextInitializer - Root WebApplicationContext: initialization completed in 17440 ms
2026-08-23 13:05:07 [restartedMain] INFO  com.zaxxer.hikari.HikariDataSource - HikariPool-4 - Starting...
2026-08-23 13:05:10 [restartedMain] INFO  com.zaxxer.hikari.pool.HikariPool - HikariPool-4 - Added connection ConnectionID:27 ClientConnectionId: 28c5cd41-99ca-4a47-9465-ba857bba4fcd
2026-08-23 13:05:10 [restartedMain] INFO  com.zaxxer.hikari.HikariDataSource - HikariPool-4 - Start completed.
2026-08-23 13:05:10 [restartedMain] INFO  org.hibernate.orm.jpa - HHH008540: Processing PersistenceUnitInfo [name: default]
2026-08-23 13:05:11 [restartedMain] INFO  o.s.o.j.p.SpringPersistenceUnitInfo - No LoadTimeWeaver setup: ignoring JPA class transformer
2026-08-23 13:05:11 [restartedMain] INFO  o.hibernate.orm.connections.pooling - HHH10001005: Database info:
	Database JDBC URL [jdbc:sqlserver://localhost\desktop-sgfhgte\mssqlserver01:1433;connectRetryInterval=10;connectRetryCount=1;maxResultBuffer=-1;sendTemporalDataTypesAsStringForBulkCopy=true;delayLoadingLobs=true;useFmtOnly=false;useBulkCopyForBatchInsert=false;cancelQueryTimeout=-1;sslProtocol=TLS;jaasConfigurationName=SQLJDBCDriver;statementPoolingCacheSize=0;serverPreparedStatementDiscardThreshold=10;enablePrepareOnFirstPreparedStatementCall=false;fips=false;socketTimeout=0;authentication=NotSpecified;authenticationScheme=nativeAuthentication;xopenStates=false;datetimeParameterType=datetime2;sendTimeAsDatetime=true;replication=false;trustStoreType=JKS;trustServerCertificate=true;TransparentNetworkIPResolution=true;iPAddressPreference=IPv4First;serverNameAsACE=false;sendStringParametersAsUnicode=true;selectMethod=direct;responseBuffering=adaptive;queryTimeout=-1;packetSize=8000;multiSubnetFailover=false;loginTimeout=30;lockTimeout=-1;lastUpdateCount=true;prepareMethod=prepexec;encrypt=true;disableStatementPooling=true;databaseName=InfoLink;columnEncryptionSetting=Disabled;applicationName=Microsoft JDBC Driver for SQL Server;applicationIntent=readwrite;]
	Database driver: Microsoft JDBC Driver 12.3 for SQL Server
	Database dialect: SQLServerDialect
	Database version: 17.0
	Default catalog/schema: InfoLink/dbo
	Autocommit mode: undefined/unknown
	Isolation level: READ_COMMITTED [default READ_COMMITTED]
	JDBC fetch size: 128
	Pool: DataSourceConnectionProvider
	Minimum pool size: undefined/unknown
	Maximum pool size: undefined/unknown
2026-08-23 13:05:15 [restartedMain] INFO  org.hibernate.orm.core - HHH000489: No JTA platform available (set 'hibernate.transaction.jta.platform' to enable JTA platform integration)
2026-08-23 13:05:15 [restartedMain] INFO  o.s.o.j.LocalContainerEntityManagerFactoryBean - Initialized JPA EntityManagerFactory for persistence unit 'default'
2026-08-23 13:05:17 [restartedMain] INFO  o.s.s.c.a.a.c.InitializeUserDetailsBeanManagerConfigurer$InitializeUserDetailsManagerConfigurer - Global AuthenticationManager configured with UserDetailsService bean with name customUserDetailsService
2026-08-23 13:05:20 [restartedMain] INFO  org.mongodb.driver.client - MongoClient with metadata {"driver": {"name": "mongo-java-driver|spring-boot|sync", "version": "5.8.0"}, "os": {"type": "Windows", "name": "Windows 11", "architecture": "amd64", "version": "10.0"}, "platform": "Java/Oracle Corporation/26+35-2893"} created with settings MongoClientSettings{readPreference=primary, writeConcern=WriteConcern{w=null, wTimeout=null ms, journal=null}, retryWrites=true, retryReads=true, readConcern=ReadConcern{level=null}, credential=MongoCredential{mechanism=null, userName='InfoLink_MongoDB', source='admin', password=<hidden>, mechanismProperties=<hidden>}, transportSettings=null, commandListeners=[], codecRegistry=ProvidersCodecRegistry{codecProviders=[ValueCodecProvider{}, BsonValueCodecProvider{}, DBRefCodecProvider{}, DBObjectCodecProvider{}, DocumentCodecProvider{}, CollectionCodecProvider{}, IterableCodecProvider{}, MapCodecProvider{}, GeoJsonCodecProvider{}, GridFSFileCodecProvider{}, Jsr310CodecProvider{}, JsonObjectCodecProvider{}, BsonCodecProvider{}, com.mongodb.client.model.mql.ExpressionCodecProvider@5a985a47, com.mongodb.Jep395RecordCodecProvider@67863519, com.mongodb.KotlinCodecProvider@43c03b92, EnumCodecProvider{}]}, loggerSettings=LoggerSettings{maxDocumentLength=1000}, clusterSettings={hosts=[127.0.0.1:27017], srvHost=infolink.asvuqjh.mongodb.net, srvServiceName=mongodb, mode=MULTIPLE, requiredClusterType=REPLICA_SET, requiredReplicaSetName='atlas-e4nrak-shard-0', serverSelector='null', clusterListeners='[]', serverSelectionTimeout='30000 ms', localThreshold='15 ms'}, socketSettings=SocketSettings{connectTimeoutMS=10000, readTimeoutMS=0, receiveBufferSize=0, proxySettings=ProxySettings{host=null, port=null, username=null, password=null}}, heartbeatSocketSettings=SocketSettings{connectTimeoutMS=10000, readTimeoutMS=10000, receiveBufferSize=0, proxySettings=ProxySettings{host=null, port=null, username=null, password=null}}, connectionPoolSettings=ConnectionPoolSettings{maxSize=100, minSize=0, maxWaitTimeMS=120000, maxConnectionLifeTimeMS=0, maxConnectionIdleTimeMS=0, maintenanceInitialDelayMS=0, maintenanceFrequencyMS=60000, connectionPoolListeners=[], maxConnecting=2}, serverSettings=ServerSettings{heartbeatFrequencyMS=10000, minHeartbeatFrequencyMS=500, serverMonitoringMode=AUTO, serverListeners='[]', serverMonitorListeners='[]'}, sslSettings=SslSettings{enabled=true, invalidHostNameAllowed=false, context=null}, applicationName='null', compressorList=[], uuidRepresentation=UNSPECIFIED, serverApi=null, autoEncryptionSettings=null, dnsClient=null, inetAddressResolver=null, contextProvider=null, timeoutMS=null}
2026-08-23 13:05:20 [cluster-ClusterId{value='6a8ac5e0d9a363d55946add9', description='null'}-srv-infolink.asvuqjh.mongodb.net] INFO  org.mongodb.driver.cluster - Adding discovered server ac-lczobyt-shard-00-00.asvuqjh.mongodb.net:27017 to client view of cluster
2026-08-23 13:05:20 [cluster-ClusterId{value='6a8ac5e0d9a363d55946add9', description='null'}-srv-infolink.asvuqjh.mongodb.net] INFO  org.mongodb.driver.cluster - Adding discovered server ac-lczobyt-shard-00-01.asvuqjh.mongodb.net:27017 to client view of cluster
2026-08-23 13:05:24 [cluster-ClusterId{value='6a8ac5e0d9a363d55946add9', description='null'}-srv-infolink.asvuqjh.mongodb.net] INFO  org.mongodb.driver.cluster - Adding discovered server ac-lczobyt-shard-00-02.asvuqjh.mongodb.net:27017 to client view of cluster
2026-08-23 13:05:25 [cluster-6a8ac5e0d9a363d55946add9-ac-lczobyt-shard-00-00.asvuqjh.mongodb.net:27017] INFO  org.mongodb.driver.cluster - Monitor thread successfully connected to server with description ServerDescription{address=ac-lczobyt-shard-00-00.asvuqjh.mongodb.net:27017, type=REPLICA_SET_SECONDARY, cryptd=false, state=CONNECTED, ok=true, minWireVersion=0, maxWireVersion=25, maxDocumentSize=16777216, logicalSessionTimeoutMinutes=30, roundTripTimeNanos=720876400, minRoundTripTimeNanos=0, setName='atlas-e4nrak-shard-0', canonicalAddress=ac-lczobyt-shard-00-00.asvuqjh.mongodb.net:27017, hosts=[ac-lczobyt-shard-00-01.asvuqjh.mongodb.net:27017, ac-lczobyt-shard-00-02.asvuqjh.mongodb.net:27017, ac-lczobyt-shard-00-00.asvuqjh.mongodb.net:27017], passives=[], arbiters=[], primary='ac-lczobyt-shard-00-01.asvuqjh.mongodb.net:27017', tagSet=TagSet{[Tag{name='availabilityZone', value='euc1-az2'}, Tag{name='cacheState', value='READY'}, Tag{name='diskState', value='READY'}, Tag{name='nodeType', value='ELECTABLE'}, Tag{name='provider', value='AWS'}, Tag{name='region', value='EU_CENTRAL_1'}, Tag{name='workloadType', value='OPERATIONAL'}]}, electionId=null, setVersion=439, topologyVersion=TopologyVersion{processId=6a7b65216f65f70e7a6ea947, counter=10}, lastWriteDate=Sun Aug 23 13:05:24 EEST 2026, lastUpdateTimeNanos=11551089637600}
2026-08-23 13:05:25 [cluster-6a8ac5e0d9a363d55946add9-ac-lczobyt-shard-00-01.asvuqjh.mongodb.net:27017] INFO  org.mongodb.driver.cluster - Monitor thread successfully connected to server with description ServerDescription{address=ac-lczobyt-shard-00-01.asvuqjh.mongodb.net:27017, type=REPLICA_SET_PRIMARY, cryptd=false, state=CONNECTED, ok=true, minWireVersion=0, maxWireVersion=25, maxDocumentSize=16777216, logicalSessionTimeoutMinutes=30, roundTripTimeNanos=551530700, minRoundTripTimeNanos=0, setName='atlas-e4nrak-shard-0', canonicalAddress=ac-lczobyt-shard-00-01.asvuqjh.mongodb.net:27017, hosts=[ac-lczobyt-shard-00-01.asvuqjh.mongodb.net:27017, ac-lczobyt-shard-00-02.asvuqjh.mongodb.net:27017, ac-lczobyt-shard-00-00.asvuqjh.mongodb.net:27017], passives=[], arbiters=[], primary='ac-lczobyt-shard-00-01.asvuqjh.mongodb.net:27017', tagSet=TagSet{[Tag{name='availabilityZone', value='euc1-az3'}, Tag{name='cacheState', value='READY'}, Tag{name='diskState', value='READY'}, Tag{name='nodeType', value='ELECTABLE'}, Tag{name='provider', value='AWS'}, Tag{name='region', value='EU_CENTRAL_1'}, Tag{name='workloadType', value='OPERATIONAL'}]}, electionId=7fffffff0000000000000462, setVersion=439, topologyVersion=TopologyVersion{processId=6a7b675525e46ec341e1ae14, counter=10}, lastWriteDate=Sun Aug 23 13:05:24 EEST 2026, lastUpdateTimeNanos=11551046945600}
2026-08-23 13:05:25 [cluster-6a8ac5e0d9a363d55946add9-ac-lczobyt-shard-00-01.asvuqjh.mongodb.net:27017] INFO  org.mongodb.driver.cluster - Discovered replica set primary ac-lczobyt-shard-00-01.asvuqjh.mongodb.net:27017 with max election id 7fffffff0000000000000462 and max set version 439
2026-08-23 13:05:26 [cluster-6a8ac5e0d9a363d55946add9-ac-lczobyt-shard-00-02.asvuqjh.mongodb.net:27017] INFO  org.mongodb.driver.cluster - Monitor thread successfully connected to server with description ServerDescription{address=ac-lczobyt-shard-00-02.asvuqjh.mongodb.net:27017, type=REPLICA_SET_SECONDARY, cryptd=false, state=CONNECTED, ok=true, minWireVersion=0, maxWireVersion=25, maxDocumentSize=16777216, logicalSessionTimeoutMinutes=30, roundTripTimeNanos=922911700, minRoundTripTimeNanos=0, setName='atlas-e4nrak-shard-0', canonicalAddress=ac-lczobyt-shard-00-02.asvuqjh.mongodb.net:27017, hosts=[ac-lczobyt-shard-00-01.asvuqjh.mongodb.net:27017, ac-lczobyt-shard-00-02.asvuqjh.mongodb.net:27017, ac-lczobyt-shard-00-00.asvuqjh.mongodb.net:27017], passives=[], arbiters=[], primary='ac-lczobyt-shard-00-01.asvuqjh.mongodb.net:27017', tagSet=TagSet{[Tag{name='availabilityZone', value='euc1-az1'}, Tag{name='cacheState', value='READY'}, Tag{name='diskState', value='READY'}, Tag{name='nodeType', value='ELECTABLE'}, Tag{name='provider', value='AWS'}, Tag{name='region', value='EU_CENTRAL_1'}, Tag{name='workloadType', value='OPERATIONAL'}]}, electionId=null, setVersion=439, topologyVersion=TopologyVersion{processId=6a7b69ff648c4799e74e664f, counter=5}, lastWriteDate=Sun Aug 23 13:05:26 EEST 2026, lastUpdateTimeNanos=11552573274400}
2026-08-23 13:05:35 [restartedMain] INFO  o.a.coyote.http11.Http11NioProtocol - Starting ProtocolHandler ["http-nio-8080"]
2026-08-23 13:05:35 [restartedMain] INFO  o.s.boot.tomcat.TomcatWebServer - Tomcat started on port 8080 (http) with context path '/'
2026-08-23 13:05:36 [restartedMain] INFO  com.InfoLink.InfoLinkApplication - Started InfoLinkApplication in 47.119 seconds (process running for 1434.431)
2026-08-23 13:05:36 [restartedMain] INFO  o.s.b.d.a.ConditionEvaluationDeltaLoggingListener - Condition evaluation unchanged
2026-08-23 13:05:37 [File Watcher] INFO  o.s.b.d.a.LocalDevToolsAutoConfiguration$RestartingClassPathChangeChangedEventListener - Restarting due to 1 class path change (0 additions, 0 deletions, 1 modification)
2026-08-23 13:05:38 [Thread-13] INFO  o.s.boot.tomcat.GracefulShutdown - Commencing graceful shutdown. Waiting for active requests to complete
2026-08-23 13:05:38 [tomcat-shutdown] INFO  o.a.coyote.http11.Http11NioProtocol - Pausing ProtocolHandler ["http-nio-8080"]
2026-08-23 13:05:41 [tomcat-shutdown] INFO  o.s.boot.tomcat.GracefulShutdown - Graceful shutdown complete
2026-08-23 13:05:41 [Thread-13] INFO  o.a.coyote.http11.Http11NioProtocol - Stopping ProtocolHandler ["http-nio-8080"]
2026-08-23 13:05:41 [Thread-13] INFO  o.s.o.j.LocalContainerEntityManagerFactoryBean - Closing JPA EntityManagerFactory for persistence unit 'default'
2026-08-23 13:05:41 [Thread-13] INFO  com.zaxxer.hikari.HikariDataSource - HikariPool-4 - Shutdown initiated...
2026-08-23 13:05:44 [Thread-13] INFO  com.zaxxer.hikari.HikariDataSource - HikariPool-4 - Shutdown completed.
2026-08-23 13:05:48 [restartedMain] INFO  com.InfoLink.InfoLinkApplication - Starting InfoLinkApplication using Java 26 with PID 17232 (D:\AIB-Projects\InfoLink\BackEnd\target\classes started by New in d:\AIB-Projects\InfoLink)
2026-08-23 13:05:48 [restartedMain] INFO  com.InfoLink.InfoLinkApplication - No active profile set, falling back to 1 default profile: "default"
2026-08-23 13:05:51 [restartedMain] INFO  o.s.d.r.c.RepositoryConfigurationDelegate - Multiple Spring Data modules found, entering strict repository configuration mode
2026-08-23 13:05:51 [restartedMain] INFO  o.s.d.r.c.RepositoryConfigurationDelegate - Bootstrapping Spring Data JPA repositories in DEFAULT mode.
2026-08-23 13:05:51 [restartedMain] INFO  o.s.d.r.c.RepositoryConfigurationDelegate - Finished Spring Data repository scanning in 311 ms. Found 5 JPA repository interfaces.
2026-08-23 13:05:52 [restartedMain] INFO  o.s.d.r.c.RepositoryConfigurationDelegate - Multiple Spring Data modules found, entering strict repository configuration mode
2026-08-23 13:05:52 [restartedMain] INFO  o.s.d.r.c.RepositoryConfigurationDelegate - Bootstrapping Spring Data MongoDB repositories in DEFAULT mode.
2026-08-23 13:05:52 [restartedMain] INFO  o.s.d.r.c.RepositoryConfigurationExtensionSupport - Spring Data MongoDB - Could not safely identify store assignment for repository candidate interface com.InfoLink.repository.GroupRepository; If you want this repository to be a MongoDB repository, consider annotating your entities with one of these annotations: org.springframework.data.mongodb.core.mapping.Document (preferred), or consider extending one of the following types with your repository: org.springframework.data.mongodb.repository.MongoRepository
2026-08-23 13:05:52 [restartedMain] INFO  o.s.d.r.c.RepositoryConfigurationExtensionSupport - Spring Data MongoDB - Could not safely identify store assignment for repository candidate interface com.InfoLink.repository.GroupsCollectionsRepository; If you want this repository to be a MongoDB repository, consider annotating your entities with one of these annotations: org.springframework.data.mongodb.core.mapping.Document (preferred), or consider extending one of the following types with your repository: org.springframework.data.mongodb.repository.MongoRepository
2026-08-23 13:05:52 [restartedMain] INFO  o.s.d.r.c.RepositoryConfigurationExtensionSupport - Spring Data MongoDB - Could not safely identify store assignment for repository candidate interface com.InfoLink.repository.LogRepository; If you want this repository to be a MongoDB repository, consider annotating your entities with one of these annotations: org.springframework.data.mongodb.core.mapping.Document (preferred), or consider extending one of the following types with your repository: org.springframework.data.mongodb.repository.MongoRepository
2026-08-23 13:05:52 [restartedMain] INFO  o.s.d.r.c.RepositoryConfigurationExtensionSupport - Spring Data MongoDB - Could not safely identify store assignment for repository candidate interface com.InfoLink.repository.RefreshTokenRepository; If you want this repository to be a MongoDB repository, consider annotating your entities with one of these annotations: org.springframework.data.mongodb.core.mapping.Document (preferred), or consider extending one of the following types with your repository: org.springframework.data.mongodb.repository.MongoRepository
2026-08-23 13:05:52 [restartedMain] INFO  o.s.d.r.c.RepositoryConfigurationExtensionSupport - Spring Data MongoDB - Could not safely identify store assignment for repository candidate interface com.InfoLink.repository.UserRepository; If you want this repository to be a MongoDB repository, consider annotating your entities with one of these annotations: org.springframework.data.mongodb.core.mapping.Document (preferred), or consider extending one of the following types with your repository: org.springframework.data.mongodb.repository.MongoRepository
2026-08-23 13:05:52 [restartedMain] INFO  o.s.d.r.c.RepositoryConfigurationDelegate - Finished Spring Data repository scanning in 102 ms. Found 0 MongoDB repository interfaces.
2026-08-23 13:05:53 [restartedMain] INFO  o.s.boot.tomcat.TomcatWebServer - Tomcat initialized with port 8080 (http)
2026-08-23 13:05:53 [restartedMain] INFO  o.a.coyote.http11.Http11NioProtocol - Initializing ProtocolHandler ["http-nio-8080"]
2026-08-23 13:05:53 [restartedMain] INFO  o.a.catalina.core.StandardService - Starting service [Tomcat]
2026-08-23 13:05:53 [restartedMain] INFO  o.a.catalina.core.StandardEngine - Starting Servlet engine: [Apache Tomcat/11.0.22]
2026-08-23 13:05:53 [restartedMain] INFO  o.s.b.w.c.s.WebApplicationContextInitializer - Root WebApplicationContext: initialization completed in 5319 ms
2026-08-23 13:05:53 [restartedMain] INFO  com.zaxxer.hikari.HikariDataSource - HikariPool-5 - Starting...
2026-08-23 13:05:54 [restartedMain] INFO  com.zaxxer.hikari.pool.HikariPool - HikariPool-5 - Added connection ConnectionID:34 ClientConnectionId: 852709e1-48ff-4cbf-8755-288981ef4136
2026-08-23 13:05:54 [restartedMain] INFO  com.zaxxer.hikari.HikariDataSource - HikariPool-5 - Start completed.
2026-08-23 13:05:54 [restartedMain] INFO  org.hibernate.orm.jpa - HHH008540: Processing PersistenceUnitInfo [name: default]
2026-08-23 13:05:55 [restartedMain] INFO  o.s.o.j.p.SpringPersistenceUnitInfo - No LoadTimeWeaver setup: ignoring JPA class transformer
2026-08-23 13:05:55 [restartedMain] INFO  o.hibernate.orm.connections.pooling - HHH10001005: Database info:
	Database JDBC URL [jdbc:sqlserver://localhost\desktop-sgfhgte\mssqlserver01:1433;connectRetryInterval=10;connectRetryCount=1;maxResultBuffer=-1;sendTemporalDataTypesAsStringForBulkCopy=true;delayLoadingLobs=true;useFmtOnly=false;useBulkCopyForBatchInsert=false;cancelQueryTimeout=-1;sslProtocol=TLS;jaasConfigurationName=SQLJDBCDriver;statementPoolingCacheSize=0;serverPreparedStatementDiscardThreshold=10;enablePrepareOnFirstPreparedStatementCall=false;fips=false;socketTimeout=0;authentication=NotSpecified;authenticationScheme=nativeAuthentication;xopenStates=false;datetimeParameterType=datetime2;sendTimeAsDatetime=true;replication=false;trustStoreType=JKS;trustServerCertificate=true;TransparentNetworkIPResolution=true;iPAddressPreference=IPv4First;serverNameAsACE=false;sendStringParametersAsUnicode=true;selectMethod=direct;responseBuffering=adaptive;queryTimeout=-1;packetSize=8000;multiSubnetFailover=false;loginTimeout=30;lockTimeout=-1;lastUpdateCount=true;prepareMethod=prepexec;encrypt=true;disableStatementPooling=true;databaseName=InfoLink;columnEncryptionSetting=Disabled;applicationName=Microsoft JDBC Driver for SQL Server;applicationIntent=readwrite;]
	Database driver: Microsoft JDBC Driver 12.3 for SQL Server
	Database dialect: SQLServerDialect
	Database version: 17.0
	Default catalog/schema: InfoLink/dbo
	Autocommit mode: undefined/unknown
	Isolation level: READ_COMMITTED [default READ_COMMITTED]
	JDBC fetch size: 128
	Pool: DataSourceConnectionProvider
	Minimum pool size: undefined/unknown
	Maximum pool size: undefined/unknown
2026-08-23 13:05:55 [restartedMain] INFO  org.hibernate.orm.core - HHH000489: No JTA platform available (set 'hibernate.transaction.jta.platform' to enable JTA platform integration)
2026-08-23 13:05:55 [restartedMain] INFO  o.s.o.j.LocalContainerEntityManagerFactoryBean - Initialized JPA EntityManagerFactory for persistence unit 'default'
2026-08-23 13:05:56 [restartedMain] INFO  o.s.s.c.a.a.c.InitializeUserDetailsBeanManagerConfigurer$InitializeUserDetailsManagerConfigurer - Global AuthenticationManager configured with UserDetailsService bean with name customUserDetailsService
2026-08-23 13:05:57 [restartedMain] INFO  org.mongodb.driver.client - MongoClient with metadata {"driver": {"name": "mongo-java-driver|spring-boot|sync", "version": "5.8.0"}, "os": {"type": "Windows", "name": "Windows 11", "architecture": "amd64", "version": "10.0"}, "platform": "Java/Oracle Corporation/26+35-2893"} created with settings MongoClientSettings{readPreference=primary, writeConcern=WriteConcern{w=null, wTimeout=null ms, journal=null}, retryWrites=true, retryReads=true, readConcern=ReadConcern{level=null}, credential=MongoCredential{mechanism=null, userName='InfoLink_MongoDB', source='admin', password=<hidden>, mechanismProperties=<hidden>}, transportSettings=null, commandListeners=[], codecRegistry=ProvidersCodecRegistry{codecProviders=[ValueCodecProvider{}, BsonValueCodecProvider{}, DBRefCodecProvider{}, DBObjectCodecProvider{}, DocumentCodecProvider{}, CollectionCodecProvider{}, IterableCodecProvider{}, MapCodecProvider{}, GeoJsonCodecProvider{}, GridFSFileCodecProvider{}, Jsr310CodecProvider{}, JsonObjectCodecProvider{}, BsonCodecProvider{}, com.mongodb.client.model.mql.ExpressionCodecProvider@5a985a47, com.mongodb.Jep395RecordCodecProvider@67863519, com.mongodb.KotlinCodecProvider@43c03b92, EnumCodecProvider{}]}, loggerSettings=LoggerSettings{maxDocumentLength=1000}, clusterSettings={hosts=[127.0.0.1:27017], srvHost=infolink.asvuqjh.mongodb.net, srvServiceName=mongodb, mode=MULTIPLE, requiredClusterType=REPLICA_SET, requiredReplicaSetName='atlas-e4nrak-shard-0', serverSelector='null', clusterListeners='[]', serverSelectionTimeout='30000 ms', localThreshold='15 ms'}, socketSettings=SocketSettings{connectTimeoutMS=10000, readTimeoutMS=0, receiveBufferSize=0, proxySettings=ProxySettings{host=null, port=null, username=null, password=null}}, heartbeatSocketSettings=SocketSettings{connectTimeoutMS=10000, readTimeoutMS=10000, receiveBufferSize=0, proxySettings=ProxySettings{host=null, port=null, username=null, password=null}}, connectionPoolSettings=ConnectionPoolSettings{maxSize=100, minSize=0, maxWaitTimeMS=120000, maxConnectionLifeTimeMS=0, maxConnectionIdleTimeMS=0, maintenanceInitialDelayMS=0, maintenanceFrequencyMS=60000, connectionPoolListeners=[], maxConnecting=2}, serverSettings=ServerSettings{heartbeatFrequencyMS=10000, minHeartbeatFrequencyMS=500, serverMonitoringMode=AUTO, serverListeners='[]', serverMonitorListeners='[]'}, sslSettings=SslSettings{enabled=true, invalidHostNameAllowed=false, context=null}, applicationName='null', compressorList=[], uuidRepresentation=UNSPECIFIED, serverApi=null, autoEncryptionSettings=null, dnsClient=null, inetAddressResolver=null, contextProvider=null, timeoutMS=null}
2026-08-23 13:05:58 [cluster-ClusterId{value='6a8ac605d9a363d55946adda', description='null'}-srv-infolink.asvuqjh.mongodb.net] INFO  org.mongodb.driver.cluster - Adding discovered server ac-lczobyt-shard-00-00.asvuqjh.mongodb.net:27017 to client view of cluster
2026-08-23 13:05:58 [cluster-ClusterId{value='6a8ac605d9a363d55946adda', description='null'}-srv-infolink.asvuqjh.mongodb.net] INFO  org.mongodb.driver.cluster - Adding discovered server ac-lczobyt-shard-00-01.asvuqjh.mongodb.net:27017 to client view of cluster
2026-08-23 13:05:58 [cluster-ClusterId{value='6a8ac605d9a363d55946adda', description='null'}-srv-infolink.asvuqjh.mongodb.net] INFO  org.mongodb.driver.cluster - Adding discovered server ac-lczobyt-shard-00-02.asvuqjh.mongodb.net:27017 to client view of cluster
2026-08-23 13:05:59 [cluster-6a8ac605d9a363d55946adda-ac-lczobyt-shard-00-00.asvuqjh.mongodb.net:27017] INFO  org.mongodb.driver.cluster - Monitor thread successfully connected to server with description ServerDescription{address=ac-lczobyt-shard-00-00.asvuqjh.mongodb.net:27017, type=REPLICA_SET_SECONDARY, cryptd=false, state=CONNECTED, ok=true, minWireVersion=0, maxWireVersion=25, maxDocumentSize=16777216, logicalSessionTimeoutMinutes=30, roundTripTimeNanos=355052800, minRoundTripTimeNanos=0, setName='atlas-e4nrak-shard-0', canonicalAddress=ac-lczobyt-shard-00-00.asvuqjh.mongodb.net:27017, hosts=[ac-lczobyt-shard-00-01.asvuqjh.mongodb.net:27017, ac-lczobyt-shard-00-02.asvuqjh.mongodb.net:27017, ac-lczobyt-shard-00-00.asvuqjh.mongodb.net:27017], passives=[], arbiters=[], primary='ac-lczobyt-shard-00-01.asvuqjh.mongodb.net:27017', tagSet=TagSet{[Tag{name='availabilityZone', value='euc1-az2'}, Tag{name='cacheState', value='READY'}, Tag{name='diskState', value='READY'}, Tag{name='nodeType', value='ELECTABLE'}, Tag{name='provider', value='AWS'}, Tag{name='region', value='EU_CENTRAL_1'}, Tag{name='workloadType', value='OPERATIONAL'}]}, electionId=null, setVersion=439, topologyVersion=TopologyVersion{processId=6a7b65216f65f70e7a6ea947, counter=10}, lastWriteDate=Sun Aug 23 13:05:58 EEST 2026, lastUpdateTimeNanos=11585120846800}
2026-08-23 13:06:03 [cluster-6a8ac605d9a363d55946adda-ac-lczobyt-shard-00-02.asvuqjh.mongodb.net:27017] INFO  org.mongodb.driver.cluster - Monitor thread successfully connected to server with description ServerDescription{address=ac-lczobyt-shard-00-02.asvuqjh.mongodb.net:27017, type=REPLICA_SET_SECONDARY, cryptd=false, state=CONNECTED, ok=true, minWireVersion=0, maxWireVersion=25, maxDocumentSize=16777216, logicalSessionTimeoutMinutes=30, roundTripTimeNanos=328899100, minRoundTripTimeNanos=0, setName='atlas-e4nrak-shard-0', canonicalAddress=ac-lczobyt-shard-00-02.asvuqjh.mongodb.net:27017, hosts=[ac-lczobyt-shard-00-01.asvuqjh.mongodb.net:27017, ac-lczobyt-shard-00-02.asvuqjh.mongodb.net:27017, ac-lczobyt-shard-00-00.asvuqjh.mongodb.net:27017], passives=[], arbiters=[], primary='ac-lczobyt-shard-00-01.asvuqjh.mongodb.net:27017', tagSet=TagSet{[Tag{name='availabilityZone', value='euc1-az1'}, Tag{name='cacheState', value='READY'}, Tag{name='diskState', value='READY'}, Tag{name='nodeType', value='ELECTABLE'}, Tag{name='provider', value='AWS'}, Tag{name='region', value='EU_CENTRAL_1'}, Tag{name='workloadType', value='OPERATIONAL'}]}, electionId=null, setVersion=439, topologyVersion=TopologyVersion{processId=6a7b69ff648c4799e74e664f, counter=5}, lastWriteDate=Sun Aug 23 13:05:58 EEST 2026, lastUpdateTimeNanos=11585150318300}
2026-08-23 13:06:03 [cluster-6a8ac605d9a363d55946adda-ac-lczobyt-shard-00-01.asvuqjh.mongodb.net:27017] INFO  org.mongodb.driver.cluster - Monitor thread successfully connected to server with description ServerDescription{address=ac-lczobyt-shard-00-01.asvuqjh.mongodb.net:27017, type=REPLICA_SET_PRIMARY, cryptd=false, state=CONNECTED, ok=true, minWireVersion=0, maxWireVersion=25, maxDocumentSize=16777216, logicalSessionTimeoutMinutes=30, roundTripTimeNanos=4612804700, minRoundTripTimeNanos=0, setName='atlas-e4nrak-shard-0', canonicalAddress=ac-lczobyt-shard-00-01.asvuqjh.mongodb.net:27017, hosts=[ac-lczobyt-shard-00-01.asvuqjh.mongodb.net:27017, ac-lczobyt-shard-00-02.asvuqjh.mongodb.net:27017, ac-lczobyt-shard-00-00.asvuqjh.mongodb.net:27017], passives=[], arbiters=[], primary='ac-lczobyt-shard-00-01.asvuqjh.mongodb.net:27017', tagSet=TagSet{[Tag{name='availabilityZone', value='euc1-az3'}, Tag{name='cacheState', value='READY'}, Tag{name='diskState', value='READY'}, Tag{name='nodeType', value='ELECTABLE'}, Tag{name='provider', value='AWS'}, Tag{name='region', value='EU_CENTRAL_1'}, Tag{name='workloadType', value='OPERATIONAL'}]}, electionId=7fffffff0000000000000462, setVersion=439, topologyVersion=TopologyVersion{processId=6a7b675525e46ec341e1ae14, counter=10}, lastWriteDate=Sun Aug 23 13:05:58 EEST 2026, lastUpdateTimeNanos=11589424688200}
2026-08-23 13:06:03 [cluster-6a8ac605d9a363d55946adda-ac-lczobyt-shard-00-01.asvuqjh.mongodb.net:27017] INFO  org.mongodb.driver.cluster - Discovered replica set primary ac-lczobyt-shard-00-01.asvuqjh.mongodb.net:27017 with max election id 7fffffff0000000000000462 and max set version 439
2026-08-23 13:06:10 [restartedMain] INFO  o.a.coyote.http11.Http11NioProtocol - Starting ProtocolHandler ["http-nio-8080"]
2026-08-23 13:06:10 [restartedMain] INFO  o.s.boot.tomcat.TomcatWebServer - Tomcat started on port 8080 (http) with context path '/'
2026-08-23 13:06:10 [restartedMain] INFO  com.InfoLink.InfoLinkApplication - Started InfoLinkApplication in 23.852 seconds (process running for 1468.881)
2026-08-23 13:06:10 [restartedMain] INFO  o.s.b.d.a.ConditionEvaluationDeltaLoggingListener - Condition evaluation unchanged
2026-08-23 13:06:11 [File Watcher] INFO  o.s.b.d.a.LocalDevToolsAutoConfiguration$RestartingClassPathChangeChangedEventListener - Restarting due to 1 class path change (0 additions, 0 deletions, 1 modification)
2026-08-23 13:06:11 [Thread-17] INFO  o.s.boot.tomcat.GracefulShutdown - Commencing graceful shutdown. Waiting for active requests to complete
2026-08-23 13:06:11 [tomcat-shutdown] INFO  o.a.coyote.http11.Http11NioProtocol - Pausing ProtocolHandler ["http-nio-8080"]
2026-08-23 13:06:14 [tomcat-shutdown] INFO  o.s.boot.tomcat.GracefulShutdown - Graceful shutdown complete
2026-08-23 13:06:14 [Thread-17] INFO  o.a.coyote.http11.Http11NioProtocol - Stopping ProtocolHandler ["http-nio-8080"]
2026-08-23 13:06:14 [Thread-17] INFO  o.s.o.j.LocalContainerEntityManagerFactoryBean - Closing JPA EntityManagerFactory for persistence unit 'default'
2026-08-23 13:06:14 [Thread-17] INFO  com.zaxxer.hikari.HikariDataSource - HikariPool-5 - Shutdown initiated...
2026-08-23 13:06:17 [Thread-17] INFO  com.zaxxer.hikari.HikariDataSource - HikariPool-5 - Shutdown completed.
2026-08-23 13:06:18 [restartedMain] INFO  com.InfoLink.InfoLinkApplication - Starting InfoLinkApplication using Java 26 with PID 17232 (D:\AIB-Projects\InfoLink\BackEnd\target\classes started by New in d:\AIB-Projects\InfoLink)
2026-08-23 13:06:18 [restartedMain] INFO  com.InfoLink.InfoLinkApplication - No active profile set, falling back to 1 default profile: "default"
2026-08-23 13:06:28 [restartedMain] INFO  o.s.d.r.c.RepositoryConfigurationDelegate - Multiple Spring Data modules found, entering strict repository configuration mode
2026-08-23 13:06:28 [restartedMain] INFO  o.s.d.r.c.RepositoryConfigurationDelegate - Bootstrapping Spring Data JPA repositories in DEFAULT mode.
2026-08-23 13:06:30 [restartedMain] INFO  o.s.d.r.c.RepositoryConfigurationDelegate - Finished Spring Data repository scanning in 1529 ms. Found 5 JPA repository interfaces.
2026-08-23 13:06:30 [restartedMain] INFO  o.s.d.r.c.RepositoryConfigurationDelegate - Multiple Spring Data modules found, entering strict repository configuration mode
2026-08-23 13:06:30 [restartedMain] INFO  o.s.d.r.c.RepositoryConfigurationDelegate - Bootstrapping Spring Data MongoDB repositories in DEFAULT mode.
2026-08-23 13:06:31 [restartedMain] INFO  o.s.d.r.c.RepositoryConfigurationExtensionSupport - Spring Data MongoDB - Could not safely identify store assignment for repository candidate interface com.InfoLink.repository.GroupRepository; If you want this repository to be a MongoDB repository, consider annotating your entities with one of these annotations: org.springframework.data.mongodb.core.mapping.Document (preferred), or consider extending one of the following types with your repository: org.springframework.data.mongodb.repository.MongoRepository
2026-08-23 13:06:31 [restartedMain] INFO  o.s.d.r.c.RepositoryConfigurationExtensionSupport - Spring Data MongoDB - Could not safely identify store assignment for repository candidate interface com.InfoLink.repository.GroupsCollectionsRepository; If you want this repository to be a MongoDB repository, consider annotating your entities with one of these annotations: org.springframework.data.mongodb.core.mapping.Document (preferred), or consider extending one of the following types with your repository: org.springframework.data.mongodb.repository.MongoRepository
2026-08-23 13:06:31 [restartedMain] INFO  o.s.d.r.c.RepositoryConfigurationExtensionSupport - Spring Data MongoDB - Could not safely identify store assignment for repository candidate interface com.InfoLink.repository.LogRepository; If you want this repository to be a MongoDB repository, consider annotating your entities with one of these annotations: org.springframework.data.mongodb.core.mapping.Document (preferred), or consider extending one of the following types with your repository: org.springframework.data.mongodb.repository.MongoRepository
2026-08-23 13:06:31 [restartedMain] INFO  o.s.d.r.c.RepositoryConfigurationExtensionSupport - Spring Data MongoDB - Could not safely identify store assignment for repository candidate interface com.InfoLink.repository.RefreshTokenRepository; If you want this repository to be a MongoDB repository, consider annotating your entities with one of these annotations: org.springframework.data.mongodb.core.mapping.Document (preferred), or consider extending one of the following types with your repository: org.springframework.data.mongodb.repository.MongoRepository
2026-08-23 13:06:31 [restartedMain] INFO  o.s.d.r.c.RepositoryConfigurationExtensionSupport - Spring Data MongoDB - Could not safely identify store assignment for repository candidate interface com.InfoLink.repository.UserRepository; If you want this repository to be a MongoDB repository, consider annotating your entities with one of these annotations: org.springframework.data.mongodb.core.mapping.Document (preferred), or consider extending one of the following types with your repository: org.springframework.data.mongodb.repository.MongoRepository
2026-08-23 13:06:32 [restartedMain] INFO  o.s.d.r.c.RepositoryConfigurationDelegate - Finished Spring Data repository scanning in 1532 ms. Found 0 MongoDB repository interfaces.
2026-08-23 13:06:37 [restartedMain] INFO  o.s.boot.tomcat.TomcatWebServer - Tomcat initialized with port 8080 (http)
2026-08-23 13:06:37 [restartedMain] INFO  o.a.coyote.http11.Http11NioProtocol - Initializing ProtocolHandler ["http-nio-8080"]
2026-08-23 13:06:37 [restartedMain] INFO  o.a.catalina.core.StandardService - Starting service [Tomcat]
2026-08-23 13:06:37 [restartedMain] INFO  o.a.catalina.core.StandardEngine - Starting Servlet engine: [Apache Tomcat/11.0.22]
2026-08-23 13:06:39 [restartedMain] INFO  o.s.b.w.c.s.WebApplicationContextInitializer - Root WebApplicationContext: initialization completed in 20291 ms
2026-08-23 13:06:40 [restartedMain] INFO  com.zaxxer.hikari.HikariDataSource - HikariPool-6 - Starting...
2026-08-23 13:06:46 [restartedMain] INFO  com.zaxxer.hikari.pool.HikariPool - HikariPool-6 - Added connection ConnectionID:40 ClientConnectionId: 4fd9058a-c72f-4de2-9c76-10b78b84309c
2026-08-23 13:06:46 [restartedMain] INFO  com.zaxxer.hikari.HikariDataSource - HikariPool-6 - Start completed.
2026-08-23 13:06:46 [restartedMain] INFO  org.hibernate.orm.jpa - HHH008540: Processing PersistenceUnitInfo [name: default]
2026-08-23 13:06:50 [restartedMain] INFO  o.s.o.j.p.SpringPersistenceUnitInfo - No LoadTimeWeaver setup: ignoring JPA class transformer
2026-08-23 13:06:52 [restartedMain] INFO  o.hibernate.orm.connections.pooling - HHH10001005: Database info:
	Database JDBC URL [jdbc:sqlserver://localhost\desktop-sgfhgte\mssqlserver01:1433;connectRetryInterval=10;connectRetryCount=1;maxResultBuffer=-1;sendTemporalDataTypesAsStringForBulkCopy=true;delayLoadingLobs=true;useFmtOnly=false;useBulkCopyForBatchInsert=false;cancelQueryTimeout=-1;sslProtocol=TLS;jaasConfigurationName=SQLJDBCDriver;statementPoolingCacheSize=0;serverPreparedStatementDiscardThreshold=10;enablePrepareOnFirstPreparedStatementCall=false;fips=false;socketTimeout=0;authentication=NotSpecified;authenticationScheme=nativeAuthentication;xopenStates=false;datetimeParameterType=datetime2;sendTimeAsDatetime=true;replication=false;trustStoreType=JKS;trustServerCertificate=true;TransparentNetworkIPResolution=true;iPAddressPreference=IPv4First;serverNameAsACE=false;sendStringParametersAsUnicode=true;selectMethod=direct;responseBuffering=adaptive;queryTimeout=-1;packetSize=8000;multiSubnetFailover=false;loginTimeout=30;lockTimeout=-1;lastUpdateCount=true;prepareMethod=prepexec;encrypt=true;disableStatementPooling=true;databaseName=InfoLink;columnEncryptionSetting=Disabled;applicationName=Microsoft JDBC Driver for SQL Server;applicationIntent=readwrite;]
	Database driver: Microsoft JDBC Driver 12.3 for SQL Server
	Database dialect: SQLServerDialect
	Database version: 17.0
	Default catalog/schema: InfoLink/dbo
	Autocommit mode: undefined/unknown
	Isolation level: READ_COMMITTED [default READ_COMMITTED]
	JDBC fetch size: 128
	Pool: DataSourceConnectionProvider
	Minimum pool size: undefined/unknown
	Maximum pool size: undefined/unknown
2026-08-23 13:06:57 [restartedMain] INFO  org.hibernate.orm.core - HHH000489: No JTA platform available (set 'hibernate.transaction.jta.platform' to enable JTA platform integration)
2026-08-23 13:06:58 [restartedMain] INFO  o.s.o.j.LocalContainerEntityManagerFactoryBean - Initialized JPA EntityManagerFactory for persistence unit 'default'
2026-08-23 13:07:00 [restartedMain] INFO  o.s.s.c.a.a.c.InitializeUserDetailsBeanManagerConfigurer$InitializeUserDetailsManagerConfigurer - Global AuthenticationManager configured with UserDetailsService bean with name customUserDetailsService
2026-08-23 13:07:03 [restartedMain] INFO  org.mongodb.driver.client - MongoClient with metadata {"driver": {"name": "mongo-java-driver|spring-boot|sync", "version": "5.8.0"}, "os": {"type": "Windows", "name": "Windows 11", "architecture": "amd64", "version": "10.0"}, "platform": "Java/Oracle Corporation/26+35-2893"} created with settings MongoClientSettings{readPreference=primary, writeConcern=WriteConcern{w=null, wTimeout=null ms, journal=null}, retryWrites=true, retryReads=true, readConcern=ReadConcern{level=null}, credential=MongoCredential{mechanism=null, userName='InfoLink_MongoDB', source='admin', password=<hidden>, mechanismProperties=<hidden>}, transportSettings=null, commandListeners=[], codecRegistry=ProvidersCodecRegistry{codecProviders=[ValueCodecProvider{}, BsonValueCodecProvider{}, DBRefCodecProvider{}, DBObjectCodecProvider{}, DocumentCodecProvider{}, CollectionCodecProvider{}, IterableCodecProvider{}, MapCodecProvider{}, GeoJsonCodecProvider{}, GridFSFileCodecProvider{}, Jsr310CodecProvider{}, JsonObjectCodecProvider{}, BsonCodecProvider{}, com.mongodb.client.model.mql.ExpressionCodecProvider@5a985a47, com.mongodb.Jep395RecordCodecProvider@67863519, com.mongodb.KotlinCodecProvider@43c03b92, EnumCodecProvider{}]}, loggerSettings=LoggerSettings{maxDocumentLength=1000}, clusterSettings={hosts=[127.0.0.1:27017], srvHost=infolink.asvuqjh.mongodb.net, srvServiceName=mongodb, mode=MULTIPLE, requiredClusterType=REPLICA_SET, requiredReplicaSetName='atlas-e4nrak-shard-0', serverSelector='null', clusterListeners='[]', serverSelectionTimeout='30000 ms', localThreshold='15 ms'}, socketSettings=SocketSettings{connectTimeoutMS=10000, readTimeoutMS=0, receiveBufferSize=0, proxySettings=ProxySettings{host=null, port=null, username=null, password=null}}, heartbeatSocketSettings=SocketSettings{connectTimeoutMS=10000, readTimeoutMS=10000, receiveBufferSize=0, proxySettings=ProxySettings{host=null, port=null, username=null, password=null}}, connectionPoolSettings=ConnectionPoolSettings{maxSize=100, minSize=0, maxWaitTimeMS=120000, maxConnectionLifeTimeMS=0, maxConnectionIdleTimeMS=0, maintenanceInitialDelayMS=0, maintenanceFrequencyMS=60000, connectionPoolListeners=[], maxConnecting=2}, serverSettings=ServerSettings{heartbeatFrequencyMS=10000, minHeartbeatFrequencyMS=500, serverMonitoringMode=AUTO, serverListeners='[]', serverMonitorListeners='[]'}, sslSettings=SslSettings{enabled=true, invalidHostNameAllowed=false, context=null}, applicationName='null', compressorList=[], uuidRepresentation=UNSPECIFIED, serverApi=null, autoEncryptionSettings=null, dnsClient=null, inetAddressResolver=null, contextProvider=null, timeoutMS=null}
2026-08-23 13:07:03 [cluster-ClusterId{value='6a8ac647d9a363d55946addb', description='null'}-srv-infolink.asvuqjh.mongodb.net] INFO  org.mongodb.driver.cluster - Adding discovered server ac-lczobyt-shard-00-00.asvuqjh.mongodb.net:27017 to client view of cluster
2026-08-23 13:07:03 [cluster-ClusterId{value='6a8ac647d9a363d55946addb', description='null'}-srv-infolink.asvuqjh.mongodb.net] INFO  org.mongodb.driver.cluster - Adding discovered server ac-lczobyt-shard-00-01.asvuqjh.mongodb.net:27017 to client view of cluster
2026-08-23 13:07:03 [cluster-ClusterId{value='6a8ac647d9a363d55946addb', description='null'}-srv-infolink.asvuqjh.mongodb.net] INFO  org.mongodb.driver.cluster - Adding discovered server ac-lczobyt-shard-00-02.asvuqjh.mongodb.net:27017 to client view of cluster
2026-08-23 13:07:08 [cluster-6a8ac647d9a363d55946addb-ac-lczobyt-shard-00-02.asvuqjh.mongodb.net:27017] INFO  org.mongodb.driver.cluster - Monitor thread successfully connected to server with description ServerDescription{address=ac-lczobyt-shard-00-02.asvuqjh.mongodb.net:27017, type=REPLICA_SET_SECONDARY, cryptd=false, state=CONNECTED, ok=true, minWireVersion=0, maxWireVersion=25, maxDocumentSize=16777216, logicalSessionTimeoutMinutes=30, roundTripTimeNanos=522258300, minRoundTripTimeNanos=0, setName='atlas-e4nrak-shard-0', canonicalAddress=ac-lczobyt-shard-00-02.asvuqjh.mongodb.net:27017, hosts=[ac-lczobyt-shard-00-01.asvuqjh.mongodb.net:27017, ac-lczobyt-shard-00-02.asvuqjh.mongodb.net:27017, ac-lczobyt-shard-00-00.asvuqjh.mongodb.net:27017], passives=[], arbiters=[], primary='ac-lczobyt-shard-00-01.asvuqjh.mongodb.net:27017', tagSet=TagSet{[Tag{name='availabilityZone', value='euc1-az1'}, Tag{name='cacheState', value='READY'}, Tag{name='diskState', value='READY'}, Tag{name='nodeType', value='ELECTABLE'}, Tag{name='provider', value='AWS'}, Tag{name='region', value='EU_CENTRAL_1'}, Tag{name='workloadType', value='OPERATIONAL'}]}, electionId=null, setVersion=439, topologyVersion=TopologyVersion{processId=6a7b69ff648c4799e74e664f, counter=5}, lastWriteDate=Sun Aug 23 13:07:07 EEST 2026, lastUpdateTimeNanos=11654204470200}
2026-08-23 13:07:08 [cluster-6a8ac647d9a363d55946addb-ac-lczobyt-shard-00-00.asvuqjh.mongodb.net:27017] INFO  org.mongodb.driver.cluster - Monitor thread successfully connected to server with description ServerDescription{address=ac-lczobyt-shard-00-00.asvuqjh.mongodb.net:27017, type=REPLICA_SET_SECONDARY, cryptd=false, state=CONNECTED, ok=true, minWireVersion=0, maxWireVersion=25, maxDocumentSize=16777216, logicalSessionTimeoutMinutes=30, roundTripTimeNanos=4218381100, minRoundTripTimeNanos=0, setName='atlas-e4nrak-shard-0', canonicalAddress=ac-lczobyt-shard-00-00.asvuqjh.mongodb.net:27017, hosts=[ac-lczobyt-shard-00-01.asvuqjh.mongodb.net:27017, ac-lczobyt-shard-00-02.asvuqjh.mongodb.net:27017, ac-lczobyt-shard-00-00.asvuqjh.mongodb.net:27017], passives=[], arbiters=[], primary='ac-lczobyt-shard-00-01.asvuqjh.mongodb.net:27017', tagSet=TagSet{[Tag{name='availabilityZone', value='euc1-az2'}, Tag{name='cacheState', value='READY'}, Tag{name='diskState', value='READY'}, Tag{name='nodeType', value='ELECTABLE'}, Tag{name='provider', value='AWS'}, Tag{name='region', value='EU_CENTRAL_1'}, Tag{name='workloadType', value='OPERATIONAL'}]}, electionId=null, setVersion=439, topologyVersion=TopologyVersion{processId=6a7b65216f65f70e7a6ea947, counter=10}, lastWriteDate=Sun Aug 23 13:07:08 EEST 2026, lastUpdateTimeNanos=11654405716100}
2026-08-23 13:07:11 [restartedMain] INFO  o.a.coyote.http11.Http11NioProtocol - Starting ProtocolHandler ["http-nio-8080"]
2026-08-23 13:07:11 [restartedMain] INFO  o.s.boot.tomcat.TomcatWebServer - Tomcat started on port 8080 (http) with context path '/'
2026-08-23 13:07:12 [restartedMain] INFO  com.InfoLink.InfoLinkApplication - Started InfoLinkApplication in 54.353 seconds (process running for 1530.251)
2026-08-23 13:07:12 [restartedMain] INFO  o.s.b.d.a.ConditionEvaluationDeltaLoggingListener - Condition evaluation unchanged
2026-08-23 13:07:14 [cluster-6a8ac647d9a363d55946addb-ac-lczobyt-shard-00-01.asvuqjh.mongodb.net:27017] INFO  org.mongodb.driver.cluster - Monitor thread successfully connected to server with description ServerDescription{address=ac-lczobyt-shard-00-01.asvuqjh.mongodb.net:27017, type=REPLICA_SET_PRIMARY, cryptd=false, state=CONNECTED, ok=true, minWireVersion=0, maxWireVersion=25, maxDocumentSize=16777216, logicalSessionTimeoutMinutes=30, roundTripTimeNanos=3308772600, minRoundTripTimeNanos=0, setName='atlas-e4nrak-shard-0', canonicalAddress=ac-lczobyt-shard-00-01.asvuqjh.mongodb.net:27017, hosts=[ac-lczobyt-shard-00-01.asvuqjh.mongodb.net:27017, ac-lczobyt-shard-00-02.asvuqjh.mongodb.net:27017, ac-lczobyt-shard-00-00.asvuqjh.mongodb.net:27017], passives=[], arbiters=[], primary='ac-lczobyt-shard-00-01.asvuqjh.mongodb.net:27017', tagSet=TagSet{[Tag{name='availabilityZone', value='euc1-az3'}, Tag{name='cacheState', value='READY'}, Tag{name='diskState', value='READY'}, Tag{name='nodeType', value='ELECTABLE'}, Tag{name='provider', value='AWS'}, Tag{name='region', value='EU_CENTRAL_1'}, Tag{name='workloadType', value='OPERATIONAL'}]}, electionId=7fffffff0000000000000462, setVersion=439, topologyVersion=TopologyVersion{processId=6a7b675525e46ec341e1ae14, counter=10}, lastWriteDate=Sun Aug 23 13:07:13 EEST 2026, lastUpdateTimeNanos=11659926462200}
2026-08-23 13:07:14 [cluster-6a8ac647d9a363d55946addb-ac-lczobyt-shard-00-01.asvuqjh.mongodb.net:27017] INFO  org.mongodb.driver.cluster - Discovered replica set primary ac-lczobyt-shard-00-01.asvuqjh.mongodb.net:27017 with max election id 7fffffff0000000000000462 and max set version 439
2026-08-23 13:07:14 [File Watcher] INFO  o.s.b.d.a.LocalDevToolsAutoConfiguration$RestartingClassPathChangeChangedEventListener - Restarting due to 1 class path change (0 additions, 0 deletions, 1 modification)
2026-08-23 13:07:14 [Thread-21] INFO  o.s.boot.tomcat.GracefulShutdown - Commencing graceful shutdown. Waiting for active requests to complete
2026-08-23 13:07:14 [tomcat-shutdown] INFO  o.a.coyote.http11.Http11NioProtocol - Pausing ProtocolHandler ["http-nio-8080"]
2026-08-23 13:07:16 [tomcat-shutdown] INFO  o.s.boot.tomcat.GracefulShutdown - Graceful shutdown complete
2026-08-23 13:07:16 [Thread-21] INFO  o.a.coyote.http11.Http11NioProtocol - Stopping ProtocolHandler ["http-nio-8080"]
2026-08-23 13:07:16 [Thread-21] INFO  o.s.o.j.LocalContainerEntityManagerFactoryBean - Closing JPA EntityManagerFactory for persistence unit 'default'
2026-08-23 13:07:16 [Thread-21] INFO  com.zaxxer.hikari.HikariDataSource - HikariPool-6 - Shutdown initiated...
2026-08-23 13:07:19 [Thread-21] INFO  com.zaxxer.hikari.HikariDataSource - HikariPool-6 - Shutdown completed.
2026-08-23 13:07:22 [restartedMain] INFO  com.InfoLink.InfoLinkApplication - Starting InfoLinkApplication using Java 26 with PID 17232 (D:\AIB-Projects\InfoLink\BackEnd\target\classes started by New in d:\AIB-Projects\InfoLink)
2026-08-23 13:07:22 [restartedMain] INFO  com.InfoLink.InfoLinkApplication - No active profile set, falling back to 1 default profile: "default"
2026-08-23 13:07:30 [restartedMain] INFO  o.s.d.r.c.RepositoryConfigurationDelegate - Multiple Spring Data modules found, entering strict repository configuration mode
2026-08-23 13:07:30 [restartedMain] INFO  o.s.d.r.c.RepositoryConfigurationDelegate - Bootstrapping Spring Data JPA repositories in DEFAULT mode.
2026-08-23 13:07:33 [restartedMain] INFO  o.s.d.r.c.RepositoryConfigurationDelegate - Finished Spring Data repository scanning in 2312 ms. Found 5 JPA repository interfaces.
2026-08-23 13:07:33 [restartedMain] INFO  o.s.d.r.c.RepositoryConfigurationDelegate - Multiple Spring Data modules found, entering strict repository configuration mode
2026-08-23 13:07:33 [restartedMain] INFO  o.s.d.r.c.RepositoryConfigurationDelegate - Bootstrapping Spring Data MongoDB repositories in DEFAULT mode.
2026-08-23 13:07:34 [restartedMain] INFO  o.s.d.r.c.RepositoryConfigurationExtensionSupport - Spring Data MongoDB - Could not safely identify store assignment for repository candidate interface com.InfoLink.repository.GroupRepository; If you want this repository to be a MongoDB repository, consider annotating your entities with one of these annotations: org.springframework.data.mongodb.core.mapping.Document (preferred), or consider extending one of the following types with your repository: org.springframework.data.mongodb.repository.MongoRepository
2026-08-23 13:07:34 [restartedMain] INFO  o.s.d.r.c.RepositoryConfigurationExtensionSupport - Spring Data MongoDB - Could not safely identify store assignment for repository candidate interface com.InfoLink.repository.GroupsCollectionsRepository; If you want this repository to be a MongoDB repository, consider annotating your entities with one of these annotations: org.springframework.data.mongodb.core.mapping.Document (preferred), or consider extending one of the following types with your repository: org.springframework.data.mongodb.repository.MongoRepository
2026-08-23 13:07:34 [restartedMain] INFO  o.s.d.r.c.RepositoryConfigurationExtensionSupport - Spring Data MongoDB - Could not safely identify store assignment for repository candidate interface com.InfoLink.repository.LogRepository; If you want this repository to be a MongoDB repository, consider annotating your entities with one of these annotations: org.springframework.data.mongodb.core.mapping.Document (preferred), or consider extending one of the following types with your repository: org.springframework.data.mongodb.repository.MongoRepository
2026-08-23 13:07:34 [restartedMain] INFO  o.s.d.r.c.RepositoryConfigurationExtensionSupport - Spring Data MongoDB - Could not safely identify store assignment for repository candidate interface com.InfoLink.repository.RefreshTokenRepository; If you want this repository to be a MongoDB repository, consider annotating your entities with one of these annotations: org.springframework.data.mongodb.core.mapping.Document (preferred), or consider extending one of the following types with your repository: org.springframework.data.mongodb.repository.MongoRepository
2026-08-23 13:07:34 [restartedMain] INFO  o.s.d.r.c.RepositoryConfigurationExtensionSupport - Spring Data MongoDB - Could not safely identify store assignment for repository candidate interface com.InfoLink.repository.UserRepository; If you want this repository to be a MongoDB repository, consider annotating your entities with one of these annotations: org.springframework.data.mongodb.core.mapping.Document (preferred), or consider extending one of the following types with your repository: org.springframework.data.mongodb.repository.MongoRepository
2026-08-23 13:07:34 [restartedMain] INFO  o.s.d.r.c.RepositoryConfigurationDelegate - Finished Spring Data repository scanning in 419 ms. Found 0 MongoDB repository interfaces.
2026-08-23 13:07:38 [restartedMain] INFO  o.s.boot.tomcat.TomcatWebServer - Tomcat initialized with port 8080 (http)
2026-08-23 13:07:38 [restartedMain] INFO  o.a.coyote.http11.Http11NioProtocol - Initializing ProtocolHandler ["http-nio-8080"]
2026-08-23 13:07:38 [restartedMain] INFO  o.a.catalina.core.StandardService - Starting service [Tomcat]
2026-08-23 13:07:38 [restartedMain] INFO  o.a.catalina.core.StandardEngine - Starting Servlet engine: [Apache Tomcat/11.0.22]
2026-08-23 13:07:41 [restartedMain] INFO  o.s.b.w.c.s.WebApplicationContextInitializer - Root WebApplicationContext: initialization completed in 18928 ms
2026-08-23 13:07:43 [restartedMain] INFO  com.zaxxer.hikari.HikariDataSource - HikariPool-7 - Starting...
2026-08-23 13:07:50 [restartedMain] INFO  com.zaxxer.hikari.pool.HikariPool - HikariPool-7 - Added connection ConnectionID:47 ClientConnectionId: 61580f47-bcc9-45e7-832f-79ba8b9c539c
2026-08-23 13:07:50 [restartedMain] INFO  com.zaxxer.hikari.HikariDataSource - HikariPool-7 - Start completed.
2026-08-23 13:07:50 [restartedMain] INFO  org.hibernate.orm.jpa - HHH008540: Processing PersistenceUnitInfo [name: default]
2026-08-23 13:07:53 [restartedMain] INFO  o.s.o.j.p.SpringPersistenceUnitInfo - No LoadTimeWeaver setup: ignoring JPA class transformer
2026-08-23 13:07:55 [restartedMain] INFO  o.hibernate.orm.connections.pooling - HHH10001005: Database info:
	Database JDBC URL [jdbc:sqlserver://localhost\desktop-sgfhgte\mssqlserver01:1433;connectRetryInterval=10;connectRetryCount=1;maxResultBuffer=-1;sendTemporalDataTypesAsStringForBulkCopy=true;delayLoadingLobs=true;useFmtOnly=false;useBulkCopyForBatchInsert=false;cancelQueryTimeout=-1;sslProtocol=TLS;jaasConfigurationName=SQLJDBCDriver;statementPoolingCacheSize=0;serverPreparedStatementDiscardThreshold=10;enablePrepareOnFirstPreparedStatementCall=false;fips=false;socketTimeout=0;authentication=NotSpecified;authenticationScheme=nativeAuthentication;xopenStates=false;datetimeParameterType=datetime2;sendTimeAsDatetime=true;replication=false;trustStoreType=JKS;trustServerCertificate=true;TransparentNetworkIPResolution=true;iPAddressPreference=IPv4First;serverNameAsACE=false;sendStringParametersAsUnicode=true;selectMethod=direct;responseBuffering=adaptive;queryTimeout=-1;packetSize=8000;multiSubnetFailover=false;loginTimeout=30;lockTimeout=-1;lastUpdateCount=true;prepareMethod=prepexec;encrypt=true;disableStatementPooling=true;databaseName=InfoLink;columnEncryptionSetting=Disabled;applicationName=Microsoft JDBC Driver for SQL Server;applicationIntent=readwrite;]
	Database driver: Microsoft JDBC Driver 12.3 for SQL Server
	Database dialect: SQLServerDialect
	Database version: 17.0
	Default catalog/schema: InfoLink/dbo
	Autocommit mode: undefined/unknown
	Isolation level: READ_COMMITTED [default READ_COMMITTED]
	JDBC fetch size: 128
	Pool: DataSourceConnectionProvider
	Minimum pool size: undefined/unknown
	Maximum pool size: undefined/unknown
2026-08-23 13:08:02 [restartedMain] INFO  org.hibernate.orm.core - HHH000489: No JTA platform available (set 'hibernate.transaction.jta.platform' to enable JTA platform integration)
2026-08-23 13:08:02 [restartedMain] INFO  o.s.o.j.LocalContainerEntityManagerFactoryBean - Initialized JPA EntityManagerFactory for persistence unit 'default'
2026-08-23 13:08:04 [restartedMain] INFO  o.s.s.c.a.a.c.InitializeUserDetailsBeanManagerConfigurer$InitializeUserDetailsManagerConfigurer - Global AuthenticationManager configured with UserDetailsService bean with name customUserDetailsService
2026-08-23 13:08:09 [restartedMain] INFO  org.mongodb.driver.client - MongoClient with metadata {"driver": {"name": "mongo-java-driver|spring-boot|sync", "version": "5.8.0"}, "os": {"type": "Windows", "name": "Windows 11", "architecture": "amd64", "version": "10.0"}, "platform": "Java/Oracle Corporation/26+35-2893"} created with settings MongoClientSettings{readPreference=primary, writeConcern=WriteConcern{w=null, wTimeout=null ms, journal=null}, retryWrites=true, retryReads=true, readConcern=ReadConcern{level=null}, credential=MongoCredential{mechanism=null, userName='InfoLink_MongoDB', source='admin', password=<hidden>, mechanismProperties=<hidden>}, transportSettings=null, commandListeners=[], codecRegistry=ProvidersCodecRegistry{codecProviders=[ValueCodecProvider{}, BsonValueCodecProvider{}, DBRefCodecProvider{}, DBObjectCodecProvider{}, DocumentCodecProvider{}, CollectionCodecProvider{}, IterableCodecProvider{}, MapCodecProvider{}, GeoJsonCodecProvider{}, GridFSFileCodecProvider{}, Jsr310CodecProvider{}, JsonObjectCodecProvider{}, BsonCodecProvider{}, com.mongodb.client.model.mql.ExpressionCodecProvider@5a985a47, com.mongodb.Jep395RecordCodecProvider@67863519, com.mongodb.KotlinCodecProvider@43c03b92, EnumCodecProvider{}]}, loggerSettings=LoggerSettings{maxDocumentLength=1000}, clusterSettings={hosts=[127.0.0.1:27017], srvHost=infolink.asvuqjh.mongodb.net, srvServiceName=mongodb, mode=MULTIPLE, requiredClusterType=REPLICA_SET, requiredReplicaSetName='atlas-e4nrak-shard-0', serverSelector='null', clusterListeners='[]', serverSelectionTimeout='30000 ms', localThreshold='15 ms'}, socketSettings=SocketSettings{connectTimeoutMS=10000, readTimeoutMS=0, receiveBufferSize=0, proxySettings=ProxySettings{host=null, port=null, username=null, password=null}}, heartbeatSocketSettings=SocketSettings{connectTimeoutMS=10000, readTimeoutMS=10000, receiveBufferSize=0, proxySettings=ProxySettings{host=null, port=null, username=null, password=null}}, connectionPoolSettings=ConnectionPoolSettings{maxSize=100, minSize=0, maxWaitTimeMS=120000, maxConnectionLifeTimeMS=0, maxConnectionIdleTimeMS=0, maintenanceInitialDelayMS=0, maintenanceFrequencyMS=60000, connectionPoolListeners=[], maxConnecting=2}, serverSettings=ServerSettings{heartbeatFrequencyMS=10000, minHeartbeatFrequencyMS=500, serverMonitoringMode=AUTO, serverListeners='[]', serverMonitorListeners='[]'}, sslSettings=SslSettings{enabled=true, invalidHostNameAllowed=false, context=null}, applicationName='null', compressorList=[], uuidRepresentation=UNSPECIFIED, serverApi=null, autoEncryptionSettings=null, dnsClient=null, inetAddressResolver=null, contextProvider=null, timeoutMS=null}
2026-08-23 13:08:10 [cluster-ClusterId{value='6a8ac689d9a363d55946addc', description='null'}-srv-infolink.asvuqjh.mongodb.net] INFO  org.mongodb.driver.cluster - Adding discovered server ac-lczobyt-shard-00-00.asvuqjh.mongodb.net:27017 to client view of cluster
2026-08-23 13:08:10 [cluster-ClusterId{value='6a8ac689d9a363d55946addc', description='null'}-srv-infolink.asvuqjh.mongodb.net] INFO  org.mongodb.driver.cluster - Adding discovered server ac-lczobyt-shard-00-01.asvuqjh.mongodb.net:27017 to client view of cluster
2026-08-23 13:08:10 [cluster-ClusterId{value='6a8ac689d9a363d55946addc', description='null'}-srv-infolink.asvuqjh.mongodb.net] INFO  org.mongodb.driver.cluster - Adding discovered server ac-lczobyt-shard-00-02.asvuqjh.mongodb.net:27017 to client view of cluster
2026-08-23 13:08:10 [cluster-6a8ac689d9a363d55946addc-ac-lczobyt-shard-00-01.asvuqjh.mongodb.net:27017] INFO  org.mongodb.driver.cluster - Monitor thread successfully connected to server with description ServerDescription{address=ac-lczobyt-shard-00-01.asvuqjh.mongodb.net:27017, type=REPLICA_SET_PRIMARY, cryptd=false, state=CONNECTED, ok=true, minWireVersion=0, maxWireVersion=25, maxDocumentSize=16777216, logicalSessionTimeoutMinutes=30, roundTripTimeNanos=264035900, minRoundTripTimeNanos=0, setName='atlas-e4nrak-shard-0', canonicalAddress=ac-lczobyt-shard-00-01.asvuqjh.mongodb.net:27017, hosts=[ac-lczobyt-shard-00-01.asvuqjh.mongodb.net:27017, ac-lczobyt-shard-00-02.asvuqjh.mongodb.net:27017, ac-lczobyt-shard-00-00.asvuqjh.mongodb.net:27017], passives=[], arbiters=[], primary='ac-lczobyt-shard-00-01.asvuqjh.mongodb.net:27017', tagSet=TagSet{[Tag{name='availabilityZone', value='euc1-az3'}, Tag{name='cacheState', value='READY'}, Tag{name='diskState', value='READY'}, Tag{name='nodeType', value='ELECTABLE'}, Tag{name='provider', value='AWS'}, Tag{name='region', value='EU_CENTRAL_1'}, Tag{name='workloadType', value='OPERATIONAL'}]}, electionId=7fffffff0000000000000462, setVersion=439, topologyVersion=TopologyVersion{processId=6a7b675525e46ec341e1ae14, counter=10}, lastWriteDate=Sun Aug 23 13:08:10 EEST 2026, lastUpdateTimeNanos=11716820678700}
2026-08-23 13:08:10 [cluster-6a8ac689d9a363d55946addc-ac-lczobyt-shard-00-01.asvuqjh.mongodb.net:27017] INFO  org.mongodb.driver.cluster - Discovered replica set primary ac-lczobyt-shard-00-01.asvuqjh.mongodb.net:27017 with max election id 7fffffff0000000000000462 and max set version 439
2026-08-23 13:08:11 [cluster-6a8ac689d9a363d55946addc-ac-lczobyt-shard-00-00.asvuqjh.mongodb.net:27017] INFO  org.mongodb.driver.cluster - Monitor thread successfully connected to server with description ServerDescription{address=ac-lczobyt-shard-00-00.asvuqjh.mongodb.net:27017, type=REPLICA_SET_SECONDARY, cryptd=false, state=CONNECTED, ok=true, minWireVersion=0, maxWireVersion=25, maxDocumentSize=16777216, logicalSessionTimeoutMinutes=30, roundTripTimeNanos=1420945600, minRoundTripTimeNanos=0, setName='atlas-e4nrak-shard-0', canonicalAddress=ac-lczobyt-shard-00-00.asvuqjh.mongodb.net:27017, hosts=[ac-lczobyt-shard-00-01.asvuqjh.mongodb.net:27017, ac-lczobyt-shard-00-02.asvuqjh.mongodb.net:27017, ac-lczobyt-shard-00-00.asvuqjh.mongodb.net:27017], passives=[], arbiters=[], primary='ac-lczobyt-shard-00-01.asvuqjh.mongodb.net:27017', tagSet=TagSet{[Tag{name='availabilityZone', value='euc1-az2'}, Tag{name='cacheState', value='READY'}, Tag{name='diskState', value='READY'}, Tag{name='nodeType', value='ELECTABLE'}, Tag{name='provider', value='AWS'}, Tag{name='region', value='EU_CENTRAL_1'}, Tag{name='workloadType', value='OPERATIONAL'}]}, electionId=null, setVersion=439, topologyVersion=TopologyVersion{processId=6a7b65216f65f70e7a6ea947, counter=10}, lastWriteDate=Sun Aug 23 13:08:11 EEST 2026, lastUpdateTimeNanos=11717773195200}
2026-08-23 13:08:12 [cluster-6a8ac689d9a363d55946addc-ac-lczobyt-shard-00-02.asvuqjh.mongodb.net:27017] INFO  org.mongodb.driver.cluster - Monitor thread successfully connected to server with description ServerDescription{address=ac-lczobyt-shard-00-02.asvuqjh.mongodb.net:27017, type=REPLICA_SET_SECONDARY, cryptd=false, state=CONNECTED, ok=true, minWireVersion=0, maxWireVersion=25, maxDocumentSize=16777216, logicalSessionTimeoutMinutes=30, roundTripTimeNanos=681986400, minRoundTripTimeNanos=0, setName='atlas-e4nrak-shard-0', canonicalAddress=ac-lczobyt-shard-00-02.asvuqjh.mongodb.net:27017, hosts=[ac-lczobyt-shard-00-01.asvuqjh.mongodb.net:27017, ac-lczobyt-shard-00-02.asvuqjh.mongodb.net:27017, ac-lczobyt-shard-00-00.asvuqjh.mongodb.net:27017], passives=[], arbiters=[], primary='ac-lczobyt-shard-00-01.asvuqjh.mongodb.net:27017', tagSet=TagSet{[Tag{name='availabilityZone', value='euc1-az1'}, Tag{name='cacheState', value='READY'}, Tag{name='diskState', value='READY'}, Tag{name='nodeType', value='ELECTABLE'}, Tag{name='provider', value='AWS'}, Tag{name='region', value='EU_CENTRAL_1'}, Tag{name='workloadType', value='OPERATIONAL'}]}, electionId=null, setVersion=439, topologyVersion=TopologyVersion{processId=6a7b69ff648c4799e74e664f, counter=5}, lastWriteDate=Sun Aug 23 13:08:12 EEST 2026, lastUpdateTimeNanos=11718310346300}
2026-08-23 13:08:18 [restartedMain] INFO  o.a.coyote.http11.Http11NioProtocol - Starting ProtocolHandler ["http-nio-8080"]
2026-08-23 13:08:18 [restartedMain] INFO  o.s.boot.tomcat.TomcatWebServer - Tomcat started on port 8080 (http) with context path '/'
2026-08-23 13:08:18 [restartedMain] INFO  com.InfoLink.InfoLinkApplication - Started InfoLinkApplication in 58.784 seconds (process running for 1596.823)
2026-08-23 13:08:18 [restartedMain] INFO  o.s.b.d.a.ConditionEvaluationDeltaLoggingListener - Condition evaluation unchanged
2026-08-23 13:08:21 [File Watcher] INFO  o.s.b.d.a.LocalDevToolsAutoConfiguration$RestartingClassPathChangeChangedEventListener - Restarting due to 1 class path change (0 additions, 0 deletions, 1 modification)
2026-08-23 13:08:21 [Thread-25] INFO  o.s.boot.tomcat.GracefulShutdown - Commencing graceful shutdown. Waiting for active requests to complete
2026-08-23 13:08:21 [tomcat-shutdown] INFO  o.a.coyote.http11.Http11NioProtocol - Pausing ProtocolHandler ["http-nio-8080"]
2026-08-23 13:08:22 [tomcat-shutdown] INFO  o.s.boot.tomcat.GracefulShutdown - Graceful shutdown complete
2026-08-23 13:08:22 [Thread-25] INFO  o.a.coyote.http11.Http11NioProtocol - Stopping ProtocolHandler ["http-nio-8080"]
2026-08-23 13:08:22 [Thread-25] INFO  o.s.o.j.LocalContainerEntityManagerFactoryBean - Closing JPA EntityManagerFactory for persistence unit 'default'
2026-08-23 13:08:22 [Thread-25] INFO  com.zaxxer.hikari.HikariDataSource - HikariPool-7 - Shutdown initiated...
2026-08-23 13:08:25 [Thread-25] INFO  com.zaxxer.hikari.HikariDataSource - HikariPool-7 - Shutdown completed.
2026-08-23 13:08:26 [restartedMain] INFO  com.InfoLink.InfoLinkApplication - Starting InfoLinkApplication using Java 26 with PID 17232 (D:\AIB-Projects\InfoLink\BackEnd\target\classes started by New in d:\AIB-Projects\InfoLink)
2026-08-23 13:08:26 [restartedMain] INFO  com.InfoLink.InfoLinkApplication - No active profile set, falling back to 1 default profile: "default"
2026-08-23 13:08:33 [restartedMain] INFO  o.s.d.r.c.RepositoryConfigurationDelegate - Multiple Spring Data modules found, entering strict repository configuration mode
2026-08-23 13:08:33 [restartedMain] INFO  o.s.d.r.c.RepositoryConfigurationDelegate - Bootstrapping Spring Data JPA repositories in DEFAULT mode.
2026-08-23 13:08:34 [restartedMain] INFO  o.s.d.r.c.RepositoryConfigurationDelegate - Finished Spring Data repository scanning in 532 ms. Found 5 JPA repository interfaces.
2026-08-23 13:08:34 [restartedMain] INFO  o.s.d.r.c.RepositoryConfigurationDelegate - Multiple Spring Data modules found, entering strict repository configuration mode
2026-08-23 13:08:34 [restartedMain] INFO  o.s.d.r.c.RepositoryConfigurationDelegate - Bootstrapping Spring Data MongoDB repositories in DEFAULT mode.
2026-08-23 13:08:34 [restartedMain] INFO  o.s.d.r.c.RepositoryConfigurationExtensionSupport - Spring Data MongoDB - Could not safely identify store assignment for repository candidate interface com.InfoLink.repository.GroupRepository; If you want this repository to be a MongoDB repository, consider annotating your entities with one of these annotations: org.springframework.data.mongodb.core.mapping.Document (preferred), or consider extending one of the following types with your repository: org.springframework.data.mongodb.repository.MongoRepository
2026-08-23 13:08:34 [restartedMain] INFO  o.s.d.r.c.RepositoryConfigurationExtensionSupport - Spring Data MongoDB - Could not safely identify store assignment for repository candidate interface com.InfoLink.repository.GroupsCollectionsRepository; If you want this repository to be a MongoDB repository, consider annotating your entities with one of these annotations: org.springframework.data.mongodb.core.mapping.Document (preferred), or consider extending one of the following types with your repository: org.springframework.data.mongodb.repository.MongoRepository
2026-08-23 13:08:34 [restartedMain] INFO  o.s.d.r.c.RepositoryConfigurationExtensionSupport - Spring Data MongoDB - Could not safely identify store assignment for repository candidate interface com.InfoLink.repository.LogRepository; If you want this repository to be a MongoDB repository, consider annotating your entities with one of these annotations: org.springframework.data.mongodb.core.mapping.Document (preferred), or consider extending one of the following types with your repository: org.springframework.data.mongodb.repository.MongoRepository
2026-08-23 13:08:34 [restartedMain] INFO  o.s.d.r.c.RepositoryConfigurationExtensionSupport - Spring Data MongoDB - Could not safely identify store assignment for repository candidate interface com.InfoLink.repository.RefreshTokenRepository; If you want this repository to be a MongoDB repository, consider annotating your entities with one of these annotations: org.springframework.data.mongodb.core.mapping.Document (preferred), or consider extending one of the following types with your repository: org.springframework.data.mongodb.repository.MongoRepository
2026-08-23 13:08:34 [restartedMain] INFO  o.s.d.r.c.RepositoryConfigurationExtensionSupport - Spring Data MongoDB - Could not safely identify store assignment for repository candidate interface com.InfoLink.repository.UserRepository; If you want this repository to be a MongoDB repository, consider annotating your entities with one of these annotations: org.springframework.data.mongodb.core.mapping.Document (preferred), or consider extending one of the following types with your repository: org.springframework.data.mongodb.repository.MongoRepository
2026-08-23 13:08:34 [restartedMain] INFO  o.s.d.r.c.RepositoryConfigurationDelegate - Finished Spring Data repository scanning in 356 ms. Found 0 MongoDB repository interfaces.
2026-08-23 13:08:36 [restartedMain] INFO  o.s.boot.tomcat.TomcatWebServer - Tomcat initialized with port 8080 (http)
2026-08-23 13:08:36 [restartedMain] INFO  o.a.coyote.http11.Http11NioProtocol - Initializing ProtocolHandler ["http-nio-8080"]
2026-08-23 13:08:36 [restartedMain] INFO  o.a.catalina.core.StandardService - Starting service [Tomcat]
2026-08-23 13:08:36 [restartedMain] INFO  o.a.catalina.core.StandardEngine - Starting Servlet engine: [Apache Tomcat/11.0.22]
2026-08-23 13:08:40 [restartedMain] INFO  o.s.b.w.c.s.WebApplicationContextInitializer - Root WebApplicationContext: initialization completed in 13698 ms
2026-08-23 13:08:40 [restartedMain] INFO  com.zaxxer.hikari.HikariDataSource - HikariPool-8 - Starting...
2026-08-23 13:08:44 [restartedMain] INFO  com.zaxxer.hikari.pool.HikariPool - HikariPool-8 - Added connection ConnectionID:54 ClientConnectionId: af934bd3-e24e-421e-b786-f08042f201eb
2026-08-23 13:08:44 [restartedMain] INFO  com.zaxxer.hikari.HikariDataSource - HikariPool-8 - Start completed.
2026-08-23 13:08:44 [restartedMain] INFO  org.hibernate.orm.jpa - HHH008540: Processing PersistenceUnitInfo [name: default]
2026-08-23 13:08:45 [restartedMain] INFO  o.s.o.j.p.SpringPersistenceUnitInfo - No LoadTimeWeaver setup: ignoring JPA class transformer
2026-08-23 13:08:46 [restartedMain] INFO  o.hibernate.orm.connections.pooling - HHH10001005: Database info:
	Database JDBC URL [jdbc:sqlserver://localhost\desktop-sgfhgte\mssqlserver01:1433;connectRetryInterval=10;connectRetryCount=1;maxResultBuffer=-1;sendTemporalDataTypesAsStringForBulkCopy=true;delayLoadingLobs=true;useFmtOnly=false;useBulkCopyForBatchInsert=false;cancelQueryTimeout=-1;sslProtocol=TLS;jaasConfigurationName=SQLJDBCDriver;statementPoolingCacheSize=0;serverPreparedStatementDiscardThreshold=10;enablePrepareOnFirstPreparedStatementCall=false;fips=false;socketTimeout=0;authentication=NotSpecified;authenticationScheme=nativeAuthentication;xopenStates=false;datetimeParameterType=datetime2;sendTimeAsDatetime=true;replication=false;trustStoreType=JKS;trustServerCertificate=true;TransparentNetworkIPResolution=true;iPAddressPreference=IPv4First;serverNameAsACE=false;sendStringParametersAsUnicode=true;selectMethod=direct;responseBuffering=adaptive;queryTimeout=-1;packetSize=8000;multiSubnetFailover=false;loginTimeout=30;lockTimeout=-1;lastUpdateCount=true;prepareMethod=prepexec;encrypt=true;disableStatementPooling=true;databaseName=InfoLink;columnEncryptionSetting=Disabled;applicationName=Microsoft JDBC Driver for SQL Server;applicationIntent=readwrite;]
	Database driver: Microsoft JDBC Driver 12.3 for SQL Server
	Database dialect: SQLServerDialect
	Database version: 17.0
	Default catalog/schema: InfoLink/dbo
	Autocommit mode: undefined/unknown
	Isolation level: READ_COMMITTED [default READ_COMMITTED]
	JDBC fetch size: 128
	Pool: DataSourceConnectionProvider
	Minimum pool size: undefined/unknown
	Maximum pool size: undefined/unknown
2026-08-23 13:08:53 [restartedMain] INFO  org.hibernate.orm.core - HHH000489: No JTA platform available (set 'hibernate.transaction.jta.platform' to enable JTA platform integration)
2026-08-23 13:08:53 [restartedMain] INFO  o.s.o.j.LocalContainerEntityManagerFactoryBean - Initialized JPA EntityManagerFactory for persistence unit 'default'
2026-08-23 13:09:21 [restartedMain] INFO  o.s.s.c.a.a.c.InitializeUserDetailsBeanManagerConfigurer$InitializeUserDetailsManagerConfigurer - Global AuthenticationManager configured with UserDetailsService bean with name customUserDetailsService
2026-08-23 13:09:22 [restartedMain] INFO  org.mongodb.driver.client - MongoClient with metadata {"driver": {"name": "mongo-java-driver|spring-boot|sync", "version": "5.8.0"}, "os": {"type": "Windows", "name": "Windows 11", "architecture": "amd64", "version": "10.0"}, "platform": "Java/Oracle Corporation/26+35-2893"} created with settings MongoClientSettings{readPreference=primary, writeConcern=WriteConcern{w=null, wTimeout=null ms, journal=null}, retryWrites=true, retryReads=true, readConcern=ReadConcern{level=null}, credential=MongoCredential{mechanism=null, userName='InfoLink_MongoDB', source='admin', password=<hidden>, mechanismProperties=<hidden>}, transportSettings=null, commandListeners=[], codecRegistry=ProvidersCodecRegistry{codecProviders=[ValueCodecProvider{}, BsonValueCodecProvider{}, DBRefCodecProvider{}, DBObjectCodecProvider{}, DocumentCodecProvider{}, CollectionCodecProvider{}, IterableCodecProvider{}, MapCodecProvider{}, GeoJsonCodecProvider{}, GridFSFileCodecProvider{}, Jsr310CodecProvider{}, JsonObjectCodecProvider{}, BsonCodecProvider{}, com.mongodb.client.model.mql.ExpressionCodecProvider@5a985a47, com.mongodb.Jep395RecordCodecProvider@67863519, com.mongodb.KotlinCodecProvider@43c03b92, EnumCodecProvider{}]}, loggerSettings=LoggerSettings{maxDocumentLength=1000}, clusterSettings={hosts=[127.0.0.1:27017], srvHost=infolink.asvuqjh.mongodb.net, srvServiceName=mongodb, mode=MULTIPLE, requiredClusterType=REPLICA_SET, requiredReplicaSetName='atlas-e4nrak-shard-0', serverSelector='null', clusterListeners='[]', serverSelectionTimeout='30000 ms', localThreshold='15 ms'}, socketSettings=SocketSettings{connectTimeoutMS=10000, readTimeoutMS=0, receiveBufferSize=0, proxySettings=ProxySettings{host=null, port=null, username=null, password=null}}, heartbeatSocketSettings=SocketSettings{connectTimeoutMS=10000, readTimeoutMS=10000, receiveBufferSize=0, proxySettings=ProxySettings{host=null, port=null, username=null, password=null}}, connectionPoolSettings=ConnectionPoolSettings{maxSize=100, minSize=0, maxWaitTimeMS=120000, maxConnectionLifeTimeMS=0, maxConnectionIdleTimeMS=0, maintenanceInitialDelayMS=0, maintenanceFrequencyMS=60000, connectionPoolListeners=[], maxConnecting=2}, serverSettings=ServerSettings{heartbeatFrequencyMS=10000, minHeartbeatFrequencyMS=500, serverMonitoringMode=AUTO, serverListeners='[]', serverMonitorListeners='[]'}, sslSettings=SslSettings{enabled=true, invalidHostNameAllowed=false, context=null}, applicationName='null', compressorList=[], uuidRepresentation=UNSPECIFIED, serverApi=null, autoEncryptionSettings=null, dnsClient=null, inetAddressResolver=null, contextProvider=null, timeoutMS=null}
2026-08-23 13:09:23 [cluster-ClusterId{value='6a8ac6d2d9a363d55946addd', description='null'}-srv-infolink.asvuqjh.mongodb.net] INFO  org.mongodb.driver.cluster - Adding discovered server ac-lczobyt-shard-00-00.asvuqjh.mongodb.net:27017 to client view of cluster
2026-08-23 13:09:23 [cluster-ClusterId{value='6a8ac6d2d9a363d55946addd', description='null'}-srv-infolink.asvuqjh.mongodb.net] INFO  org.mongodb.driver.cluster - Adding discovered server ac-lczobyt-shard-00-01.asvuqjh.mongodb.net:27017 to client view of cluster
2026-08-23 13:09:23 [cluster-ClusterId{value='6a8ac6d2d9a363d55946addd', description='null'}-srv-infolink.asvuqjh.mongodb.net] INFO  org.mongodb.driver.cluster - Adding discovered server ac-lczobyt-shard-00-02.asvuqjh.mongodb.net:27017 to client view of cluster
2026-08-23 13:09:23 [cluster-6a8ac6d2d9a363d55946addd-ac-lczobyt-shard-00-01.asvuqjh.mongodb.net:27017] INFO  org.mongodb.driver.cluster - Monitor thread successfully connected to server with description ServerDescription{address=ac-lczobyt-shard-00-01.asvuqjh.mongodb.net:27017, type=REPLICA_SET_PRIMARY, cryptd=false, state=CONNECTED, ok=true, minWireVersion=0, maxWireVersion=25, maxDocumentSize=16777216, logicalSessionTimeoutMinutes=30, roundTripTimeNanos=293549100, minRoundTripTimeNanos=0, setName='atlas-e4nrak-shard-0', canonicalAddress=ac-lczobyt-shard-00-01.asvuqjh.mongodb.net:27017, hosts=[ac-lczobyt-shard-00-01.asvuqjh.mongodb.net:27017, ac-lczobyt-shard-00-02.asvuqjh.mongodb.net:27017, ac-lczobyt-shard-00-00.asvuqjh.mongodb.net:27017], passives=[], arbiters=[], primary='ac-lczobyt-shard-00-01.asvuqjh.mongodb.net:27017', tagSet=TagSet{[Tag{name='availabilityZone', value='euc1-az3'}, Tag{name='cacheState', value='READY'}, Tag{name='diskState', value='READY'}, Tag{name='nodeType', value='ELECTABLE'}, Tag{name='provider', value='AWS'}, Tag{name='region', value='EU_CENTRAL_1'}, Tag{name='workloadType', value='OPERATIONAL'}]}, electionId=7fffffff0000000000000462, setVersion=439, topologyVersion=TopologyVersion{processId=6a7b675525e46ec341e1ae14, counter=10}, lastWriteDate=Sun Aug 23 13:09:23 EEST 2026, lastUpdateTimeNanos=11789668105000}
2026-08-23 13:09:23 [cluster-6a8ac6d2d9a363d55946addd-ac-lczobyt-shard-00-01.asvuqjh.mongodb.net:27017] INFO  org.mongodb.driver.cluster - Discovered replica set primary ac-lczobyt-shard-00-01.asvuqjh.mongodb.net:27017 with max election id 7fffffff0000000000000462 and max set version 439
2026-08-23 13:09:23 [cluster-6a8ac6d2d9a363d55946addd-ac-lczobyt-shard-00-00.asvuqjh.mongodb.net:27017] INFO  org.mongodb.driver.cluster - Monitor thread successfully connected to server with description ServerDescription{address=ac-lczobyt-shard-00-00.asvuqjh.mongodb.net:27017, type=REPLICA_SET_SECONDARY, cryptd=false, state=CONNECTED, ok=true, minWireVersion=0, maxWireVersion=25, maxDocumentSize=16777216, logicalSessionTimeoutMinutes=30, roundTripTimeNanos=251563300, minRoundTripTimeNanos=0, setName='atlas-e4nrak-shard-0', canonicalAddress=ac-lczobyt-shard-00-00.asvuqjh.mongodb.net:27017, hosts=[ac-lczobyt-shard-00-01.asvuqjh.mongodb.net:27017, ac-lczobyt-shard-00-02.asvuqjh.mongodb.net:27017, ac-lczobyt-shard-00-00.asvuqjh.mongodb.net:27017], passives=[], arbiters=[], primary='ac-lczobyt-shard-00-01.asvuqjh.mongodb.net:27017', tagSet=TagSet{[Tag{name='availabilityZone', value='euc1-az2'}, Tag{name='cacheState', value='READY'}, Tag{name='diskState', value='READY'}, Tag{name='nodeType', value='ELECTABLE'}, Tag{name='provider', value='AWS'}, Tag{name='region', value='EU_CENTRAL_1'}, Tag{name='workloadType', value='OPERATIONAL'}]}, electionId=null, setVersion=439, topologyVersion=TopologyVersion{processId=6a7b65216f65f70e7a6ea947, counter=10}, lastWriteDate=Sun Aug 23 13:09:23 EEST 2026, lastUpdateTimeNanos=11789725600800}
2026-08-23 13:09:23 [cluster-6a8ac6d2d9a363d55946addd-ac-lczobyt-shard-00-02.asvuqjh.mongodb.net:27017] INFO  org.mongodb.driver.cluster - Monitor thread successfully connected to server with description ServerDescription{address=ac-lczobyt-shard-00-02.asvuqjh.mongodb.net:27017, type=REPLICA_SET_SECONDARY, cryptd=false, state=CONNECTED, ok=true, minWireVersion=0, maxWireVersion=25, maxDocumentSize=16777216, logicalSessionTimeoutMinutes=30, roundTripTimeNanos=265506900, minRoundTripTimeNanos=0, setName='atlas-e4nrak-shard-0', canonicalAddress=ac-lczobyt-shard-00-02.asvuqjh.mongodb.net:27017, hosts=[ac-lczobyt-shard-00-01.asvuqjh.mongodb.net:27017, ac-lczobyt-shard-00-02.asvuqjh.mongodb.net:27017, ac-lczobyt-shard-00-00.asvuqjh.mongodb.net:27017], passives=[], arbiters=[], primary='ac-lczobyt-shard-00-01.asvuqjh.mongodb.net:27017', tagSet=TagSet{[Tag{name='availabilityZone', value='euc1-az1'}, Tag{name='cacheState', value='READY'}, Tag{name='diskState', value='READY'}, Tag{name='nodeType', value='ELECTABLE'}, Tag{name='provider', value='AWS'}, Tag{name='region', value='EU_CENTRAL_1'}, Tag{name='workloadType', value='OPERATIONAL'}]}, electionId=null, setVersion=439, topologyVersion=TopologyVersion{processId=6a7b69ff648c4799e74e664f, counter=5}, lastWriteDate=Sun Aug 23 13:09:23 EEST 2026, lastUpdateTimeNanos=11789727268100}
2026-08-23 13:09:34 [restartedMain] INFO  o.a.coyote.http11.Http11NioProtocol - Starting ProtocolHandler ["http-nio-8080"]
2026-08-23 13:09:36 [restartedMain] INFO  o.s.boot.tomcat.TomcatWebServer - Tomcat started on port 8080 (http) with context path '/'
2026-08-23 13:09:36 [restartedMain] INFO  com.InfoLink.InfoLinkApplication - Started InfoLinkApplication in 71.493 seconds (process running for 1675.072)
2026-08-23 13:09:37 [restartedMain] INFO  o.s.b.d.a.ConditionEvaluationDeltaLoggingListener - Condition evaluation unchanged
2026-08-23 13:09:42 [File Watcher] INFO  o.s.b.d.a.LocalDevToolsAutoConfiguration$RestartingClassPathChangeChangedEventListener - Restarting due to 1 class path change (0 additions, 0 deletions, 1 modification)
2026-08-23 13:09:43 [Thread-29] INFO  o.s.boot.tomcat.GracefulShutdown - Commencing graceful shutdown. Waiting for active requests to complete
2026-08-23 13:09:43 [tomcat-shutdown] INFO  o.a.coyote.http11.Http11NioProtocol - Pausing ProtocolHandler ["http-nio-8080"]
2026-08-23 13:09:45 [tomcat-shutdown] INFO  o.s.boot.tomcat.GracefulShutdown - Graceful shutdown complete
2026-08-23 13:09:45 [Thread-29] INFO  o.a.coyote.http11.Http11NioProtocol - Stopping ProtocolHandler ["http-nio-8080"]
2026-08-23 13:09:45 [Thread-29] INFO  o.s.o.j.LocalContainerEntityManagerFactoryBean - Closing JPA EntityManagerFactory for persistence unit 'default'
2026-08-23 13:09:45 [Thread-29] INFO  com.zaxxer.hikari.HikariDataSource - HikariPool-8 - Shutdown initiated...
2026-08-23 13:09:46 [Thread-29] INFO  com.zaxxer.hikari.HikariDataSource - HikariPool-8 - Shutdown completed.
2026-08-23 13:09:47 [restartedMain] INFO  com.InfoLink.InfoLinkApplication - Starting InfoLinkApplication using Java 26 with PID 17232 (D:\AIB-Projects\InfoLink\BackEnd\target\classes started by New in d:\AIB-Projects\InfoLink)
2026-08-23 13:09:47 [restartedMain] INFO  com.InfoLink.InfoLinkApplication - No active profile set, falling back to 1 default profile: "default"
2026-08-23 13:09:50 [restartedMain] INFO  o.s.d.r.c.RepositoryConfigurationDelegate - Multiple Spring Data modules found, entering strict repository configuration mode
2026-08-23 13:09:50 [restartedMain] INFO  o.s.d.r.c.RepositoryConfigurationDelegate - Bootstrapping Spring Data JPA repositories in DEFAULT mode.
2026-08-23 13:09:50 [restartedMain] INFO  o.s.d.r.c.RepositoryConfigurationDelegate - Finished Spring Data repository scanning in 167 ms. Found 5 JPA repository interfaces.
2026-08-23 13:09:50 [restartedMain] INFO  o.s.d.r.c.RepositoryConfigurationDelegate - Multiple Spring Data modules found, entering strict repository configuration mode
2026-08-23 13:09:50 [restartedMain] INFO  o.s.d.r.c.RepositoryConfigurationDelegate - Bootstrapping Spring Data MongoDB repositories in DEFAULT mode.
2026-08-23 13:09:50 [restartedMain] INFO  o.s.d.r.c.RepositoryConfigurationExtensionSupport - Spring Data MongoDB - Could not safely identify store assignment for repository candidate interface com.InfoLink.repository.GroupRepository; If you want this repository to be a MongoDB repository, consider annotating your entities with one of these annotations: org.springframework.data.mongodb.core.mapping.Document (preferred), or consider extending one of the following types with your repository: org.springframework.data.mongodb.repository.MongoRepository
2026-08-23 13:09:50 [restartedMain] INFO  o.s.d.r.c.RepositoryConfigurationExtensionSupport - Spring Data MongoDB - Could not safely identify store assignment for repository candidate interface com.InfoLink.repository.GroupsCollectionsRepository; If you want this repository to be a MongoDB repository, consider annotating your entities with one of these annotations: org.springframework.data.mongodb.core.mapping.Document (preferred), or consider extending one of the following types with your repository: org.springframework.data.mongodb.repository.MongoRepository
2026-08-23 13:09:50 [restartedMain] INFO  o.s.d.r.c.RepositoryConfigurationExtensionSupport - Spring Data MongoDB - Could not safely identify store assignment for repository candidate interface com.InfoLink.repository.LogRepository; If you want this repository to be a MongoDB repository, consider annotating your entities with one of these annotations: org.springframework.data.mongodb.core.mapping.Document (preferred), or consider extending one of the following types with your repository: org.springframework.data.mongodb.repository.MongoRepository
2026-08-23 13:09:50 [restartedMain] INFO  o.s.d.r.c.RepositoryConfigurationExtensionSupport - Spring Data MongoDB - Could not safely identify store assignment for repository candidate interface com.InfoLink.repository.RefreshTokenRepository; If you want this repository to be a MongoDB repository, consider annotating your entities with one of these annotations: org.springframework.data.mongodb.core.mapping.Document (preferred), or consider extending one of the following types with your repository: org.springframework.data.mongodb.repository.MongoRepository
2026-08-23 13:09:50 [restartedMain] INFO  o.s.d.r.c.RepositoryConfigurationExtensionSupport - Spring Data MongoDB - Could not safely identify store assignment for repository candidate interface com.InfoLink.repository.UserRepository; If you want this repository to be a MongoDB repository, consider annotating your entities with one of these annotations: org.springframework.data.mongodb.core.mapping.Document (preferred), or consider extending one of the following types with your repository: org.springframework.data.mongodb.repository.MongoRepository
2026-08-23 13:09:50 [restartedMain] INFO  o.s.d.r.c.RepositoryConfigurationDelegate - Finished Spring Data repository scanning in 74 ms. Found 0 MongoDB repository interfaces.
2026-08-23 13:09:51 [restartedMain] INFO  o.s.boot.tomcat.TomcatWebServer - Tomcat initialized with port 8080 (http)
2026-08-23 13:09:51 [restartedMain] INFO  o.a.coyote.http11.Http11NioProtocol - Initializing ProtocolHandler ["http-nio-8080"]
2026-08-23 13:09:51 [restartedMain] INFO  o.a.catalina.core.StandardService - Starting service [Tomcat]
2026-08-23 13:09:51 [restartedMain] INFO  o.a.catalina.core.StandardEngine - Starting Servlet engine: [Apache Tomcat/11.0.22]
2026-08-23 13:09:51 [restartedMain] INFO  o.s.b.w.c.s.WebApplicationContextInitializer - Root WebApplicationContext: initialization completed in 3832 ms
2026-08-23 13:09:52 [restartedMain] INFO  com.zaxxer.hikari.HikariDataSource - HikariPool-9 - Starting...
2026-08-23 13:09:56 [restartedMain] INFO  com.zaxxer.hikari.pool.HikariPool - HikariPool-9 - Added connection ConnectionID:60 ClientConnectionId: ebc7eb7b-742f-4ca0-ae7a-ead8c5dee906
2026-08-23 13:09:56 [restartedMain] INFO  com.zaxxer.hikari.HikariDataSource - HikariPool-9 - Start completed.
2026-08-23 13:09:56 [restartedMain] INFO  org.hibernate.orm.jpa - HHH008540: Processing PersistenceUnitInfo [name: default]
2026-08-23 13:09:57 [restartedMain] INFO  o.s.o.j.p.SpringPersistenceUnitInfo - No LoadTimeWeaver setup: ignoring JPA class transformer
2026-08-23 13:09:57 [restartedMain] INFO  o.hibernate.orm.connections.pooling - HHH10001005: Database info:
	Database JDBC URL [jdbc:sqlserver://localhost\desktop-sgfhgte\mssqlserver01:1433;connectRetryInterval=10;connectRetryCount=1;maxResultBuffer=-1;sendTemporalDataTypesAsStringForBulkCopy=true;delayLoadingLobs=true;useFmtOnly=false;useBulkCopyForBatchInsert=false;cancelQueryTimeout=-1;sslProtocol=TLS;jaasConfigurationName=SQLJDBCDriver;statementPoolingCacheSize=0;serverPreparedStatementDiscardThreshold=10;enablePrepareOnFirstPreparedStatementCall=false;fips=false;socketTimeout=0;authentication=NotSpecified;authenticationScheme=nativeAuthentication;xopenStates=false;datetimeParameterType=datetime2;sendTimeAsDatetime=true;replication=false;trustStoreType=JKS;trustServerCertificate=true;TransparentNetworkIPResolution=true;iPAddressPreference=IPv4First;serverNameAsACE=false;sendStringParametersAsUnicode=true;selectMethod=direct;responseBuffering=adaptive;queryTimeout=-1;packetSize=8000;multiSubnetFailover=false;loginTimeout=30;lockTimeout=-1;lastUpdateCount=true;prepareMethod=prepexec;encrypt=true;disableStatementPooling=true;databaseName=InfoLink;columnEncryptionSetting=Disabled;applicationName=Microsoft JDBC Driver for SQL Server;applicationIntent=readwrite;]
	Database driver: Microsoft JDBC Driver 12.3 for SQL Server
	Database dialect: SQLServerDialect
	Database version: 17.0
	Default catalog/schema: InfoLink/dbo
	Autocommit mode: undefined/unknown
	Isolation level: READ_COMMITTED [default READ_COMMITTED]
	JDBC fetch size: 128
	Pool: DataSourceConnectionProvider
	Minimum pool size: undefined/unknown
	Maximum pool size: undefined/unknown
2026-08-23 13:10:03 [restartedMain] INFO  org.hibernate.orm.core - HHH000489: No JTA platform available (set 'hibernate.transaction.jta.platform' to enable JTA platform integration)
2026-08-23 13:10:03 [restartedMain] INFO  o.s.o.j.LocalContainerEntityManagerFactoryBean - Initialized JPA EntityManagerFactory for persistence unit 'default'
2026-08-23 13:10:05 [restartedMain] INFO  o.s.s.c.a.a.c.InitializeUserDetailsBeanManagerConfigurer$InitializeUserDetailsManagerConfigurer - Global AuthenticationManager configured with UserDetailsService bean with name customUserDetailsService
2026-08-23 13:10:08 [restartedMain] INFO  org.mongodb.driver.client - MongoClient with metadata {"driver": {"name": "mongo-java-driver|spring-boot|sync", "version": "5.8.0"}, "os": {"type": "Windows", "name": "Windows 11", "architecture": "amd64", "version": "10.0"}, "platform": "Java/Oracle Corporation/26+35-2893"} created with settings MongoClientSettings{readPreference=primary, writeConcern=WriteConcern{w=null, wTimeout=null ms, journal=null}, retryWrites=true, retryReads=true, readConcern=ReadConcern{level=null}, credential=MongoCredential{mechanism=null, userName='InfoLink_MongoDB', source='admin', password=<hidden>, mechanismProperties=<hidden>}, transportSettings=null, commandListeners=[], codecRegistry=ProvidersCodecRegistry{codecProviders=[ValueCodecProvider{}, BsonValueCodecProvider{}, DBRefCodecProvider{}, DBObjectCodecProvider{}, DocumentCodecProvider{}, CollectionCodecProvider{}, IterableCodecProvider{}, MapCodecProvider{}, GeoJsonCodecProvider{}, GridFSFileCodecProvider{}, Jsr310CodecProvider{}, JsonObjectCodecProvider{}, BsonCodecProvider{}, com.mongodb.client.model.mql.ExpressionCodecProvider@5a985a47, com.mongodb.Jep395RecordCodecProvider@67863519, com.mongodb.KotlinCodecProvider@43c03b92, EnumCodecProvider{}]}, loggerSettings=LoggerSettings{maxDocumentLength=1000}, clusterSettings={hosts=[127.0.0.1:27017], srvHost=infolink.asvuqjh.mongodb.net, srvServiceName=mongodb, mode=MULTIPLE, requiredClusterType=REPLICA_SET, requiredReplicaSetName='atlas-e4nrak-shard-0', serverSelector='null', clusterListeners='[]', serverSelectionTimeout='30000 ms', localThreshold='15 ms'}, socketSettings=SocketSettings{connectTimeoutMS=10000, readTimeoutMS=0, receiveBufferSize=0, proxySettings=ProxySettings{host=null, port=null, username=null, password=null}}, heartbeatSocketSettings=SocketSettings{connectTimeoutMS=10000, readTimeoutMS=10000, receiveBufferSize=0, proxySettings=ProxySettings{host=null, port=null, username=null, password=null}}, connectionPoolSettings=ConnectionPoolSettings{maxSize=100, minSize=0, maxWaitTimeMS=120000, maxConnectionLifeTimeMS=0, maxConnectionIdleTimeMS=0, maintenanceInitialDelayMS=0, maintenanceFrequencyMS=60000, connectionPoolListeners=[], maxConnecting=2}, serverSettings=ServerSettings{heartbeatFrequencyMS=10000, minHeartbeatFrequencyMS=500, serverMonitoringMode=AUTO, serverListeners='[]', serverMonitorListeners='[]'}, sslSettings=SslSettings{enabled=true, invalidHostNameAllowed=false, context=null}, applicationName='null', compressorList=[], uuidRepresentation=UNSPECIFIED, serverApi=null, autoEncryptionSettings=null, dnsClient=null, inetAddressResolver=null, contextProvider=null, timeoutMS=null}
2026-08-23 13:10:08 [cluster-ClusterId{value='6a8ac700d9a363d55946adde', description='null'}-srv-infolink.asvuqjh.mongodb.net] INFO  org.mongodb.driver.cluster - Adding discovered server ac-lczobyt-shard-00-00.asvuqjh.mongodb.net:27017 to client view of cluster
2026-08-23 13:10:08 [cluster-ClusterId{value='6a8ac700d9a363d55946adde', description='null'}-srv-infolink.asvuqjh.mongodb.net] INFO  org.mongodb.driver.cluster - Adding discovered server ac-lczobyt-shard-00-01.asvuqjh.mongodb.net:27017 to client view of cluster
2026-08-23 13:10:08 [cluster-ClusterId{value='6a8ac700d9a363d55946adde', description='null'}-srv-infolink.asvuqjh.mongodb.net] INFO  org.mongodb.driver.cluster - Adding discovered server ac-lczobyt-shard-00-02.asvuqjh.mongodb.net:27017 to client view of cluster
2026-08-23 13:10:09 [cluster-6a8ac700d9a363d55946adde-ac-lczobyt-shard-00-01.asvuqjh.mongodb.net:27017] INFO  org.mongodb.driver.cluster - Monitor thread successfully connected to server with description ServerDescription{address=ac-lczobyt-shard-00-01.asvuqjh.mongodb.net:27017, type=REPLICA_SET_PRIMARY, cryptd=false, state=CONNECTED, ok=true, minWireVersion=0, maxWireVersion=25, maxDocumentSize=16777216, logicalSessionTimeoutMinutes=30, roundTripTimeNanos=232063400, minRoundTripTimeNanos=0, setName='atlas-e4nrak-shard-0', canonicalAddress=ac-lczobyt-shard-00-01.asvuqjh.mongodb.net:27017, hosts=[ac-lczobyt-shard-00-01.asvuqjh.mongodb.net:27017, ac-lczobyt-shard-00-02.asvuqjh.mongodb.net:27017, ac-lczobyt-shard-00-00.asvuqjh.mongodb.net:27017], passives=[], arbiters=[], primary='ac-lczobyt-shard-00-01.asvuqjh.mongodb.net:27017', tagSet=TagSet{[Tag{name='availabilityZone', value='euc1-az3'}, Tag{name='cacheState', value='READY'}, Tag{name='diskState', value='READY'}, Tag{name='nodeType', value='ELECTABLE'}, Tag{name='provider', value='AWS'}, Tag{name='region', value='EU_CENTRAL_1'}, Tag{name='workloadType', value='OPERATIONAL'}]}, electionId=7fffffff0000000000000462, setVersion=439, topologyVersion=TopologyVersion{processId=6a7b675525e46ec341e1ae14, counter=10}, lastWriteDate=Sun Aug 23 13:10:09 EEST 2026, lastUpdateTimeNanos=11835254043500}
2026-08-23 13:10:09 [cluster-6a8ac700d9a363d55946adde-ac-lczobyt-shard-00-01.asvuqjh.mongodb.net:27017] INFO  org.mongodb.driver.cluster - Discovered replica set primary ac-lczobyt-shard-00-01.asvuqjh.mongodb.net:27017 with max election id 7fffffff0000000000000462 and max set version 439
2026-08-23 13:10:09 [cluster-6a8ac700d9a363d55946adde-ac-lczobyt-shard-00-02.asvuqjh.mongodb.net:27017] INFO  org.mongodb.driver.cluster - Monitor thread successfully connected to server with description ServerDescription{address=ac-lczobyt-shard-00-02.asvuqjh.mongodb.net:27017, type=REPLICA_SET_SECONDARY, cryptd=false, state=CONNECTED, ok=true, minWireVersion=0, maxWireVersion=25, maxDocumentSize=16777216, logicalSessionTimeoutMinutes=30, roundTripTimeNanos=218473400, minRoundTripTimeNanos=0, setName='atlas-e4nrak-shard-0', canonicalAddress=ac-lczobyt-shard-00-02.asvuqjh.mongodb.net:27017, hosts=[ac-lczobyt-shard-00-01.asvuqjh.mongodb.net:27017, ac-lczobyt-shard-00-02.asvuqjh.mongodb.net:27017, ac-lczobyt-shard-00-00.asvuqjh.mongodb.net:27017], passives=[], arbiters=[], primary='ac-lczobyt-shard-00-01.asvuqjh.mongodb.net:27017', tagSet=TagSet{[Tag{name='availabilityZone', value='euc1-az1'}, Tag{name='cacheState', value='READY'}, Tag{name='diskState', value='READY'}, Tag{name='nodeType', value='ELECTABLE'}, Tag{name='provider', value='AWS'}, Tag{name='region', value='EU_CENTRAL_1'}, Tag{name='workloadType', value='OPERATIONAL'}]}, electionId=null, setVersion=439, topologyVersion=TopologyVersion{processId=6a7b69ff648c4799e74e664f, counter=5}, lastWriteDate=Sun Aug 23 13:10:09 EEST 2026, lastUpdateTimeNanos=11835290180200}
2026-08-23 13:10:09 [cluster-6a8ac700d9a363d55946adde-ac-lczobyt-shard-00-00.asvuqjh.mongodb.net:27017] INFO  org.mongodb.driver.cluster - Monitor thread successfully connected to server with description ServerDescription{address=ac-lczobyt-shard-00-00.asvuqjh.mongodb.net:27017, type=REPLICA_SET_SECONDARY, cryptd=false, state=CONNECTED, ok=true, minWireVersion=0, maxWireVersion=25, maxDocumentSize=16777216, logicalSessionTimeoutMinutes=30, roundTripTimeNanos=250740600, minRoundTripTimeNanos=0, setName='atlas-e4nrak-shard-0', canonicalAddress=ac-lczobyt-shard-00-00.asvuqjh.mongodb.net:27017, hosts=[ac-lczobyt-shard-00-01.asvuqjh.mongodb.net:27017, ac-lczobyt-shard-00-02.asvuqjh.mongodb.net:27017, ac-lczobyt-shard-00-00.asvuqjh.mongodb.net:27017], passives=[], arbiters=[], primary='ac-lczobyt-shard-00-01.asvuqjh.mongodb.net:27017', tagSet=TagSet{[Tag{name='availabilityZone', value='euc1-az2'}, Tag{name='cacheState', value='READY'}, Tag{name='diskState', value='READY'}, Tag{name='nodeType', value='ELECTABLE'}, Tag{name='provider', value='AWS'}, Tag{name='region', value='EU_CENTRAL_1'}, Tag{name='workloadType', value='OPERATIONAL'}]}, electionId=null, setVersion=439, topologyVersion=TopologyVersion{processId=6a7b65216f65f70e7a6ea947, counter=10}, lastWriteDate=Sun Aug 23 13:10:09 EEST 2026, lastUpdateTimeNanos=11835293281600}
2026-08-23 13:10:28 [restartedMain] INFO  o.a.coyote.http11.Http11NioProtocol - Starting ProtocolHandler ["http-nio-8080"]
2026-08-23 13:10:29 [restartedMain] INFO  o.s.boot.tomcat.TomcatWebServer - Tomcat started on port 8080 (http) with context path '/'
2026-08-23 13:10:29 [restartedMain] INFO  com.InfoLink.InfoLinkApplication - Started InfoLinkApplication in 42.32 seconds (process running for 1727.415)
2026-08-23 13:10:29 [restartedMain] INFO  o.s.b.d.a.ConditionEvaluationDeltaLoggingListener - Condition evaluation unchanged
2026-08-23 13:10:30 [File Watcher] INFO  o.s.b.d.a.LocalDevToolsAutoConfiguration$RestartingClassPathChangeChangedEventListener - Restarting due to 1 class path change (0 additions, 0 deletions, 1 modification)
2026-08-23 13:10:30 [Thread-33] INFO  o.s.boot.tomcat.GracefulShutdown - Commencing graceful shutdown. Waiting for active requests to complete
2026-08-23 13:10:30 [tomcat-shutdown] INFO  o.a.coyote.http11.Http11NioProtocol - Pausing ProtocolHandler ["http-nio-8080"]
2026-08-23 13:10:31 [tomcat-shutdown] INFO  o.s.boot.tomcat.GracefulShutdown - Graceful shutdown complete
2026-08-23 13:10:31 [Thread-33] INFO  o.a.coyote.http11.Http11NioProtocol - Stopping ProtocolHandler ["http-nio-8080"]
2026-08-23 13:10:31 [Thread-33] INFO  o.s.o.j.LocalContainerEntityManagerFactoryBean - Closing JPA EntityManagerFactory for persistence unit 'default'
2026-08-23 13:10:31 [Thread-33] INFO  com.zaxxer.hikari.HikariDataSource - HikariPool-9 - Shutdown initiated...
2026-08-23 13:10:33 [Thread-33] INFO  com.zaxxer.hikari.HikariDataSource - HikariPool-9 - Shutdown completed.
2026-08-23 13:10:35 [restartedMain] INFO  com.InfoLink.InfoLinkApplication - Starting InfoLinkApplication using Java 26 with PID 17232 (D:\AIB-Projects\InfoLink\BackEnd\target\classes started by New in d:\AIB-Projects\InfoLink)
2026-08-23 13:10:35 [restartedMain] INFO  com.InfoLink.InfoLinkApplication - No active profile set, falling back to 1 default profile: "default"
2026-08-23 13:10:39 [restartedMain] INFO  o.s.d.r.c.RepositoryConfigurationDelegate - Multiple Spring Data modules found, entering strict repository configuration mode
2026-08-23 13:10:39 [restartedMain] INFO  o.s.d.r.c.RepositoryConfigurationDelegate - Bootstrapping Spring Data JPA repositories in DEFAULT mode.
2026-08-23 13:10:39 [restartedMain] INFO  o.s.d.r.c.RepositoryConfigurationDelegate - Finished Spring Data repository scanning in 667 ms. Found 5 JPA repository interfaces.
2026-08-23 13:10:39 [restartedMain] INFO  o.s.d.r.c.RepositoryConfigurationDelegate - Multiple Spring Data modules found, entering strict repository configuration mode
2026-08-23 13:10:39 [restartedMain] INFO  o.s.d.r.c.RepositoryConfigurationDelegate - Bootstrapping Spring Data MongoDB repositories in DEFAULT mode.
2026-08-23 13:10:40 [restartedMain] INFO  o.s.d.r.c.RepositoryConfigurationExtensionSupport - Spring Data MongoDB - Could not safely identify store assignment for repository candidate interface com.InfoLink.repository.GroupRepository; If you want this repository to be a MongoDB repository, consider annotating your entities with one of these annotations: org.springframework.data.mongodb.core.mapping.Document (preferred), or consider extending one of the following types with your repository: org.springframework.data.mongodb.repository.MongoRepository
2026-08-23 13:10:40 [restartedMain] INFO  o.s.d.r.c.RepositoryConfigurationExtensionSupport - Spring Data MongoDB - Could not safely identify store assignment for repository candidate interface com.InfoLink.repository.GroupsCollectionsRepository; If you want this repository to be a MongoDB repository, consider annotating your entities with one of these annotations: org.springframework.data.mongodb.core.mapping.Document (preferred), or consider extending one of the following types with your repository: org.springframework.data.mongodb.repository.MongoRepository
2026-08-23 13:10:40 [restartedMain] INFO  o.s.d.r.c.RepositoryConfigurationExtensionSupport - Spring Data MongoDB - Could not safely identify store assignment for repository candidate interface com.InfoLink.repository.LogRepository; If you want this repository to be a MongoDB repository, consider annotating your entities with one of these annotations: org.springframework.data.mongodb.core.mapping.Document (preferred), or consider extending one of the following types with your repository: org.springframework.data.mongodb.repository.MongoRepository
2026-08-23 13:10:40 [restartedMain] INFO  o.s.d.r.c.RepositoryConfigurationExtensionSupport - Spring Data MongoDB - Could not safely identify store assignment for repository candidate interface com.InfoLink.repository.RefreshTokenRepository; If you want this repository to be a MongoDB repository, consider annotating your entities with one of these annotations: org.springframework.data.mongodb.core.mapping.Document (preferred), or consider extending one of the following types with your repository: org.springframework.data.mongodb.repository.MongoRepository
2026-08-23 13:10:40 [restartedMain] INFO  o.s.d.r.c.RepositoryConfigurationExtensionSupport - Spring Data MongoDB - Could not safely identify store assignment for repository candidate interface com.InfoLink.repository.UserRepository; If you want this repository to be a MongoDB repository, consider annotating your entities with one of these annotations: org.springframework.data.mongodb.core.mapping.Document (preferred), or consider extending one of the following types with your repository: org.springframework.data.mongodb.repository.MongoRepository
2026-08-23 13:10:40 [restartedMain] INFO  o.s.d.r.c.RepositoryConfigurationDelegate - Finished Spring Data repository scanning in 184 ms. Found 0 MongoDB repository interfaces.
2026-08-23 13:10:41 [restartedMain] INFO  o.s.boot.tomcat.TomcatWebServer - Tomcat initialized with port 8080 (http)
2026-08-23 13:10:41 [restartedMain] INFO  o.a.coyote.http11.Http11NioProtocol - Initializing ProtocolHandler ["http-nio-8080"]
2026-08-23 13:10:41 [restartedMain] INFO  o.a.catalina.core.StandardService - Starting service [Tomcat]
2026-08-23 13:10:41 [restartedMain] INFO  o.a.catalina.core.StandardEngine - Starting Servlet engine: [Apache Tomcat/11.0.22]
2026-08-23 13:10:42 [restartedMain] INFO  o.s.b.w.c.s.WebApplicationContextInitializer - Root WebApplicationContext: initialization completed in 6578 ms
2026-08-23 13:10:42 [restartedMain] INFO  com.zaxxer.hikari.HikariDataSource - HikariPool-10 - Starting...
2026-08-23 13:10:44 [restartedMain] INFO  com.zaxxer.hikari.pool.HikariPool - HikariPool-10 - Added connection ConnectionID:67 ClientConnectionId: ecd60b11-a896-4bd5-9c58-aa346f646231
2026-08-23 13:10:44 [restartedMain] INFO  com.zaxxer.hikari.HikariDataSource - HikariPool-10 - Start completed.
2026-08-23 13:10:44 [restartedMain] INFO  org.hibernate.orm.jpa - HHH008540: Processing PersistenceUnitInfo [name: default]
2026-08-23 13:10:52 [restartedMain] INFO  o.s.o.j.p.SpringPersistenceUnitInfo - No LoadTimeWeaver setup: ignoring JPA class transformer
2026-08-23 13:10:55 [restartedMain] INFO  o.hibernate.orm.connections.pooling - HHH10001005: Database info:
	Database JDBC URL [jdbc:sqlserver://localhost\desktop-sgfhgte\mssqlserver01:1433;connectRetryInterval=10;connectRetryCount=1;maxResultBuffer=-1;sendTemporalDataTypesAsStringForBulkCopy=true;delayLoadingLobs=true;useFmtOnly=false;useBulkCopyForBatchInsert=false;cancelQueryTimeout=-1;sslProtocol=TLS;jaasConfigurationName=SQLJDBCDriver;statementPoolingCacheSize=0;serverPreparedStatementDiscardThreshold=10;enablePrepareOnFirstPreparedStatementCall=false;fips=false;socketTimeout=0;authentication=NotSpecified;authenticationScheme=nativeAuthentication;xopenStates=false;datetimeParameterType=datetime2;sendTimeAsDatetime=true;replication=false;trustStoreType=JKS;trustServerCertificate=true;TransparentNetworkIPResolution=true;iPAddressPreference=IPv4First;serverNameAsACE=false;sendStringParametersAsUnicode=true;selectMethod=direct;responseBuffering=adaptive;queryTimeout=-1;packetSize=8000;multiSubnetFailover=false;loginTimeout=30;lockTimeout=-1;lastUpdateCount=true;prepareMethod=prepexec;encrypt=true;disableStatementPooling=true;databaseName=InfoLink;columnEncryptionSetting=Disabled;applicationName=Microsoft JDBC Driver for SQL Server;applicationIntent=readwrite;]
	Database driver: Microsoft JDBC Driver 12.3 for SQL Server
	Database dialect: SQLServerDialect
	Database version: 17.0
	Default catalog/schema: InfoLink/dbo
	Autocommit mode: undefined/unknown
	Isolation level: READ_COMMITTED [default READ_COMMITTED]
	JDBC fetch size: 128
	Pool: DataSourceConnectionProvider
	Minimum pool size: undefined/unknown
	Maximum pool size: undefined/unknown
2026-08-23 13:11:04 [restartedMain] INFO  org.hibernate.orm.core - HHH000489: No JTA platform available (set 'hibernate.transaction.jta.platform' to enable JTA platform integration)
2026-08-23 13:11:05 [restartedMain] INFO  o.s.o.j.LocalContainerEntityManagerFactoryBean - Initialized JPA EntityManagerFactory for persistence unit 'default'
2026-08-23 13:11:07 [restartedMain] INFO  o.s.s.c.a.a.c.InitializeUserDetailsBeanManagerConfigurer$InitializeUserDetailsManagerConfigurer - Global AuthenticationManager configured with UserDetailsService bean with name customUserDetailsService
2026-08-23 13:11:10 [restartedMain] INFO  org.mongodb.driver.client - MongoClient with metadata {"driver": {"name": "mongo-java-driver|spring-boot|sync", "version": "5.8.0"}, "os": {"type": "Windows", "name": "Windows 11", "architecture": "amd64", "version": "10.0"}, "platform": "Java/Oracle Corporation/26+35-2893"} created with settings MongoClientSettings{readPreference=primary, writeConcern=WriteConcern{w=null, wTimeout=null ms, journal=null}, retryWrites=true, retryReads=true, readConcern=ReadConcern{level=null}, credential=MongoCredential{mechanism=null, userName='InfoLink_MongoDB', source='admin', password=<hidden>, mechanismProperties=<hidden>}, transportSettings=null, commandListeners=[], codecRegistry=ProvidersCodecRegistry{codecProviders=[ValueCodecProvider{}, BsonValueCodecProvider{}, DBRefCodecProvider{}, DBObjectCodecProvider{}, DocumentCodecProvider{}, CollectionCodecProvider{}, IterableCodecProvider{}, MapCodecProvider{}, GeoJsonCodecProvider{}, GridFSFileCodecProvider{}, Jsr310CodecProvider{}, JsonObjectCodecProvider{}, BsonCodecProvider{}, com.mongodb.client.model.mql.ExpressionCodecProvider@5a985a47, com.mongodb.Jep395RecordCodecProvider@67863519, com.mongodb.KotlinCodecProvider@43c03b92, EnumCodecProvider{}]}, loggerSettings=LoggerSettings{maxDocumentLength=1000}, clusterSettings={hosts=[127.0.0.1:27017], srvHost=infolink.asvuqjh.mongodb.net, srvServiceName=mongodb, mode=MULTIPLE, requiredClusterType=REPLICA_SET, requiredReplicaSetName='atlas-e4nrak-shard-0', serverSelector='null', clusterListeners='[]', serverSelectionTimeout='30000 ms', localThreshold='15 ms'}, socketSettings=SocketSettings{connectTimeoutMS=10000, readTimeoutMS=0, receiveBufferSize=0, proxySettings=ProxySettings{host=null, port=null, username=null, password=null}}, heartbeatSocketSettings=SocketSettings{connectTimeoutMS=10000, readTimeoutMS=10000, receiveBufferSize=0, proxySettings=ProxySettings{host=null, port=null, username=null, password=null}}, connectionPoolSettings=ConnectionPoolSettings{maxSize=100, minSize=0, maxWaitTimeMS=120000, maxConnectionLifeTimeMS=0, maxConnectionIdleTimeMS=0, maintenanceInitialDelayMS=0, maintenanceFrequencyMS=60000, connectionPoolListeners=[], maxConnecting=2}, serverSettings=ServerSettings{heartbeatFrequencyMS=10000, minHeartbeatFrequencyMS=500, serverMonitoringMode=AUTO, serverListeners='[]', serverMonitorListeners='[]'}, sslSettings=SslSettings{enabled=true, invalidHostNameAllowed=false, context=null}, applicationName='null', compressorList=[], uuidRepresentation=UNSPECIFIED, serverApi=null, autoEncryptionSettings=null, dnsClient=null, inetAddressResolver=null, contextProvider=null, timeoutMS=null}
2026-08-23 13:11:11 [cluster-ClusterId{value='6a8ac73ed9a363d55946addf', description='null'}-srv-infolink.asvuqjh.mongodb.net] INFO  org.mongodb.driver.cluster - Adding discovered server ac-lczobyt-shard-00-00.asvuqjh.mongodb.net:27017 to client view of cluster
2026-08-23 13:11:11 [cluster-ClusterId{value='6a8ac73ed9a363d55946addf', description='null'}-srv-infolink.asvuqjh.mongodb.net] INFO  org.mongodb.driver.cluster - Adding discovered server ac-lczobyt-shard-00-01.asvuqjh.mongodb.net:27017 to client view of cluster
2026-08-23 13:11:11 [cluster-ClusterId{value='6a8ac73ed9a363d55946addf', description='null'}-srv-infolink.asvuqjh.mongodb.net] INFO  org.mongodb.driver.cluster - Adding discovered server ac-lczobyt-shard-00-02.asvuqjh.mongodb.net:27017 to client view of cluster
2026-08-23 13:11:12 [cluster-6a8ac73ed9a363d55946addf-ac-lczobyt-shard-00-00.asvuqjh.mongodb.net:27017] INFO  org.mongodb.driver.cluster - Monitor thread successfully connected to server with description ServerDescription{address=ac-lczobyt-shard-00-00.asvuqjh.mongodb.net:27017, type=REPLICA_SET_SECONDARY, cryptd=false, state=CONNECTED, ok=true, minWireVersion=0, maxWireVersion=25, maxDocumentSize=16777216, logicalSessionTimeoutMinutes=30, roundTripTimeNanos=271148600, minRoundTripTimeNanos=0, setName='atlas-e4nrak-shard-0', canonicalAddress=ac-lczobyt-shard-00-00.asvuqjh.mongodb.net:27017, hosts=[ac-lczobyt-shard-00-01.asvuqjh.mongodb.net:27017, ac-lczobyt-shard-00-02.asvuqjh.mongodb.net:27017, ac-lczobyt-shard-00-00.asvuqjh.mongodb.net:27017], passives=[], arbiters=[], primary='ac-lczobyt-shard-00-01.asvuqjh.mongodb.net:27017', tagSet=TagSet{[Tag{name='availabilityZone', value='euc1-az2'}, Tag{name='cacheState', value='READY'}, Tag{name='diskState', value='READY'}, Tag{name='nodeType', value='ELECTABLE'}, Tag{name='provider', value='AWS'}, Tag{name='region', value='EU_CENTRAL_1'}, Tag{name='workloadType', value='OPERATIONAL'}]}, electionId=null, setVersion=439, topologyVersion=TopologyVersion{processId=6a7b65216f65f70e7a6ea947, counter=10}, lastWriteDate=Sun Aug 23 13:11:11 EEST 2026, lastUpdateTimeNanos=11898005963400}
2026-08-23 13:11:12 [cluster-6a8ac73ed9a363d55946addf-ac-lczobyt-shard-00-01.asvuqjh.mongodb.net:27017] INFO  org.mongodb.driver.cluster - Monitor thread successfully connected to server with description ServerDescription{address=ac-lczobyt-shard-00-01.asvuqjh.mongodb.net:27017, type=REPLICA_SET_PRIMARY, cryptd=false, state=CONNECTED, ok=true, minWireVersion=0, maxWireVersion=25, maxDocumentSize=16777216, logicalSessionTimeoutMinutes=30, roundTripTimeNanos=162086100, minRoundTripTimeNanos=0, setName='atlas-e4nrak-shard-0', canonicalAddress=ac-lczobyt-shard-00-01.asvuqjh.mongodb.net:27017, hosts=[ac-lczobyt-shard-00-01.asvuqjh.mongodb.net:27017, ac-lczobyt-shard-00-02.asvuqjh.mongodb.net:27017, ac-lczobyt-shard-00-00.asvuqjh.mongodb.net:27017], passives=[], arbiters=[], primary='ac-lczobyt-shard-00-01.asvuqjh.mongodb.net:27017', tagSet=TagSet{[Tag{name='availabilityZone', value='euc1-az3'}, Tag{name='cacheState', value='READY'}, Tag{name='diskState', value='READY'}, Tag{name='nodeType', value='ELECTABLE'}, Tag{name='provider', value='AWS'}, Tag{name='region', value='EU_CENTRAL_1'}, Tag{name='workloadType', value='OPERATIONAL'}]}, electionId=7fffffff0000000000000462, setVersion=439, topologyVersion=TopologyVersion{processId=6a7b675525e46ec341e1ae14, counter=10}, lastWriteDate=Sun Aug 23 13:11:11 EEST 2026, lastUpdateTimeNanos=11898043020300}
2026-08-23 13:11:12 [cluster-6a8ac73ed9a363d55946addf-ac-lczobyt-shard-00-01.asvuqjh.mongodb.net:27017] INFO  org.mongodb.driver.cluster - Discovered replica set primary ac-lczobyt-shard-00-01.asvuqjh.mongodb.net:27017 with max election id 7fffffff0000000000000462 and max set version 439
2026-08-23 13:11:12 [cluster-6a8ac73ed9a363d55946addf-ac-lczobyt-shard-00-02.asvuqjh.mongodb.net:27017] INFO  org.mongodb.driver.cluster - Monitor thread successfully connected to server with description ServerDescription{address=ac-lczobyt-shard-00-02.asvuqjh.mongodb.net:27017, type=REPLICA_SET_SECONDARY, cryptd=false, state=CONNECTED, ok=true, minWireVersion=0, maxWireVersion=25, maxDocumentSize=16777216, logicalSessionTimeoutMinutes=30, roundTripTimeNanos=287878700, minRoundTripTimeNanos=0, setName='atlas-e4nrak-shard-0', canonicalAddress=ac-lczobyt-shard-00-02.asvuqjh.mongodb.net:27017, hosts=[ac-lczobyt-shard-00-01.asvuqjh.mongodb.net:27017, ac-lczobyt-shard-00-02.asvuqjh.mongodb.net:27017, ac-lczobyt-shard-00-00.asvuqjh.mongodb.net:27017], passives=[], arbiters=[], primary='ac-lczobyt-shard-00-01.asvuqjh.mongodb.net:27017', tagSet=TagSet{[Tag{name='availabilityZone', value='euc1-az1'}, Tag{name='cacheState', value='READY'}, Tag{name='diskState', value='READY'}, Tag{name='nodeType', value='ELECTABLE'}, Tag{name='provider', value='AWS'}, Tag{name='region', value='EU_CENTRAL_1'}, Tag{name='workloadType', value='OPERATIONAL'}]}, electionId=null, setVersion=439, topologyVersion=TopologyVersion{processId=6a7b69ff648c4799e74e664f, counter=5}, lastWriteDate=Sun Aug 23 13:11:12 EEST 2026, lastUpdateTimeNanos=11898254309300}
2026-08-23 13:11:31 [restartedMain] INFO  o.a.coyote.http11.Http11NioProtocol - Starting ProtocolHandler ["http-nio-8080"]
2026-08-23 13:11:31 [restartedMain] INFO  o.s.boot.tomcat.TomcatWebServer - Tomcat started on port 8080 (http) with context path '/'
2026-08-23 13:11:31 [restartedMain] INFO  com.InfoLink.InfoLinkApplication - Started InfoLinkApplication in 57.011 seconds (process running for 1789.993)
2026-08-23 13:11:31 [restartedMain] INFO  o.s.b.d.a.ConditionEvaluationDeltaLoggingListener - Condition evaluation unchanged
2026-08-23 13:11:32 [File Watcher] INFO  o.s.b.d.a.LocalDevToolsAutoConfiguration$RestartingClassPathChangeChangedEventListener - Restarting due to 1 class path change (0 additions, 0 deletions, 1 modification)
2026-08-23 13:11:32 [Thread-37] INFO  o.s.boot.tomcat.GracefulShutdown - Commencing graceful shutdown. Waiting for active requests to complete
2026-08-23 13:11:32 [tomcat-shutdown] INFO  o.a.coyote.http11.Http11NioProtocol - Pausing ProtocolHandler ["http-nio-8080"]
2026-08-23 13:11:33 [tomcat-shutdown] INFO  o.s.boot.tomcat.GracefulShutdown - Graceful shutdown complete
2026-08-23 13:11:33 [Thread-37] INFO  o.a.coyote.http11.Http11NioProtocol - Stopping ProtocolHandler ["http-nio-8080"]
2026-08-23 13:11:33 [Thread-37] INFO  o.s.o.j.LocalContainerEntityManagerFactoryBean - Closing JPA EntityManagerFactory for persistence unit 'default'
2026-08-23 13:11:33 [Thread-37] INFO  com.zaxxer.hikari.HikariDataSource - HikariPool-10 - Shutdown initiated...
2026-08-23 13:11:34 [Thread-37] INFO  com.zaxxer.hikari.HikariDataSource - HikariPool-10 - Shutdown completed.
2026-08-23 13:11:35 [restartedMain] INFO  com.InfoLink.InfoLinkApplication - Starting InfoLinkApplication using Java 26 with PID 17232 (D:\AIB-Projects\InfoLink\BackEnd\target\classes started by New in d:\AIB-Projects\InfoLink)
2026-08-23 13:11:35 [restartedMain] INFO  com.InfoLink.InfoLinkApplication - No active profile set, falling back to 1 default profile: "default"
2026-08-23 13:11:36 [restartedMain] INFO  o.s.d.r.c.RepositoryConfigurationDelegate - Multiple Spring Data modules found, entering strict repository configuration mode
2026-08-23 13:11:36 [restartedMain] INFO  o.s.d.r.c.RepositoryConfigurationDelegate - Bootstrapping Spring Data JPA repositories in DEFAULT mode.
2026-08-23 13:11:36 [restartedMain] INFO  o.s.d.r.c.RepositoryConfigurationDelegate - Finished Spring Data repository scanning in 124 ms. Found 5 JPA repository interfaces.
2026-08-23 13:11:36 [restartedMain] INFO  o.s.d.r.c.RepositoryConfigurationDelegate - Multiple Spring Data modules found, entering strict repository configuration mode
2026-08-23 13:11:36 [restartedMain] INFO  o.s.d.r.c.RepositoryConfigurationDelegate - Bootstrapping Spring Data MongoDB repositories in DEFAULT mode.
2026-08-23 13:11:36 [restartedMain] INFO  o.s.d.r.c.RepositoryConfigurationExtensionSupport - Spring Data MongoDB - Could not safely identify store assignment for repository candidate interface com.InfoLink.repository.GroupRepository; If you want this repository to be a MongoDB repository, consider annotating your entities with one of these annotations: org.springframework.data.mongodb.core.mapping.Document (preferred), or consider extending one of the following types with your repository: org.springframework.data.mongodb.repository.MongoRepository
2026-08-23 13:11:36 [restartedMain] INFO  o.s.d.r.c.RepositoryConfigurationExtensionSupport - Spring Data MongoDB - Could not safely identify store assignment for repository candidate interface com.InfoLink.repository.GroupsCollectionsRepository; If you want this repository to be a MongoDB repository, consider annotating your entities with one of these annotations: org.springframework.data.mongodb.core.mapping.Document (preferred), or consider extending one of the following types with your repository: org.springframework.data.mongodb.repository.MongoRepository
2026-08-23 13:11:36 [restartedMain] INFO  o.s.d.r.c.RepositoryConfigurationExtensionSupport - Spring Data MongoDB - Could not safely identify store assignment for repository candidate interface com.InfoLink.repository.LogRepository; If you want this repository to be a MongoDB repository, consider annotating your entities with one of these annotations: org.springframework.data.mongodb.core.mapping.Document (preferred), or consider extending one of the following types with your repository: org.springframework.data.mongodb.repository.MongoRepository
2026-08-23 13:11:36 [restartedMain] INFO  o.s.d.r.c.RepositoryConfigurationExtensionSupport - Spring Data MongoDB - Could not safely identify store assignment for repository candidate interface com.InfoLink.repository.RefreshTokenRepository; If you want this repository to be a MongoDB repository, consider annotating your entities with one of these annotations: org.springframework.data.mongodb.core.mapping.Document (preferred), or consider extending one of the following types with your repository: org.springframework.data.mongodb.repository.MongoRepository
2026-08-23 13:11:36 [restartedMain] INFO  o.s.d.r.c.RepositoryConfigurationExtensionSupport - Spring Data MongoDB - Could not safely identify store assignment for repository candidate interface com.InfoLink.repository.UserRepository; If you want this repository to be a MongoDB repository, consider annotating your entities with one of these annotations: org.springframework.data.mongodb.core.mapping.Document (preferred), or consider extending one of the following types with your repository: org.springframework.data.mongodb.repository.MongoRepository
2026-08-23 13:11:36 [restartedMain] INFO  o.s.d.r.c.RepositoryConfigurationDelegate - Finished Spring Data repository scanning in 40 ms. Found 0 MongoDB repository interfaces.
2026-08-23 13:11:36 [restartedMain] INFO  o.s.boot.tomcat.TomcatWebServer - Tomcat initialized with port 8080 (http)
2026-08-23 13:11:36 [restartedMain] INFO  o.a.coyote.http11.Http11NioProtocol - Initializing ProtocolHandler ["http-nio-8080"]
2026-08-23 13:11:36 [restartedMain] INFO  o.a.catalina.core.StandardService - Starting service [Tomcat]
2026-08-23 13:11:36 [restartedMain] INFO  o.a.catalina.core.StandardEngine - Starting Servlet engine: [Apache Tomcat/11.0.22]
2026-08-23 13:11:37 [restartedMain] INFO  o.s.b.w.c.s.WebApplicationContextInitializer - Root WebApplicationContext: initialization completed in 2084 ms
2026-08-23 13:11:37 [restartedMain] INFO  com.zaxxer.hikari.HikariDataSource - HikariPool-11 - Starting...
2026-08-23 13:11:38 [restartedMain] INFO  com.zaxxer.hikari.pool.HikariPool - HikariPool-11 - Added connection ConnectionID:74 ClientConnectionId: f4de6a95-f6f4-402e-9431-968aa060ca94
2026-08-23 13:11:38 [restartedMain] INFO  com.zaxxer.hikari.HikariDataSource - HikariPool-11 - Start completed.
2026-08-23 13:11:38 [restartedMain] INFO  org.hibernate.orm.jpa - HHH008540: Processing PersistenceUnitInfo [name: default]
2026-08-23 13:11:39 [restartedMain] INFO  o.s.o.j.p.SpringPersistenceUnitInfo - No LoadTimeWeaver setup: ignoring JPA class transformer
2026-08-23 13:11:39 [restartedMain] INFO  o.hibernate.orm.connections.pooling - HHH10001005: Database info:
	Database JDBC URL [jdbc:sqlserver://localhost\desktop-sgfhgte\mssqlserver01:1433;connectRetryInterval=10;connectRetryCount=1;maxResultBuffer=-1;sendTemporalDataTypesAsStringForBulkCopy=true;delayLoadingLobs=true;useFmtOnly=false;useBulkCopyForBatchInsert=false;cancelQueryTimeout=-1;sslProtocol=TLS;jaasConfigurationName=SQLJDBCDriver;statementPoolingCacheSize=0;serverPreparedStatementDiscardThreshold=10;enablePrepareOnFirstPreparedStatementCall=false;fips=false;socketTimeout=0;authentication=NotSpecified;authenticationScheme=nativeAuthentication;xopenStates=false;datetimeParameterType=datetime2;sendTimeAsDatetime=true;replication=false;trustStoreType=JKS;trustServerCertificate=true;TransparentNetworkIPResolution=true;iPAddressPreference=IPv4First;serverNameAsACE=false;sendStringParametersAsUnicode=true;selectMethod=direct;responseBuffering=adaptive;queryTimeout=-1;packetSize=8000;multiSubnetFailover=false;loginTimeout=30;lockTimeout=-1;lastUpdateCount=true;prepareMethod=prepexec;encrypt=true;disableStatementPooling=true;databaseName=InfoLink;columnEncryptionSetting=Disabled;applicationName=Microsoft JDBC Driver for SQL Server;applicationIntent=readwrite;]
	Database driver: Microsoft JDBC Driver 12.3 for SQL Server
	Database dialect: SQLServerDialect
	Database version: 17.0
	Default catalog/schema: InfoLink/dbo
	Autocommit mode: undefined/unknown
	Isolation level: READ_COMMITTED [default READ_COMMITTED]
	JDBC fetch size: 128
	Pool: DataSourceConnectionProvider
	Minimum pool size: undefined/unknown
	Maximum pool size: undefined/unknown
2026-08-23 13:11:40 [restartedMain] INFO  org.hibernate.orm.core - HHH000489: No JTA platform available (set 'hibernate.transaction.jta.platform' to enable JTA platform integration)
2026-08-23 13:11:40 [restartedMain] INFO  o.s.o.j.LocalContainerEntityManagerFactoryBean - Initialized JPA EntityManagerFactory for persistence unit 'default'
2026-08-23 13:11:40 [restartedMain] INFO  o.s.s.c.a.a.c.InitializeUserDetailsBeanManagerConfigurer$InitializeUserDetailsManagerConfigurer - Global AuthenticationManager configured with UserDetailsService bean with name customUserDetailsService
2026-08-23 13:11:41 [restartedMain] INFO  org.mongodb.driver.client - MongoClient with metadata {"driver": {"name": "mongo-java-driver|spring-boot|sync", "version": "5.8.0"}, "os": {"type": "Windows", "name": "Windows 11", "architecture": "amd64", "version": "10.0"}, "platform": "Java/Oracle Corporation/26+35-2893"} created with settings MongoClientSettings{readPreference=primary, writeConcern=WriteConcern{w=null, wTimeout=null ms, journal=null}, retryWrites=true, retryReads=true, readConcern=ReadConcern{level=null}, credential=MongoCredential{mechanism=null, userName='InfoLink_MongoDB', source='admin', password=<hidden>, mechanismProperties=<hidden>}, transportSettings=null, commandListeners=[], codecRegistry=ProvidersCodecRegistry{codecProviders=[ValueCodecProvider{}, BsonValueCodecProvider{}, DBRefCodecProvider{}, DBObjectCodecProvider{}, DocumentCodecProvider{}, CollectionCodecProvider{}, IterableCodecProvider{}, MapCodecProvider{}, GeoJsonCodecProvider{}, GridFSFileCodecProvider{}, Jsr310CodecProvider{}, JsonObjectCodecProvider{}, BsonCodecProvider{}, com.mongodb.client.model.mql.ExpressionCodecProvider@5a985a47, com.mongodb.Jep395RecordCodecProvider@67863519, com.mongodb.KotlinCodecProvider@43c03b92, EnumCodecProvider{}]}, loggerSettings=LoggerSettings{maxDocumentLength=1000}, clusterSettings={hosts=[127.0.0.1:27017], srvHost=infolink.asvuqjh.mongodb.net, srvServiceName=mongodb, mode=MULTIPLE, requiredClusterType=REPLICA_SET, requiredReplicaSetName='atlas-e4nrak-shard-0', serverSelector='null', clusterListeners='[]', serverSelectionTimeout='30000 ms', localThreshold='15 ms'}, socketSettings=SocketSettings{connectTimeoutMS=10000, readTimeoutMS=0, receiveBufferSize=0, proxySettings=ProxySettings{host=null, port=null, username=null, password=null}}, heartbeatSocketSettings=SocketSettings{connectTimeoutMS=10000, readTimeoutMS=10000, receiveBufferSize=0, proxySettings=ProxySettings{host=null, port=null, username=null, password=null}}, connectionPoolSettings=ConnectionPoolSettings{maxSize=100, minSize=0, maxWaitTimeMS=120000, maxConnectionLifeTimeMS=0, maxConnectionIdleTimeMS=0, maintenanceInitialDelayMS=0, maintenanceFrequencyMS=60000, connectionPoolListeners=[], maxConnecting=2}, serverSettings=ServerSettings{heartbeatFrequencyMS=10000, minHeartbeatFrequencyMS=500, serverMonitoringMode=AUTO, serverListeners='[]', serverMonitorListeners='[]'}, sslSettings=SslSettings{enabled=true, invalidHostNameAllowed=false, context=null}, applicationName='null', compressorList=[], uuidRepresentation=UNSPECIFIED, serverApi=null, autoEncryptionSettings=null, dnsClient=null, inetAddressResolver=null, contextProvider=null, timeoutMS=null}
2026-08-23 13:11:41 [cluster-ClusterId{value='6a8ac75dd9a363d55946ade0', description='null'}-srv-infolink.asvuqjh.mongodb.net] INFO  org.mongodb.driver.cluster - Adding discovered server ac-lczobyt-shard-00-00.asvuqjh.mongodb.net:27017 to client view of cluster
2026-08-23 13:11:41 [cluster-ClusterId{value='6a8ac75dd9a363d55946ade0', description='null'}-srv-infolink.asvuqjh.mongodb.net] INFO  org.mongodb.driver.cluster - Adding discovered server ac-lczobyt-shard-00-01.asvuqjh.mongodb.net:27017 to client view of cluster
2026-08-23 13:11:41 [cluster-ClusterId{value='6a8ac75dd9a363d55946ade0', description='null'}-srv-infolink.asvuqjh.mongodb.net] INFO  org.mongodb.driver.cluster - Adding discovered server ac-lczobyt-shard-00-02.asvuqjh.mongodb.net:27017 to client view of cluster
2026-08-23 13:11:42 [cluster-6a8ac75dd9a363d55946ade0-ac-lczobyt-shard-00-01.asvuqjh.mongodb.net:27017] INFO  org.mongodb.driver.cluster - Monitor thread successfully connected to server with description ServerDescription{address=ac-lczobyt-shard-00-01.asvuqjh.mongodb.net:27017, type=REPLICA_SET_PRIMARY, cryptd=false, state=CONNECTED, ok=true, minWireVersion=0, maxWireVersion=25, maxDocumentSize=16777216, logicalSessionTimeoutMinutes=30, roundTripTimeNanos=130744200, minRoundTripTimeNanos=0, setName='atlas-e4nrak-shard-0', canonicalAddress=ac-lczobyt-shard-00-01.asvuqjh.mongodb.net:27017, hosts=[ac-lczobyt-shard-00-01.asvuqjh.mongodb.net:27017, ac-lczobyt-shard-00-02.asvuqjh.mongodb.net:27017, ac-lczobyt-shard-00-00.asvuqjh.mongodb.net:27017], passives=[], arbiters=[], primary='ac-lczobyt-shard-00-01.asvuqjh.mongodb.net:27017', tagSet=TagSet{[Tag{name='availabilityZone', value='euc1-az3'}, Tag{name='cacheState', value='READY'}, Tag{name='diskState', value='READY'}, Tag{name='nodeType', value='ELECTABLE'}, Tag{name='provider', value='AWS'}, Tag{name='region', value='EU_CENTRAL_1'}, Tag{name='workloadType', value='OPERATIONAL'}]}, electionId=7fffffff0000000000000462, setVersion=439, topologyVersion=TopologyVersion{processId=6a7b675525e46ec341e1ae14, counter=10}, lastWriteDate=Sun Aug 23 13:11:41 EEST 2026, lastUpdateTimeNanos=11928193599200}
2026-08-23 13:11:42 [cluster-6a8ac75dd9a363d55946ade0-ac-lczobyt-shard-00-01.asvuqjh.mongodb.net:27017] INFO  org.mongodb.driver.cluster - Discovered replica set primary ac-lczobyt-shard-00-01.asvuqjh.mongodb.net:27017 with max election id 7fffffff0000000000000462 and max set version 439
2026-08-23 13:11:42 [cluster-6a8ac75dd9a363d55946ade0-ac-lczobyt-shard-00-00.asvuqjh.mongodb.net:27017] INFO  org.mongodb.driver.cluster - Monitor thread successfully connected to server with description ServerDescription{address=ac-lczobyt-shard-00-00.asvuqjh.mongodb.net:27017, type=REPLICA_SET_SECONDARY, cryptd=false, state=CONNECTED, ok=true, minWireVersion=0, maxWireVersion=25, maxDocumentSize=16777216, logicalSessionTimeoutMinutes=30, roundTripTimeNanos=206709800, minRoundTripTimeNanos=0, setName='atlas-e4nrak-shard-0', canonicalAddress=ac-lczobyt-shard-00-00.asvuqjh.mongodb.net:27017, hosts=[ac-lczobyt-shard-00-01.asvuqjh.mongodb.net:27017, ac-lczobyt-shard-00-02.asvuqjh.mongodb.net:27017, ac-lczobyt-shard-00-00.asvuqjh.mongodb.net:27017], passives=[], arbiters=[], primary='ac-lczobyt-shard-00-01.asvuqjh.mongodb.net:27017', tagSet=TagSet{[Tag{name='availabilityZone', value='euc1-az2'}, Tag{name='cacheState', value='READY'}, Tag{name='diskState', value='READY'}, Tag{name='nodeType', value='ELECTABLE'}, Tag{name='provider', value='AWS'}, Tag{name='region', value='EU_CENTRAL_1'}, Tag{name='workloadType', value='OPERATIONAL'}]}, electionId=null, setVersion=439, topologyVersion=TopologyVersion{processId=6a7b65216f65f70e7a6ea947, counter=10}, lastWriteDate=Sun Aug 23 13:11:42 EEST 2026, lastUpdateTimeNanos=11928283801600}
2026-08-23 13:11:42 [cluster-6a8ac75dd9a363d55946ade0-ac-lczobyt-shard-00-02.asvuqjh.mongodb.net:27017] INFO  org.mongodb.driver.cluster - Monitor thread successfully connected to server with description ServerDescription{address=ac-lczobyt-shard-00-02.asvuqjh.mongodb.net:27017, type=REPLICA_SET_SECONDARY, cryptd=false, state=CONNECTED, ok=true, minWireVersion=0, maxWireVersion=25, maxDocumentSize=16777216, logicalSessionTimeoutMinutes=30, roundTripTimeNanos=204019100, minRoundTripTimeNanos=0, setName='atlas-e4nrak-shard-0', canonicalAddress=ac-lczobyt-shard-00-02.asvuqjh.mongodb.net:27017, hosts=[ac-lczobyt-shard-00-01.asvuqjh.mongodb.net:27017, ac-lczobyt-shard-00-02.asvuqjh.mongodb.net:27017, ac-lczobyt-shard-00-00.asvuqjh.mongodb.net:27017], passives=[], arbiters=[], primary='ac-lczobyt-shard-00-01.asvuqjh.mongodb.net:27017', tagSet=TagSet{[Tag{name='availabilityZone', value='euc1-az1'}, Tag{name='cacheState', value='READY'}, Tag{name='diskState', value='READY'}, Tag{name='nodeType', value='ELECTABLE'}, Tag{name='provider', value='AWS'}, Tag{name='region', value='EU_CENTRAL_1'}, Tag{name='workloadType', value='OPERATIONAL'}]}, electionId=null, setVersion=439, topologyVersion=TopologyVersion{processId=6a7b69ff648c4799e74e664f, counter=5}, lastWriteDate=Sun Aug 23 13:11:42 EEST 2026, lastUpdateTimeNanos=11928343534900}
2026-08-23 13:11:52 [restartedMain] INFO  o.a.coyote.http11.Http11NioProtocol - Starting ProtocolHandler ["http-nio-8080"]
2026-08-23 13:11:52 [restartedMain] INFO  o.s.boot.tomcat.TomcatWebServer - Tomcat started on port 8080 (http) with context path '/'
2026-08-23 13:11:52 [restartedMain] INFO  com.InfoLink.InfoLinkApplication - Started InfoLinkApplication in 18.307 seconds (process running for 1811.217)
2026-08-23 13:11:52 [restartedMain] INFO  o.s.b.d.a.ConditionEvaluationDeltaLoggingListener - Condition evaluation unchanged
2026-08-23 13:11:54 [File Watcher] INFO  o.s.b.d.a.LocalDevToolsAutoConfiguration$RestartingClassPathChangeChangedEventListener - Restarting due to 1 class path change (0 additions, 0 deletions, 1 modification)
2026-08-23 13:11:54 [Thread-41] INFO  o.s.boot.tomcat.GracefulShutdown - Commencing graceful shutdown. Waiting for active requests to complete
2026-08-23 13:11:54 [tomcat-shutdown] INFO  o.a.coyote.http11.Http11NioProtocol - Pausing ProtocolHandler ["http-nio-8080"]
2026-08-23 13:11:54 [tomcat-shutdown] INFO  o.s.boot.tomcat.GracefulShutdown - Graceful shutdown complete
2026-08-23 13:11:54 [Thread-41] INFO  o.a.coyote.http11.Http11NioProtocol - Stopping ProtocolHandler ["http-nio-8080"]
2026-08-23 13:11:54 [Thread-41] INFO  o.s.o.j.LocalContainerEntityManagerFactoryBean - Closing JPA EntityManagerFactory for persistence unit 'default'
2026-08-23 13:11:54 [Thread-41] INFO  com.zaxxer.hikari.HikariDataSource - HikariPool-11 - Shutdown initiated...
2026-08-23 13:11:54 [Thread-41] INFO  com.zaxxer.hikari.HikariDataSource - HikariPool-11 - Shutdown completed.
2026-08-23 13:11:55 [restartedMain] INFO  com.InfoLink.InfoLinkApplication - Starting InfoLinkApplication using Java 26 with PID 17232 (D:\AIB-Projects\InfoLink\BackEnd\target\classes started by New in d:\AIB-Projects\InfoLink)
2026-08-23 13:11:55 [restartedMain] INFO  com.InfoLink.InfoLinkApplication - No active profile set, falling back to 1 default profile: "default"
2026-08-23 13:11:55 [restartedMain] INFO  o.s.d.r.c.RepositoryConfigurationDelegate - Multiple Spring Data modules found, entering strict repository configuration mode
2026-08-23 13:11:55 [restartedMain] INFO  o.s.d.r.c.RepositoryConfigurationDelegate - Bootstrapping Spring Data JPA repositories in DEFAULT mode.
2026-08-23 13:11:55 [restartedMain] INFO  o.s.d.r.c.RepositoryConfigurationDelegate - Finished Spring Data repository scanning in 67 ms. Found 5 JPA repository interfaces.
2026-08-23 13:11:55 [restartedMain] INFO  o.s.d.r.c.RepositoryConfigurationDelegate - Multiple Spring Data modules found, entering strict repository configuration mode
2026-08-23 13:11:55 [restartedMain] INFO  o.s.d.r.c.RepositoryConfigurationDelegate - Bootstrapping Spring Data MongoDB repositories in DEFAULT mode.
2026-08-23 13:11:55 [restartedMain] INFO  o.s.d.r.c.RepositoryConfigurationExtensionSupport - Spring Data MongoDB - Could not safely identify store assignment for repository candidate interface com.InfoLink.repository.GroupRepository; If you want this repository to be a MongoDB repository, consider annotating your entities with one of these annotations: org.springframework.data.mongodb.core.mapping.Document (preferred), or consider extending one of the following types with your repository: org.springframework.data.mongodb.repository.MongoRepository
2026-08-23 13:11:55 [restartedMain] INFO  o.s.d.r.c.RepositoryConfigurationExtensionSupport - Spring Data MongoDB - Could not safely identify store assignment for repository candidate interface com.InfoLink.repository.GroupsCollectionsRepository; If you want this repository to be a MongoDB repository, consider annotating your entities with one of these annotations: org.springframework.data.mongodb.core.mapping.Document (preferred), or consider extending one of the following types with your repository: org.springframework.data.mongodb.repository.MongoRepository
2026-08-23 13:11:55 [restartedMain] INFO  o.s.d.r.c.RepositoryConfigurationExtensionSupport - Spring Data MongoDB - Could not safely identify store assignment for repository candidate interface com.InfoLink.repository.LogRepository; If you want this repository to be a MongoDB repository, consider annotating your entities with one of these annotations: org.springframework.data.mongodb.core.mapping.Document (preferred), or consider extending one of the following types with your repository: org.springframework.data.mongodb.repository.MongoRepository
2026-08-23 13:11:55 [restartedMain] INFO  o.s.d.r.c.RepositoryConfigurationExtensionSupport - Spring Data MongoDB - Could not safely identify store assignment for repository candidate interface com.InfoLink.repository.RefreshTokenRepository; If you want this repository to be a MongoDB repository, consider annotating your entities with one of these annotations: org.springframework.data.mongodb.core.mapping.Document (preferred), or consider extending one of the following types with your repository: org.springframework.data.mongodb.repository.MongoRepository
2026-08-23 13:11:55 [restartedMain] INFO  o.s.d.r.c.RepositoryConfigurationExtensionSupport - Spring Data MongoDB - Could not safely identify store assignment for repository candidate interface com.InfoLink.repository.UserRepository; If you want this repository to be a MongoDB repository, consider annotating your entities with one of these annotations: org.springframework.data.mongodb.core.mapping.Document (preferred), or consider extending one of the following types with your repository: org.springframework.data.mongodb.repository.MongoRepository
2026-08-23 13:11:55 [restartedMain] INFO  o.s.d.r.c.RepositoryConfigurationDelegate - Finished Spring Data repository scanning in 101 ms. Found 0 MongoDB repository interfaces.
2026-08-23 13:11:56 [restartedMain] INFO  o.s.boot.tomcat.TomcatWebServer - Tomcat initialized with port 8080 (http)
2026-08-23 13:11:56 [restartedMain] INFO  o.a.coyote.http11.Http11NioProtocol - Initializing ProtocolHandler ["http-nio-8080"]
2026-08-23 13:11:56 [restartedMain] INFO  o.a.catalina.core.StandardService - Starting service [Tomcat]
2026-08-23 13:11:56 [restartedMain] INFO  o.a.catalina.core.StandardEngine - Starting Servlet engine: [Apache Tomcat/11.0.22]
2026-08-23 13:11:56 [restartedMain] INFO  o.s.b.w.c.s.WebApplicationContextInitializer - Root WebApplicationContext: initialization completed in 1144 ms
2026-08-23 13:11:56 [restartedMain] INFO  com.zaxxer.hikari.HikariDataSource - HikariPool-12 - Starting...
2026-08-23 13:11:57 [restartedMain] INFO  com.zaxxer.hikari.pool.HikariPool - HikariPool-12 - Added connection ConnectionID:81 ClientConnectionId: a09111ec-3972-48ad-bcee-d75af55a74ec
2026-08-23 13:11:57 [restartedMain] INFO  com.zaxxer.hikari.HikariDataSource - HikariPool-12 - Start completed.
2026-08-23 13:11:57 [restartedMain] INFO  org.hibernate.orm.jpa - HHH008540: Processing PersistenceUnitInfo [name: default]
2026-08-23 13:11:57 [restartedMain] INFO  o.s.o.j.p.SpringPersistenceUnitInfo - No LoadTimeWeaver setup: ignoring JPA class transformer
2026-08-23 13:11:57 [restartedMain] INFO  o.hibernate.orm.connections.pooling - HHH10001005: Database info:
	Database JDBC URL [jdbc:sqlserver://localhost\desktop-sgfhgte\mssqlserver01:1433;connectRetryInterval=10;connectRetryCount=1;maxResultBuffer=-1;sendTemporalDataTypesAsStringForBulkCopy=true;delayLoadingLobs=true;useFmtOnly=false;useBulkCopyForBatchInsert=false;cancelQueryTimeout=-1;sslProtocol=TLS;jaasConfigurationName=SQLJDBCDriver;statementPoolingCacheSize=0;serverPreparedStatementDiscardThreshold=10;enablePrepareOnFirstPreparedStatementCall=false;fips=false;socketTimeout=0;authentication=NotSpecified;authenticationScheme=nativeAuthentication;xopenStates=false;datetimeParameterType=datetime2;sendTimeAsDatetime=true;replication=false;trustStoreType=JKS;trustServerCertificate=true;TransparentNetworkIPResolution=true;iPAddressPreference=IPv4First;serverNameAsACE=false;sendStringParametersAsUnicode=true;selectMethod=direct;responseBuffering=adaptive;queryTimeout=-1;packetSize=8000;multiSubnetFailover=false;loginTimeout=30;lockTimeout=-1;lastUpdateCount=true;prepareMethod=prepexec;encrypt=true;disableStatementPooling=true;databaseName=InfoLink;columnEncryptionSetting=Disabled;applicationName=Microsoft JDBC Driver for SQL Server;applicationIntent=readwrite;]
	Database driver: Microsoft JDBC Driver 12.3 for SQL Server
	Database dialect: SQLServerDialect
	Database version: 17.0
	Default catalog/schema: InfoLink/dbo
	Autocommit mode: undefined/unknown
	Isolation level: READ_COMMITTED [default READ_COMMITTED]
	JDBC fetch size: 128
	Pool: DataSourceConnectionProvider
	Minimum pool size: undefined/unknown
	Maximum pool size: undefined/unknown
2026-08-23 13:11:57 [restartedMain] INFO  org.hibernate.orm.core - HHH000489: No JTA platform available (set 'hibernate.transaction.jta.platform' to enable JTA platform integration)
2026-08-23 13:11:57 [restartedMain] INFO  o.s.o.j.LocalContainerEntityManagerFactoryBean - Initialized JPA EntityManagerFactory for persistence unit 'default'
2026-08-23 13:11:57 [restartedMain] INFO  o.s.s.c.a.a.c.InitializeUserDetailsBeanManagerConfigurer$InitializeUserDetailsManagerConfigurer - Global AuthenticationManager configured with UserDetailsService bean with name customUserDetailsService
2026-08-23 13:11:57 [restartedMain] INFO  org.mongodb.driver.client - MongoClient with metadata {"driver": {"name": "mongo-java-driver|spring-boot|sync", "version": "5.8.0"}, "os": {"type": "Windows", "name": "Windows 11", "architecture": "amd64", "version": "10.0"}, "platform": "Java/Oracle Corporation/26+35-2893"} created with settings MongoClientSettings{readPreference=primary, writeConcern=WriteConcern{w=null, wTimeout=null ms, journal=null}, retryWrites=true, retryReads=true, readConcern=ReadConcern{level=null}, credential=MongoCredential{mechanism=null, userName='InfoLink_MongoDB', source='admin', password=<hidden>, mechanismProperties=<hidden>}, transportSettings=null, commandListeners=[], codecRegistry=ProvidersCodecRegistry{codecProviders=[ValueCodecProvider{}, BsonValueCodecProvider{}, DBRefCodecProvider{}, DBObjectCodecProvider{}, DocumentCodecProvider{}, CollectionCodecProvider{}, IterableCodecProvider{}, MapCodecProvider{}, GeoJsonCodecProvider{}, GridFSFileCodecProvider{}, Jsr310CodecProvider{}, JsonObjectCodecProvider{}, BsonCodecProvider{}, com.mongodb.client.model.mql.ExpressionCodecProvider@5a985a47, com.mongodb.Jep395RecordCodecProvider@67863519, com.mongodb.KotlinCodecProvider@43c03b92, EnumCodecProvider{}]}, loggerSettings=LoggerSettings{maxDocumentLength=1000}, clusterSettings={hosts=[127.0.0.1:27017], srvHost=infolink.asvuqjh.mongodb.net, srvServiceName=mongodb, mode=MULTIPLE, requiredClusterType=REPLICA_SET, requiredReplicaSetName='atlas-e4nrak-shard-0', serverSelector='null', clusterListeners='[]', serverSelectionTimeout='30000 ms', localThreshold='15 ms'}, socketSettings=SocketSettings{connectTimeoutMS=10000, readTimeoutMS=0, receiveBufferSize=0, proxySettings=ProxySettings{host=null, port=null, username=null, password=null}}, heartbeatSocketSettings=SocketSettings{connectTimeoutMS=10000, readTimeoutMS=10000, receiveBufferSize=0, proxySettings=ProxySettings{host=null, port=null, username=null, password=null}}, connectionPoolSettings=ConnectionPoolSettings{maxSize=100, minSize=0, maxWaitTimeMS=120000, maxConnectionLifeTimeMS=0, maxConnectionIdleTimeMS=0, maintenanceInitialDelayMS=0, maintenanceFrequencyMS=60000, connectionPoolListeners=[], maxConnecting=2}, serverSettings=ServerSettings{heartbeatFrequencyMS=10000, minHeartbeatFrequencyMS=500, serverMonitoringMode=AUTO, serverListeners='[]', serverMonitorListeners='[]'}, sslSettings=SslSettings{enabled=true, invalidHostNameAllowed=false, context=null}, applicationName='null', compressorList=[], uuidRepresentation=UNSPECIFIED, serverApi=null, autoEncryptionSettings=null, dnsClient=null, inetAddressResolver=null, contextProvider=null, timeoutMS=null}
2026-08-23 13:11:57 [cluster-ClusterId{value='6a8ac76dd9a363d55946ade1', description='null'}-srv-infolink.asvuqjh.mongodb.net] INFO  org.mongodb.driver.cluster - Adding discovered server ac-lczobyt-shard-00-00.asvuqjh.mongodb.net:27017 to client view of cluster
2026-08-23 13:11:57 [cluster-ClusterId{value='6a8ac76dd9a363d55946ade1', description='null'}-srv-infolink.asvuqjh.mongodb.net] INFO  org.mongodb.driver.cluster - Adding discovered server ac-lczobyt-shard-00-01.asvuqjh.mongodb.net:27017 to client view of cluster
2026-08-23 13:11:57 [cluster-ClusterId{value='6a8ac76dd9a363d55946ade1', description='null'}-srv-infolink.asvuqjh.mongodb.net] INFO  org.mongodb.driver.cluster - Adding discovered server ac-lczobyt-shard-00-02.asvuqjh.mongodb.net:27017 to client view of cluster
2026-08-23 13:11:58 [cluster-6a8ac76dd9a363d55946ade1-ac-lczobyt-shard-00-00.asvuqjh.mongodb.net:27017] INFO  org.mongodb.driver.cluster - Monitor thread successfully connected to server with description ServerDescription{address=ac-lczobyt-shard-00-00.asvuqjh.mongodb.net:27017, type=REPLICA_SET_SECONDARY, cryptd=false, state=CONNECTED, ok=true, minWireVersion=0, maxWireVersion=25, maxDocumentSize=16777216, logicalSessionTimeoutMinutes=30, roundTripTimeNanos=168289900, minRoundTripTimeNanos=0, setName='atlas-e4nrak-shard-0', canonicalAddress=ac-lczobyt-shard-00-00.asvuqjh.mongodb.net:27017, hosts=[ac-lczobyt-shard-00-01.asvuqjh.mongodb.net:27017, ac-lczobyt-shard-00-02.asvuqjh.mongodb.net:27017, ac-lczobyt-shard-00-00.asvuqjh.mongodb.net:27017], passives=[], arbiters=[], primary='ac-lczobyt-shard-00-01.asvuqjh.mongodb.net:27017', tagSet=TagSet{[Tag{name='availabilityZone', value='euc1-az2'}, Tag{name='cacheState', value='READY'}, Tag{name='diskState', value='READY'}, Tag{name='nodeType', value='ELECTABLE'}, Tag{name='provider', value='AWS'}, Tag{name='region', value='EU_CENTRAL_1'}, Tag{name='workloadType', value='OPERATIONAL'}]}, electionId=null, setVersion=439, topologyVersion=TopologyVersion{processId=6a7b65216f65f70e7a6ea947, counter=10}, lastWriteDate=Sun Aug 23 13:11:57 EEST 2026, lastUpdateTimeNanos=11943994754700}
2026-08-23 13:11:58 [cluster-6a8ac76dd9a363d55946ade1-ac-lczobyt-shard-00-01.asvuqjh.mongodb.net:27017] INFO  org.mongodb.driver.cluster - Monitor thread successfully connected to server with description ServerDescription{address=ac-lczobyt-shard-00-01.asvuqjh.mongodb.net:27017, type=REPLICA_SET_PRIMARY, cryptd=false, state=CONNECTED, ok=true, minWireVersion=0, maxWireVersion=25, maxDocumentSize=16777216, logicalSessionTimeoutMinutes=30, roundTripTimeNanos=166600000, minRoundTripTimeNanos=0, setName='atlas-e4nrak-shard-0', canonicalAddress=ac-lczobyt-shard-00-01.asvuqjh.mongodb.net:27017, hosts=[ac-lczobyt-shard-00-01.asvuqjh.mongodb.net:27017, ac-lczobyt-shard-00-02.asvuqjh.mongodb.net:27017, ac-lczobyt-shard-00-00.asvuqjh.mongodb.net:27017], passives=[], arbiters=[], primary='ac-lczobyt-shard-00-01.asvuqjh.mongodb.net:27017', tagSet=TagSet{[Tag{name='availabilityZone', value='euc1-az3'}, Tag{name='cacheState', value='READY'}, Tag{name='diskState', value='READY'}, Tag{name='nodeType', value='ELECTABLE'}, Tag{name='provider', value='AWS'}, Tag{name='region', value='EU_CENTRAL_1'}, Tag{name='workloadType', value='OPERATIONAL'}]}, electionId=7fffffff0000000000000462, setVersion=439, topologyVersion=TopologyVersion{processId=6a7b675525e46ec341e1ae14, counter=10}, lastWriteDate=Sun Aug 23 13:11:57 EEST 2026, lastUpdateTimeNanos=11943994728000}
2026-08-23 13:11:58 [cluster-6a8ac76dd9a363d55946ade1-ac-lczobyt-shard-00-01.asvuqjh.mongodb.net:27017] INFO  org.mongodb.driver.cluster - Discovered replica set primary ac-lczobyt-shard-00-01.asvuqjh.mongodb.net:27017 with max election id 7fffffff0000000000000462 and max set version 439
2026-08-23 13:11:58 [cluster-6a8ac76dd9a363d55946ade1-ac-lczobyt-shard-00-02.asvuqjh.mongodb.net:27017] INFO  org.mongodb.driver.cluster - Monitor thread successfully connected to server with description ServerDescription{address=ac-lczobyt-shard-00-02.asvuqjh.mongodb.net:27017, type=REPLICA_SET_SECONDARY, cryptd=false, state=CONNECTED, ok=true, minWireVersion=0, maxWireVersion=25, maxDocumentSize=16777216, logicalSessionTimeoutMinutes=30, roundTripTimeNanos=163096300, minRoundTripTimeNanos=0, setName='atlas-e4nrak-shard-0', canonicalAddress=ac-lczobyt-shard-00-02.asvuqjh.mongodb.net:27017, hosts=[ac-lczobyt-shard-00-01.asvuqjh.mongodb.net:27017, ac-lczobyt-shard-00-02.asvuqjh.mongodb.net:27017, ac-lczobyt-shard-00-00.asvuqjh.mongodb.net:27017], passives=[], arbiters=[], primary='ac-lczobyt-shard-00-01.asvuqjh.mongodb.net:27017', tagSet=TagSet{[Tag{name='availabilityZone', value='euc1-az1'}, Tag{name='cacheState', value='READY'}, Tag{name='diskState', value='READY'}, Tag{name='nodeType', value='ELECTABLE'}, Tag{name='provider', value='AWS'}, Tag{name='region', value='EU_CENTRAL_1'}, Tag{name='workloadType', value='OPERATIONAL'}]}, electionId=null, setVersion=439, topologyVersion=TopologyVersion{processId=6a7b69ff648c4799e74e664f, counter=5}, lastWriteDate=Sun Aug 23 13:11:57 EEST 2026, lastUpdateTimeNanos=11944000242000}
2026-08-23 13:11:58 [restartedMain] INFO  o.a.coyote.http11.Http11NioProtocol - Starting ProtocolHandler ["http-nio-8080"]
2026-08-23 13:11:58 [restartedMain] INFO  o.s.boot.tomcat.TomcatWebServer - Tomcat started on port 8080 (http) with context path '/'
2026-08-23 13:11:58 [restartedMain] INFO  com.InfoLink.InfoLinkApplication - Started InfoLinkApplication in 3.326 seconds (process running for 1816.589)
2026-08-23 13:11:58 [restartedMain] INFO  o.s.b.d.a.ConditionEvaluationDeltaLoggingListener - Condition evaluation unchanged
2026-08-23 13:12:23 [File Watcher] INFO  o.s.b.d.a.LocalDevToolsAutoConfiguration$RestartingClassPathChangeChangedEventListener - Restarting due to 1 class path change (0 additions, 0 deletions, 1 modification)
2026-08-23 13:12:23 [Thread-45] INFO  o.s.boot.tomcat.GracefulShutdown - Commencing graceful shutdown. Waiting for active requests to complete
2026-08-23 13:12:23 [tomcat-shutdown] INFO  o.a.coyote.http11.Http11NioProtocol - Pausing ProtocolHandler ["http-nio-8080"]
2026-08-23 13:12:23 [tomcat-shutdown] INFO  o.s.boot.tomcat.GracefulShutdown - Graceful shutdown complete
2026-08-23 13:12:23 [Thread-45] INFO  o.a.coyote.http11.Http11NioProtocol - Stopping ProtocolHandler ["http-nio-8080"]
2026-08-23 13:12:23 [Thread-45] INFO  o.s.o.j.LocalContainerEntityManagerFactoryBean - Closing JPA EntityManagerFactory for persistence unit 'default'
2026-08-23 13:12:23 [Thread-45] INFO  com.zaxxer.hikari.HikariDataSource - HikariPool-12 - Shutdown initiated...
2026-08-23 13:12:23 [Thread-45] INFO  com.zaxxer.hikari.HikariDataSource - HikariPool-12 - Shutdown completed.
2026-08-23 13:12:23 [restartedMain] INFO  com.InfoLink.InfoLinkApplication - Starting InfoLinkApplication using Java 26 with PID 17232 (D:\AIB-Projects\InfoLink\BackEnd\target\classes started by New in d:\AIB-Projects\InfoLink)
2026-08-23 13:12:23 [restartedMain] INFO  com.InfoLink.InfoLinkApplication - No active profile set, falling back to 1 default profile: "default"
2026-08-23 13:12:23 [restartedMain] INFO  o.s.d.r.c.RepositoryConfigurationDelegate - Multiple Spring Data modules found, entering strict repository configuration mode
2026-08-23 13:12:23 [restartedMain] INFO  o.s.d.r.c.RepositoryConfigurationDelegate - Bootstrapping Spring Data JPA repositories in DEFAULT mode.
2026-08-23 13:12:23 [restartedMain] INFO  o.s.d.r.c.RepositoryConfigurationDelegate - Finished Spring Data repository scanning in 36 ms. Found 5 JPA repository interfaces.
2026-08-23 13:12:23 [restartedMain] INFO  o.s.d.r.c.RepositoryConfigurationDelegate - Multiple Spring Data modules found, entering strict repository configuration mode
2026-08-23 13:12:23 [restartedMain] INFO  o.s.d.r.c.RepositoryConfigurationDelegate - Bootstrapping Spring Data MongoDB repositories in DEFAULT mode.
2026-08-23 13:12:23 [restartedMain] INFO  o.s.d.r.c.RepositoryConfigurationExtensionSupport - Spring Data MongoDB - Could not safely identify store assignment for repository candidate interface com.InfoLink.repository.GroupRepository; If you want this repository to be a MongoDB repository, consider annotating your entities with one of these annotations: org.springframework.data.mongodb.core.mapping.Document (preferred), or consider extending one of the following types with your repository: org.springframework.data.mongodb.repository.MongoRepository
2026-08-23 13:12:23 [restartedMain] INFO  o.s.d.r.c.RepositoryConfigurationExtensionSupport - Spring Data MongoDB - Could not safely identify store assignment for repository candidate interface com.InfoLink.repository.GroupsCollectionsRepository; If you want this repository to be a MongoDB repository, consider annotating your entities with one of these annotations: org.springframework.data.mongodb.core.mapping.Document (preferred), or consider extending one of the following types with your repository: org.springframework.data.mongodb.repository.MongoRepository
2026-08-23 13:12:23 [restartedMain] INFO  o.s.d.r.c.RepositoryConfigurationExtensionSupport - Spring Data MongoDB - Could not safely identify store assignment for repository candidate interface com.InfoLink.repository.LogRepository; If you want this repository to be a MongoDB repository, consider annotating your entities with one of these annotations: org.springframework.data.mongodb.core.mapping.Document (preferred), or consider extending one of the following types with your repository: org.springframework.data.mongodb.repository.MongoRepository
2026-08-23 13:12:23 [restartedMain] INFO  o.s.d.r.c.RepositoryConfigurationExtensionSupport - Spring Data MongoDB - Could not safely identify store assignment for repository candidate interface com.InfoLink.repository.RefreshTokenRepository; If you want this repository to be a MongoDB repository, consider annotating your entities with one of these annotations: org.springframework.data.mongodb.core.mapping.Document (preferred), or consider extending one of the following types with your repository: org.springframework.data.mongodb.repository.MongoRepository
2026-08-23 13:12:23 [restartedMain] INFO  o.s.d.r.c.RepositoryConfigurationExtensionSupport - Spring Data MongoDB - Could not safely identify store assignment for repository candidate interface com.InfoLink.repository.UserRepository; If you want this repository to be a MongoDB repository, consider annotating your entities with one of these annotations: org.springframework.data.mongodb.core.mapping.Document (preferred), or consider extending one of the following types with your repository: org.springframework.data.mongodb.repository.MongoRepository
2026-08-23 13:12:23 [restartedMain] INFO  o.s.d.r.c.RepositoryConfigurationDelegate - Finished Spring Data repository scanning in 11 ms. Found 0 MongoDB repository interfaces.
2026-08-23 13:12:23 [restartedMain] INFO  o.s.boot.tomcat.TomcatWebServer - Tomcat initialized with port 8080 (http)
2026-08-23 13:12:23 [restartedMain] INFO  o.a.coyote.http11.Http11NioProtocol - Initializing ProtocolHandler ["http-nio-8080"]
2026-08-23 13:12:23 [restartedMain] INFO  o.a.catalina.core.StandardService - Starting service [Tomcat]
2026-08-23 13:12:23 [restartedMain] INFO  o.a.catalina.core.StandardEngine - Starting Servlet engine: [Apache Tomcat/11.0.22]
2026-08-23 13:12:23 [restartedMain] INFO  o.s.b.w.c.s.WebApplicationContextInitializer - Root WebApplicationContext: initialization completed in 473 ms
2026-08-23 13:12:23 [restartedMain] INFO  com.zaxxer.hikari.HikariDataSource - HikariPool-13 - Starting...
2026-08-23 13:12:24 [restartedMain] INFO  com.zaxxer.hikari.pool.HikariPool - HikariPool-13 - Added connection ConnectionID:91 ClientConnectionId: 7e2ed1d9-f283-48f5-86eb-586e2eecd198
2026-08-23 13:12:24 [restartedMain] INFO  com.zaxxer.hikari.HikariDataSource - HikariPool-13 - Start completed.
2026-08-23 13:12:24 [restartedMain] INFO  org.hibernate.orm.jpa - HHH008540: Processing PersistenceUnitInfo [name: default]
2026-08-23 13:12:24 [restartedMain] INFO  o.s.o.j.p.SpringPersistenceUnitInfo - No LoadTimeWeaver setup: ignoring JPA class transformer
2026-08-23 13:12:24 [restartedMain] INFO  o.hibernate.orm.connections.pooling - HHH10001005: Database info:
	Database JDBC URL [jdbc:sqlserver://localhost\desktop-sgfhgte\mssqlserver01:1433;connectRetryInterval=10;connectRetryCount=1;maxResultBuffer=-1;sendTemporalDataTypesAsStringForBulkCopy=true;delayLoadingLobs=true;useFmtOnly=false;useBulkCopyForBatchInsert=false;cancelQueryTimeout=-1;sslProtocol=TLS;jaasConfigurationName=SQLJDBCDriver;statementPoolingCacheSize=0;serverPreparedStatementDiscardThreshold=10;enablePrepareOnFirstPreparedStatementCall=false;fips=false;socketTimeout=0;authentication=NotSpecified;authenticationScheme=nativeAuthentication;xopenStates=false;datetimeParameterType=datetime2;sendTimeAsDatetime=true;replication=false;trustStoreType=JKS;trustServerCertificate=true;TransparentNetworkIPResolution=true;iPAddressPreference=IPv4First;serverNameAsACE=false;sendStringParametersAsUnicode=true;selectMethod=direct;responseBuffering=adaptive;queryTimeout=-1;packetSize=8000;multiSubnetFailover=false;loginTimeout=30;lockTimeout=-1;lastUpdateCount=true;prepareMethod=prepexec;encrypt=true;disableStatementPooling=true;databaseName=InfoLink;columnEncryptionSetting=Disabled;applicationName=Microsoft JDBC Driver for SQL Server;applicationIntent=readwrite;]
	Database driver: Microsoft JDBC Driver 12.3 for SQL Server
	Database dialect: SQLServerDialect
	Database version: 17.0
	Default catalog/schema: InfoLink/dbo
	Autocommit mode: undefined/unknown
	Isolation level: READ_COMMITTED [default READ_COMMITTED]
	JDBC fetch size: 128
	Pool: DataSourceConnectionProvider
	Minimum pool size: undefined/unknown
	Maximum pool size: undefined/unknown
2026-08-23 13:12:24 [restartedMain] INFO  org.hibernate.orm.core - HHH000489: No JTA platform available (set 'hibernate.transaction.jta.platform' to enable JTA platform integration)
2026-08-23 13:12:24 [restartedMain] INFO  o.s.o.j.LocalContainerEntityManagerFactoryBean - Initialized JPA EntityManagerFactory for persistence unit 'default'
2026-08-23 13:12:24 [restartedMain] INFO  o.s.s.c.a.a.c.InitializeUserDetailsBeanManagerConfigurer$InitializeUserDetailsManagerConfigurer - Global AuthenticationManager configured with UserDetailsService bean with name customUserDetailsService
2026-08-23 13:12:24 [restartedMain] INFO  org.mongodb.driver.client - MongoClient with metadata {"driver": {"name": "mongo-java-driver|spring-boot|sync", "version": "5.8.0"}, "os": {"type": "Windows", "name": "Windows 11", "architecture": "amd64", "version": "10.0"}, "platform": "Java/Oracle Corporation/26+35-2893"} created with settings MongoClientSettings{readPreference=primary, writeConcern=WriteConcern{w=null, wTimeout=null ms, journal=null}, retryWrites=true, retryReads=true, readConcern=ReadConcern{level=null}, credential=MongoCredential{mechanism=null, userName='InfoLink_MongoDB', source='admin', password=<hidden>, mechanismProperties=<hidden>}, transportSettings=null, commandListeners=[], codecRegistry=ProvidersCodecRegistry{codecProviders=[ValueCodecProvider{}, BsonValueCodecProvider{}, DBRefCodecProvider{}, DBObjectCodecProvider{}, DocumentCodecProvider{}, CollectionCodecProvider{}, IterableCodecProvider{}, MapCodecProvider{}, GeoJsonCodecProvider{}, GridFSFileCodecProvider{}, Jsr310CodecProvider{}, JsonObjectCodecProvider{}, BsonCodecProvider{}, com.mongodb.client.model.mql.ExpressionCodecProvider@5a985a47, com.mongodb.Jep395RecordCodecProvider@67863519, com.mongodb.KotlinCodecProvider@43c03b92, EnumCodecProvider{}]}, loggerSettings=LoggerSettings{maxDocumentLength=1000}, clusterSettings={hosts=[127.0.0.1:27017], srvHost=infolink.asvuqjh.mongodb.net, srvServiceName=mongodb, mode=MULTIPLE, requiredClusterType=REPLICA_SET, requiredReplicaSetName='atlas-e4nrak-shard-0', serverSelector='null', clusterListeners='[]', serverSelectionTimeout='30000 ms', localThreshold='15 ms'}, socketSettings=SocketSettings{connectTimeoutMS=10000, readTimeoutMS=0, receiveBufferSize=0, proxySettings=ProxySettings{host=null, port=null, username=null, password=null}}, heartbeatSocketSettings=SocketSettings{connectTimeoutMS=10000, readTimeoutMS=10000, receiveBufferSize=0, proxySettings=ProxySettings{host=null, port=null, username=null, password=null}}, connectionPoolSettings=ConnectionPoolSettings{maxSize=100, minSize=0, maxWaitTimeMS=120000, maxConnectionLifeTimeMS=0, maxConnectionIdleTimeMS=0, maintenanceInitialDelayMS=0, maintenanceFrequencyMS=60000, connectionPoolListeners=[], maxConnecting=2}, serverSettings=ServerSettings{heartbeatFrequencyMS=10000, minHeartbeatFrequencyMS=500, serverMonitoringMode=AUTO, serverListeners='[]', serverMonitorListeners='[]'}, sslSettings=SslSettings{enabled=true, invalidHostNameAllowed=false, context=null}, applicationName='null', compressorList=[], uuidRepresentation=UNSPECIFIED, serverApi=null, autoEncryptionSettings=null, dnsClient=null, inetAddressResolver=null, contextProvider=null, timeoutMS=null}
2026-08-23 13:12:24 [cluster-ClusterId{value='6a8ac788d9a363d55946ade2', description='null'}-srv-infolink.asvuqjh.mongodb.net] INFO  org.mongodb.driver.cluster - Adding discovered server ac-lczobyt-shard-00-00.asvuqjh.mongodb.net:27017 to client view of cluster
2026-08-23 13:12:24 [cluster-ClusterId{value='6a8ac788d9a363d55946ade2', description='null'}-srv-infolink.asvuqjh.mongodb.net] INFO  org.mongodb.driver.cluster - Adding discovered server ac-lczobyt-shard-00-01.asvuqjh.mongodb.net:27017 to client view of cluster
2026-08-23 13:12:24 [cluster-ClusterId{value='6a8ac788d9a363d55946ade2', description='null'}-srv-infolink.asvuqjh.mongodb.net] INFO  org.mongodb.driver.cluster - Adding discovered server ac-lczobyt-shard-00-02.asvuqjh.mongodb.net:27017 to client view of cluster
2026-08-23 13:12:24 [cluster-6a8ac788d9a363d55946ade2-ac-lczobyt-shard-00-00.asvuqjh.mongodb.net:27017] INFO  org.mongodb.driver.cluster - Monitor thread successfully connected to server with description ServerDescription{address=ac-lczobyt-shard-00-00.asvuqjh.mongodb.net:27017, type=REPLICA_SET_SECONDARY, cryptd=false, state=CONNECTED, ok=true, minWireVersion=0, maxWireVersion=25, maxDocumentSize=16777216, logicalSessionTimeoutMinutes=30, roundTripTimeNanos=129169400, minRoundTripTimeNanos=0, setName='atlas-e4nrak-shard-0', canonicalAddress=ac-lczobyt-shard-00-00.asvuqjh.mongodb.net:27017, hosts=[ac-lczobyt-shard-00-01.asvuqjh.mongodb.net:27017, ac-lczobyt-shard-00-02.asvuqjh.mongodb.net:27017, ac-lczobyt-shard-00-00.asvuqjh.mongodb.net:27017], passives=[], arbiters=[], primary='ac-lczobyt-shard-00-01.asvuqjh.mongodb.net:27017', tagSet=TagSet{[Tag{name='availabilityZone', value='euc1-az2'}, Tag{name='cacheState', value='READY'}, Tag{name='diskState', value='READY'}, Tag{name='nodeType', value='ELECTABLE'}, Tag{name='provider', value='AWS'}, Tag{name='region', value='EU_CENTRAL_1'}, Tag{name='workloadType', value='OPERATIONAL'}]}, electionId=null, setVersion=439, topologyVersion=TopologyVersion{processId=6a7b65216f65f70e7a6ea947, counter=10}, lastWriteDate=Sun Aug 23 13:12:24 EEST 2026, lastUpdateTimeNanos=11970877027600}
2026-08-23 13:12:24 [cluster-6a8ac788d9a363d55946ade2-ac-lczobyt-shard-00-01.asvuqjh.mongodb.net:27017] INFO  org.mongodb.driver.cluster - Monitor thread successfully connected to server with description ServerDescription{address=ac-lczobyt-shard-00-01.asvuqjh.mongodb.net:27017, type=REPLICA_SET_PRIMARY, cryptd=false, state=CONNECTED, ok=true, minWireVersion=0, maxWireVersion=25, maxDocumentSize=16777216, logicalSessionTimeoutMinutes=30, roundTripTimeNanos=126440600, minRoundTripTimeNanos=0, setName='atlas-e4nrak-shard-0', canonicalAddress=ac-lczobyt-shard-00-01.asvuqjh.mongodb.net:27017, hosts=[ac-lczobyt-shard-00-01.asvuqjh.mongodb.net:27017, ac-lczobyt-shard-00-02.asvuqjh.mongodb.net:27017, ac-lczobyt-shard-00-00.asvuqjh.mongodb.net:27017], passives=[], arbiters=[], primary='ac-lczobyt-shard-00-01.asvuqjh.mongodb.net:27017', tagSet=TagSet{[Tag{name='availabilityZone', value='euc1-az3'}, Tag{name='cacheState', value='READY'}, Tag{name='diskState', value='READY'}, Tag{name='nodeType', value='ELECTABLE'}, Tag{name='provider', value='AWS'}, Tag{name='region', value='EU_CENTRAL_1'}, Tag{name='workloadType', value='OPERATIONAL'}]}, electionId=7fffffff0000000000000462, setVersion=439, topologyVersion=TopologyVersion{processId=6a7b675525e46ec341e1ae14, counter=10}, lastWriteDate=Sun Aug 23 13:12:24 EEST 2026, lastUpdateTimeNanos=11970877744000}
2026-08-23 13:12:24 [restartedMain] INFO  o.a.coyote.http11.Http11NioProtocol - Starting ProtocolHandler ["http-nio-8080"]
2026-08-23 13:12:24 [cluster-6a8ac788d9a363d55946ade2-ac-lczobyt-shard-00-01.asvuqjh.mongodb.net:27017] INFO  org.mongodb.driver.cluster - Discovered replica set primary ac-lczobyt-shard-00-01.asvuqjh.mongodb.net:27017 with max election id 7fffffff0000000000000462 and max set version 439
2026-08-23 13:12:24 [restartedMain] INFO  o.s.boot.tomcat.TomcatWebServer - Tomcat started on port 8080 (http) with context path '/'
2026-08-23 13:12:24 [cluster-6a8ac788d9a363d55946ade2-ac-lczobyt-shard-00-02.asvuqjh.mongodb.net:27017] INFO  org.mongodb.driver.cluster - Monitor thread successfully connected to server with description ServerDescription{address=ac-lczobyt-shard-00-02.asvuqjh.mongodb.net:27017, type=REPLICA_SET_SECONDARY, cryptd=false, state=CONNECTED, ok=true, minWireVersion=0, maxWireVersion=25, maxDocumentSize=16777216, logicalSessionTimeoutMinutes=30, roundTripTimeNanos=126522600, minRoundTripTimeNanos=0, setName='atlas-e4nrak-shard-0', canonicalAddress=ac-lczobyt-shard-00-02.asvuqjh.mongodb.net:27017, hosts=[ac-lczobyt-shard-00-01.asvuqjh.mongodb.net:27017, ac-lczobyt-shard-00-02.asvuqjh.mongodb.net:27017, ac-lczobyt-shard-00-00.asvuqjh.mongodb.net:27017], passives=[], arbiters=[], primary='ac-lczobyt-shard-00-01.asvuqjh.mongodb.net:27017', tagSet=TagSet{[Tag{name='availabilityZone', value='euc1-az1'}, Tag{name='cacheState', value='READY'}, Tag{name='diskState', value='READY'}, Tag{name='nodeType', value='ELECTABLE'}, Tag{name='provider', value='AWS'}, Tag{name='region', value='EU_CENTRAL_1'}, Tag{name='workloadType', value='OPERATIONAL'}]}, electionId=null, setVersion=439, topologyVersion=TopologyVersion{processId=6a7b69ff648c4799e74e664f, counter=5}, lastWriteDate=Sun Aug 23 13:12:24 EEST 2026, lastUpdateTimeNanos=11970892398100}
2026-08-23 13:12:24 [restartedMain] INFO  com.InfoLink.InfoLinkApplication - Started InfoLinkApplication in 1.684 seconds (process running for 1843.208)
2026-08-23 13:12:24 [restartedMain] INFO  o.s.b.d.a.ConditionEvaluationDeltaLoggingListener - Condition evaluation unchanged
